,ds,trend,yhat_lower,yhat_upper,trend_lower,trend_upper,multiplicative_terms,multiplicative_terms_lower,multiplicative_terms_upper,yearly,yearly_lower,yearly_upper,additive_terms,additive_terms_lower,additive_terms_upper,yhat
0,2007-05-01,10.11751219044299,9.994870450266943,10.348564674043875,10.11751219044299,10.11751219044299,0.005012458725160651,0.005012458725160651,0.005012458725160651,0.005012458725160651,0.005012458725160651,0.005012458725160651,0.0,0.0,0.0,10.168225802698897
1,2007-06-01,10.047600569883494,9.661218778769001,10.030960830185833,10.047600569883494,10.047600569883494,-0.019152186725767077,-0.019152186725767077,-0.019152186725767077,-0.019152186725767077,-0.019152186725767077,-0.019152186725767077,0.0,0.0,0.0,9.855167047623162
2,2007-07-01,9.979944162890435,9.939490476751537,10.291822379282774,9.979944162890435,9.979944162890435,0.014335760289290109,0.014335760289290109,0.014335760289290109,0.014335760289290109,0.014335760289290109,0.014335760289290109,0.0,0.0,0.0,10.123014250110133
3,2007-08-01,9.91003254251135,9.987094005931747,10.334434756870476,9.91003254251135,9.91003254251135,0.025843283773236664,0.025843283773236664,0.025843283773236664,0.025843283773236664,0.025843283773236664,0.025843283773236664,0.0,0.0,0.0,10.166140325709483
4,2007-09-01,9.840120922132268,9.398729811122488,9.757673793304601,9.840120922132268,9.840120922132268,-0.026071528358535996,-0.026071528358535996,-0.026071528358535996,-0.026071528358535996,-0.026071528358535996,-0.026071528358535996,0.0,0.0,0.0,9.583573930459472
5,2007-10-01,9.772464515313802,9.216595465460603,9.575131785863126,9.772464515313802,9.772464515313802,-0.03802004414014231,-0.03802004414014231,-0.03802004414014231,-0.03802004414014231,-0.03802004414014231,-0.03802004414014231,0.0,0.0,0.0,9.400914983083597
6,2007-11-01,9.702552895139393,9.085483472999742,9.451546139781568,9.702552895139393,9.702552895139393,-0.04484207646380411,-0.04484207646380411,-0.04484207646380411,-0.04484207646380411,-0.04484207646380411,-0.04484207646380411,0.0,0.0,0.0,9.267470276321449
7,2007-12-01,9.634896488518997,9.167138278902186,9.52059666081798,9.634896488518997,9.634896488518997,-0.03040343639520423,-0.03040343639520423,-0.03040343639520423,-0.03040343639520423,-0.03040343639520423,-0.03040343639520423,0.0,0.0,0.0,9.341962525955934
8,2008-01-01,9.564984868872868,9.858933651702008,10.210161468716105,9.564984868872868,9.564984868872868,0.048791283138019746,0.048791283138019746,0.048791283138019746,0.048791283138019746,0.048791283138019746,0.048791283138019746,0.0,0.0,0.0,10.031672753820919
9,2008-02-01,9.495073249226738,9.687423261545009,10.034190273653302,9.495073249226738,9.495073249226738,0.039085096884566864,0.039085096884566864,0.039085096884566864,0.039085096884566864,0.039085096884566864,0.039085096884566864,0.0,0.0,0.0,9.866189107098824
10,2008-03-01,9.429672056654555,9.459283974284398,9.814424597672254,9.429672056654555,9.429672056654555,0.022477246841326515,0.022477246841326515,0.022477246841326515,0.022477246841326515,0.022477246841326515,0.022477246841326515,0.0,0.0,0.0,9.641625123104738
11,2008-04-01,9.370074293129523,9.507288838146286,9.861745158783036,9.370074293129523,9.370074293129523,0.0332988162298229,0.0332988162298229,0.0332988162298229,0.0332988162298229,0.0332988162298229,0.0332988162298229,0.0,0.0,0.0,9.682086675076231
12,2008-05-01,9.3123990381053,9.128931717437322,9.4806897818227,9.3123990381053,9.3123990381053,-0.0011100131756379625,-0.0011100131756379625,-0.0011100131756379625,-0.0011100131756379625,-0.0011100131756379625,-0.0011100131756379625,0.0,0.0,0.0,9.302062152476203
13,2008-06-01,9.275627864191732,8.962018728428204,9.31035151659452,9.275627864191732,9.275627864191732,-0.015687228078027436,-0.015687228078027436,-0.015687228078027436,-0.015687228078027436,-0.015687228078027436,-0.015687228078027436,0.0,0.0,0.0,9.130118974319249
14,2008-07-01,9.240042857178604,9.341720217974201,9.697448494945682,9.240042857178604,9.240042857178604,0.029905513643461383,0.029905513643461383,0.029905513643461383,0.029905513643461383,0.029905513643461383,0.029905513643461383,0.0,0.0,0.0,9.516371084910126
15,2008-08-01,9.227301973248153,9.119598338095162,9.479613174006507,9.227301973248153,9.227301973248153,0.007761998578723588,0.007761998578723588,0.007761998578723588,0.007761998578723588,0.007761998578723588,0.007761998578723588,0.0,0.0,0.0,9.29892427804996
16,2008-09-01,9.214561089317701,8.82152596757973,9.175429114748642,9.214561089317701,9.214561089317701,-0.02357772245693331,-0.02357772245693331,-0.02357772245693331,-0.02357772245693331,-0.02357772245693331,-0.02357772245693331,0.0,0.0,0.0,8.997302725391311
17,2008-10-01,9.202231201643073,8.69139993551112,9.053754867096233,9.202231201643073,9.202231201643073,-0.03452331315713972,-0.03452331315713972,-0.03452331315713972,-0.03452331315713972,-0.03452331315713972,-0.03452331315713972,0.0,0.0,0.0,8.884539692124347
18,2008-11-01,9.18949031790508,8.48481567421253,8.857080321166723,9.18949031790508,9.18949031790508,-0.056298260557284964,-0.056298260557284964,-0.056298260557284964,-0.056298260557284964,-0.056298260557284964,-0.056298260557284964,0.0,0.0,0.0,8.672137997599012
19,2008-12-01,9.177160430416698,8.771218007387636,9.121301623594416,9.177160430416698,9.177160430416698,-0.02505397810439821,-0.02505397810439821,-0.02505397810439821,-0.02505397810439821,-0.02505397810439821,-0.02505397810439821,0.0,0.0,0.0,8.947236053932489
20,2009-01-01,9.164419546798163,9.501422312586522,9.864970194124158,9.164419546798163,9.164419546798163,0.05724456219138731,0.05724456219138731,0.05724456219138731,0.05724456219138731,0.05724456219138731,0.05724456219138731,0.0,0.0,0.0,9.689032731492816
21,2009-02-01,9.151678663179627,9.469097009431382,9.814958364552819,9.151678663179627,9.151678663179627,0.05312872763607594,0.05312872763607594,0.05312872763607594,0.05312872763607594,0.05312872763607594,0.05312872763607594,0.0,0.0,0.0,9.637895706288585
22,2009-03-01,9.140170768298372,9.24532372893445,9.61179767605135,9.140170768298372,9.140170768298372,0.03211246500831405,0.03211246500831405,0.03211246500831405,0.03211246500831405,0.03211246500831405,0.03211246500831405,0.0,0.0,0.0,9.433684182265369
23,2009-04-01,9.127429883894152,9.219045545745116,9.558426452093318,9.127429883894152,9.127429883894152,0.02904233427191627,0.02904233427191627,0.02904233427191627,0.02904233427191627,0.02904233427191627,0.02904233427191627,0.0,0.0,0.0,9.392511753625685
24,2009-05-01,9.115099995761039,8.943101517448373,9.29407680883385,9.115099995761039,9.115099995761039,0.0009407306625971307,0.0009407306625971307,0.0009407306625971307,0.0009407306625971307,0.0009407306625971307,0.0009407306625971307,0.0,0.0,0.0,9.12367484981969
25,2009-06-01,9.102108242392195,8.773106403572204,9.124237400664684,9.102108242392195,9.102108242392195,-0.016781593111178567,-0.016781593111178567,-0.016781593111178567,-0.016781593111178567,-0.016781593111178567,-0.016781593111178567,0.0,0.0,0.0,8.949360365414464
26,2009-07-01,9.0895355778417,9.136799585345686,9.488964689966897,9.0895355778417,9.0895355778417,0.024628468231458353,0.024628468231458353,0.024628468231458353,0.024628468231458353,0.024628468231458353,0.024628468231458353,0.0,0.0,0.0,9.313396916059284
27,2009-08-01,9.076245339530907,9.01668058825749,9.381029289469568,9.076245339530907,9.076245339530907,0.013727061082844265,0.013727061082844265,0.013727061082844265,0.013727061082844265,0.013727061082844265,0.013727061082844265,0.0,0.0,0.0,9.200835513709528
28,2009-09-01,9.062955101220114,8.666136028190605,9.021495641692376,9.062955101220114,9.062955101220114,-0.024356033112270203,-0.024356033112270203,-0.024356033112270203,-0.024356033112270203,-0.024356033112270203,-0.024356033112270203,0.0,0.0,0.0,8.842217466679779
29,2009-10-01,9.050093580274186,8.551680741473469,8.907552321762626,9.050093580274186,9.050093580274186,-0.03572638494101188,-0.03572638494101188,-0.03572638494101188,-0.03572638494101188,-0.03572638494101188,-0.03572638494101188,0.0,0.0,0.0,8.72676645327313
30,2009-11-01,9.036059804402816,8.3861197985869,8.728574466111642,9.036059804402816,9.036059804402816,-0.0524658626040994,-0.0524658626040994,-0.0524658626040994,-0.0524658626040994,-0.0524658626040994,-0.0524658626040994,0.0,0.0,0.0,8.561975132222592
31,2009-12-01,9.02247873097891,8.611664464708612,8.958266700096688,9.02247873097891,9.02247873097891,-0.02674980737379399,-0.02674980737379399,-0.02674980737379399,-0.02674980737379399,-0.02674980737379399,-0.02674980737379399,0.0,0.0,0.0,8.781129162891071
32,2010-01-01,8.999473929569554,9.303700141361556,9.675032596804142,8.999473929569554,8.999473929569554,0.054466160226743214,0.054466160226743214,0.054466160226743214,0.054466160226743214,0.054466160226743214,0.054466160226743214,0.0,0.0,0.0,9.489640718573886
33,2010-02-01,8.976469128160199,9.225042834172086,9.578824674840888,8.976469128160199,8.976469128160199,0.04830241017580007,0.04830241017580007,0.04830241017580007,0.04830241017580007,0.04830241017580007,0.04830241017580007,0.0,0.0,0.0,9.410054221919
34,2010-03-01,8.955690597854975,9.15511065257714,9.502300068444438,8.955690597854975,8.955690597854975,0.04174572168233125,0.04174572168233125,0.04174572168233125,0.04174572168233125,0.04174572168233125,0.04174572168233125,0.0,0.0,0.0,9.329552365026098
35,2010-04-01,8.916029917751983,8.964497913188856,9.32292871387303,8.916029917751983,8.916029917751983,0.02467645834058166,0.02467645834058166,0.02467645834058166,0.02467645834058166,0.02467645834058166,0.02467645834058166,0.0,0.0,0.0,9.13604595858077
36,2010-05-01,8.877648614426507,8.714424060237526,9.080786303320997,8.877648614426507,8.877648614426507,0.0029817414873579418,0.0029817414873579418,0.0029817414873579418,0.0029817414873579418,0.0029817414873579418,0.0029817414873579418,0.0,0.0,0.0,8.904119467610327
37,2010-06-01,8.822575162064872,8.487667077802206,8.841611824895697,8.822575162064872,8.822575162064872,-0.017937326284909405,-0.017937326284909405,-0.017937326284909405,-0.017937326284909405,-0.017937326284909405,-0.017937326284909405,0.0,0.0,0.0,8.664321752709776
38,2010-07-01,8.769278272682643,8.771175488977386,9.12392652680428,8.769278272682643,8.769278272682643,0.019437017084983674,0.019437017084983674,0.019437017084983674,0.019437017084983674,0.019437017084983674,0.019437017084983674,0.0,0.0,0.0,8.939726884291751
39,2010-08-01,8.706608260458834,8.691681421874764,9.066753111100141,8.706608260458834,8.706608260458834,0.019755811961420136,0.019755811961420136,0.019755811961420136,0.019755811961420136,0.019755811961420136,0.019755811961420136,0.0,0.0,0.0,8.878614376074205
40,2010-09-01,8.643938248235024,8.24551814990419,8.600511664432945,8.643938248235024,8.643938248235024,-0.02518725576299314,-0.02518725576299314,-0.02518725576299314,-0.02518725576299314,-0.02518725576299314,-0.02518725576299314,0.0,0.0,0.0,8.426221164777209
41,2010-10-01,8.583289849308757,8.082788588180255,8.439483166203374,8.583289849308757,8.583289849308757,-0.03689211796866249,-0.03689211796866249,-0.03689211796866249,-0.03689211796866249,-0.03689211796866249,-0.03689211796866249,0.0,0.0,0.0,8.266634107628835
42,2010-11-01,8.520619835887986,7.932597273922464,8.292522998118882,8.520619835887986,8.520619835887986,-0.04864586900397576,-0.04864586900397576,-0.04864586900397576,-0.04864586900397576,-0.04864586900397576,-0.04864586900397576,0.0,0.0,0.0,8.106126879518703
43,2010-12-01,8.459971435803368,8.040800782003883,8.384237664503324,8.459971435803368,8.459971435803368,-0.028533465678892478,-0.028533465678892478,-0.028533465678892478,-0.028533465678892478,-0.028533465678892478,-0.028533465678892478,0.0,0.0,0.0,8.218579131195462
44,2011-01-01,8.397301422606143,8.647819088600967,9.006891002632537,8.397301422606143,8.397301422606143,0.0516468779745633,0.0516468779745633,0.0516468779745633,0.0516468779745633,0.0516468779745633,0.0516468779745633,0.0,0.0,0.0,8.83099582449511
45,2011-02-01,8.334631409408914,8.522637781368257,8.870599993047596,8.334631409408914,8.334631409408914,0.04361969830092313,0.04361969830092313,0.04361969830092313,0.04361969830092313,0.04361969830092313,0.04361969830092313,0.0,0.0,0.0,8.698185516936729
46,2011-03-01,8.278026236198517,8.524425115037447,8.889410646085652,8.278026236198517,8.278026236198517,0.05136756186378399,0.05136756186378399,0.05136756186378399,0.05136756186378399,0.05136756186378399,0.05136756186378399,0.0,0.0,0.0,8.703248260996471
47,2011-04-01,8.21535622281367,8.197871257082767,8.552646210769085,8.21535622281367,8.21535622281367,0.02020313527868952,0.02020313527868952,0.02020313527868952,0.02020313527868952,0.02020313527868952,0.02020313527868952,0.0,0.0,0.0,8.381332175945799
48,2011-05-01,8.154707822763815,8.017084160436374,8.390933751525889,8.154707822763815,8.154707822763815,0.0050124587251425545,0.0050124587251425545,0.0050124587251425545,0.0050124587251425545,0.0050124587251425545,0.0050124587251425545,0.0,0.0,0.0,8.195582959141015
49,2011-06-01,8.092037809708373,7.758133916044965,8.111647162065724,8.092037809708373,8.092037809708373,-0.019152186725747613,-0.019152186725747613,-0.019152186725747613,-0.019152186725747613,-0.019152186725747613,-0.019152186725747613,0.0,0.0,0.0,7.937057590585028
50,2011-07-01,8.031389409977297,7.962993119136712,8.339353293406424,8.031389409977297,8.031389409977297,0.014335760289309517,0.014335760289309517,0.014335760289309517,0.014335760289309517,0.014335760289309517,0.014335760289309517,0.0,0.0,0.0,8.14652548334883
51,2011-08-01,7.968719397102339,7.99185114972593,8.3458036136701,7.968719397102339,7.968719397102339,0.025843283773200006,0.025843283773200006,0.025843283773200006,0.025843283773200006,0.025843283773200006,0.025843283773200006,0.0,0.0,0.0,8.17465727379066
52,2011-09-01,7.906049384227379,7.531067575402506,7.877104335381556,7.906049384227379,7.906049384227379,-0.0260715283585105,-0.0260715283585105,-0.0260715283585105,-0.0260715283585105,-0.0260715283585105,-0.0260715283585105,0.0,0.0,0.0,7.699926593502711
53,2011-10-01,7.845400984670967,7.3752122541361285,7.742541002566893,7.845400984670967,7.845400984670967,-0.03802004414011452,-0.03802004414011452,-0.03802004414011452,-0.03802004414011452,-0.03802004414011452,-0.03802004414011452,0.0,0.0,0.0,7.547118492936879
54,2011-11-01,7.783549568794728,7.2780876283144185,7.611943906627524,7.783549568794728,7.783549568794728,-0.04484207646379154,-0.04484207646379154,-0.04484207646379154,-0.04484207646379154,-0.04484207646379154,-0.04484207646379154,0.0,0.0,0.0,7.434519043871123
55,2011-12-01,7.723693359882238,7.289961152941404,7.668900194966735,7.723693359882238,7.723693359882238,-0.03040343639522649,-0.03040343639522649,-0.03040343639522649,-0.03040343639522649,-0.03040343639522649,-0.03040343639522649,0.0,0.0,0.0,7.488866540078825
56,2012-01-01,7.664691256968461,7.8632819108353065,8.208102758952139,7.664691256968461,7.664691256968461,0.048791283138034255,0.048791283138034255,0.048791283138034255,0.048791283138034255,0.048791283138034255,0.048791283138034255,0.0,0.0,0.0,8.038661378252824
57,2012-02-01,7.605689154054685,7.73039573639107,8.080730368219434,7.605689154054685,7.605689154054685,0.03908509688455249,0.03908509688455249,0.03908509688455249,0.03908509688455249,0.03908509688455249,0.03908509688455249,0.0,0.0,0.0,7.902958251514702
58,2012-03-01,7.550493638425668,7.532462390411144,7.897042592350872,7.550493638425668,7.550493638425668,0.02247724684136429,0.02247724684136429,0.02247724684136429,0.02247724684136429,0.02247724684136429,0.02247724684136429,0.0,0.0,0.0,7.720207947710713
59,2012-04-01,7.499303415885961,7.571492765575543,7.92816143068944,7.499303415885961,7.499303415885961,0.03329881622981846,0.03329881622981846,0.03329881622981846,0.03329881622981846,0.03329881622981846,0.03329881622981846,0.0,0.0,0.0,7.749021342183197
60,2012-05-01,7.449764490847533,7.267162609692847,7.619472091533562,7.449764490847533,7.449764490847533,-0.0011100131756327028,-0.0011100131756327028,-0.0011100131756327028,-0.0011100131756327028,-0.0011100131756327028,-0.0011100131756327028,0.0,0.0,0.0,7.441495154107332
61,2012-06-01,7.409227459177061,7.12086865405588,7.477886873564184,7.409227459177061,7.409227459177061,-0.015687228078033827,-0.015687228078033827,-0.015687228078033827,-0.015687228078033827,-0.015687228078033827,-0.015687228078033827,0.0,0.0,0.0,7.2929972181429195
62,2012-07-01,7.369998073689509,7.405131530735874,7.77373459115326,7.369998073689509,7.369998073689509,0.029905513643515937,0.029905513643515937,0.029905513643515937,0.029905513643515937,0.029905513643515937,0.029905513643515937,0.0,0.0,0.0,7.5904016516349175
63,2012-08-01,7.339764257811749,7.220651890755651,7.584056015183605,7.339764257811749,7.339764257811749,0.007761998578711571,0.007761998578711571,0.007761998578711571,0.007761998578711571,0.007761998578711571,0.007761998578711571,0.0,0.0,0.0,7.396735497548962
64,2012-09-01,7.309530441933988,6.976136398720899,7.313202568029707,7.309530441933988,7.309530441933988,-0.023577722456916396,-0.023577722456916396,-0.023577722456916396,-0.023577722456916396,-0.023577722456916396,-0.023577722456916396,0.0,0.0,0.0,7.137188361883687
65,2012-10-01,7.28027191043938,6.852433234606474,7.210642279084925,7.28027191043938,7.28027191043938,-0.03452331315712557,-0.03452331315712557,-0.03452331315712557,-0.03452331315712557,-0.03452331315712557,-0.03452331315712557,0.0,0.0,0.0,7.028932803406256
66,2012-11-01,7.253527834881797,6.6802416543045435,7.03328441531005,7.253527834881797,7.253527834881797,-0.05629826055727488,-0.05629826055727488,-0.05629826055727488,-0.05629826055727488,-0.05629826055727488,-0.05629826055727488,0.0,0.0,0.0,6.845166834874176
67,2012-12-01,7.227646471438973,6.868663531070733,7.214559324168429,7.227646471438973,7.227646471438973,-0.02505397810438824,-0.02505397810438824,-0.02505397810438824,-0.02505397810438824,-0.02505397810438824,-0.02505397810438824,0.0,0.0,0.0,7.046565174997282
68,2013-01-01,7.201310512996428,7.438591984667724,7.7886336262117775,7.201310512996428,7.201310512996428,0.05724456219136188,0.05724456219136188,0.05724456219136188,0.05724456219136188,0.05724456219136188,0.05724456219136188,0.0,0.0,0.0,7.6135463805169605
69,2013-02-01,7.1749745545538826,7.392431983829026,7.738617579220843,7.1749745545538826,7.1749745545538826,0.05312872763609629,0.05312872763609629,0.05312872763609629,0.05312872763609629,0.05312872763609629,0.05312872763609629,0.0,0.0,0.0,7.556171823458698
70,2013-03-01,7.15118723725094,7.2104366183379245,7.561646970760908,7.15118723725094,7.15118723725094,0.03211246500831469,0.03211246500831469,0.03211246500831469,0.03211246500831469,0.03211246500831469,0.03211246500831469,0.0,0.0,0.0,7.380829487175067
71,2013-04-01,7.125308636468512,7.167588981125618,7.502437719369078,7.125308636468512,7.125308636468512,0.029042334271931806,0.029042334271931806,0.029042334271931806,0.029042334271931806,0.029042334271931806,0.029042334271931806,0.0,0.0,0.0,7.332244231679512
72,2013-05-01,7.100264829259712,6.928194059625725,7.27376654310457,7.100264829259712,7.100264829259712,0.0009407306626024597,0.0009407306626024597,0.0009407306626024597,0.0009407306626024597,0.0009407306626024597,0.0009407306626024597,0.0,0.0,0.0,7.1069442660971935
73,2013-06-01,7.07453082628241,6.777039447042817,7.143906576045451,7.07453082628241,7.07453082628241,-0.016781593111175407,-0.016781593111175407,-0.016781593111175407,-0.016781593111175407,-0.016781593111175407,-0.016781593111175407,0.0,0.0,0.0,6.955808928503271
74,2013-07-01,7.0496269524334085,7.042331319623835,7.394164530895782,7.0496269524334085,7.0496269524334085,0.024628468231436627,0.024628468231436627,0.024628468231436627,0.024628468231436627,0.024628468231436627,0.024628468231436627,0.0,0.0,0.0,7.223248465874894
75,2013-08-01,7.023892949882207,6.9519081387647805,7.287865091512075,7.023892949882207,7.023892949882207,0.013727061082818143,0.013727061082818143,0.013727061082818143,0.013727061082818143,0.013727061082818143,0.013727061082818143,0.0,0.0,0.0,7.120310357444415
76,2013-09-01,6.998158947331006,6.6559392027537525,7.008385661122485,6.998158947331006,6.998158947331006,-0.024356033112285406,-0.024356033112285406,-0.024356033112285406,-0.024356033112285406,-0.024356033112285406,-0.024356033112285406,0.0,0.0,0.0,6.827711556284775
77,2013-10-01,6.97325507389436,6.54247955854089,6.891611129756557,6.97325507389436,6.97325507389436,-0.03572638494096242,-0.03572638494096242,-0.03572638494096242,-0.03572638494096242,-0.03572638494096242,-0.03572638494096242,0.0,0.0,0.0,6.724125878832891
78,2013-11-01,6.947521071373577,6.395931125080529,6.765290120074555,6.947521071373577,6.947521071373577,-0.052465862604103033,-0.052465862604103033,-0.052465862604103033,-0.052465862604103033,-0.052465862604103033,-0.052465862604103033,0.0,0.0,0.0,6.58301338540378
79,2013-12-01,6.922617197966371,6.559055842021559,6.907828564561807,6.922617197966371,6.922617197966371,-0.026749807373784504,-0.026749807373784504,-0.026749807373784504,-0.026749807373784504,-0.026749807373784504,-0.026749807373784504,0.0,0.0,0.0,6.737438521398323
80,2014-01-01,6.896883195049216,7.094043337636311,7.448545428844997,6.896883195049216,6.896883195049216,0.05446616022671404,0.05446616022671404,0.05446616022671404,0.05446616022671404,0.05446616022671404,0.05446616022671404,0.0,0.0,0.0,7.272529940215698
81,2014-02-01,6.871149192132063,7.015162349001508,7.384702291445774,6.871149192132063,6.871149192132063,0.04830241017579684,0.04830241017579684,0.04830241017579684,0.04830241017579684,0.04830241017579684,0.04830241017579684,0.0,0.0,0.0,7.203042258789522
82,2014-03-01,6.847905576593989,6.957637522397727,7.307703558013153,6.847905576593989,6.847905576593989,0.0417457216823857,0.0417457216823857,0.0417457216823857,0.0417457216823857,0.0417457216823857,0.0417457216823857,0.0,0.0,0.0,7.1337763369017395
83,2014-04-01,6.822171573824322,6.826463139565987,7.151175494671613,6.822171573824322,6.822171573824322,0.024676458340588646,0.024676458340588646,0.024676458340588646,0.024676458340588646,0.024676458340588646,0.024676458340588646,0.0,0.0,0.0,6.990518606458147
84,2014-05-01,6.797267700176256,6.6360104441422445,6.9735636754454156,6.797267700176256,6.797267700176256,0.0029817414873712506,0.0029817414873712506,0.0029817414873712506,0.0029817414873712506,0.0029817414873712506,0.0029817414873712506,0.0,0.0,0.0,6.8175353952786395
85,2014-06-01,6.771533696629315,6.468811098433023,6.824517700428893,6.771533696629315,6.771533696629315,-0.017937326284941206,-0.017937326284941206,-0.017937326284941206,-0.017937326284941206,-0.017937326284941206,-0.017937326284941206,0.0,0.0,0.0,6.6500704872634016
86,2014-07-01,6.746629822229048,6.7092990637190395,7.047918793114859,6.746629822229048,6.746629822229048,0.01943701708497983,0.01943701708497983,0.01943701708497983,0.01943701708497983,0.01943701708497983,0.01943701708497983,0.0,0.0,0.0,6.8777641813497485
87,2014-08-01,6.720895818513794,6.696425565861253,7.043384611811819,6.720895818513794,6.720895818513794,0.019755811961393872,0.019755811961393872,0.019755811961393872,0.019755811961393872,0.019755811961393872,0.019755811961393872,0.0,0.0,0.0,6.853672572516471
88,2014-09-01,6.695161814798542,6.354986115314365,6.712274171290037,6.695161814798542,6.695161814798542,-0.025187255762980885,-0.025187255762980885,-0.025187255762980885,-0.025187255762980885,-0.025187255762980885,-0.025187255762980885,0.0,0.0,0.0,6.526529061794668
89,2014-10-01,6.670257940235394,6.255443224443619,6.597000731480598,6.670257940235394,6.670257940235394,-0.036892117968636305,-0.036892117968636305,-0.036892117968636305,-0.036892117968636305,-0.036892117968636305,-0.036892117968636305,0.0,0.0,0.0,6.424177997422997
90,2014-11-01,6.644522307401573,6.145110362876781,6.497342515902909,6.644522307401573,6.644522307401573,-0.04864586900398897,-0.04864586900398897,-0.04864586900398897,-0.04864586900398897,-0.04864586900398897,-0.04864586900398897,0.0,0.0,0.0,6.321293745641634
91,2014-12-01,6.619616856272069,6.260515100172178,6.606674286921485,6.619616856272069,6.619616856272069,-0.02853346567889852,-0.02853346567889852,-0.02853346567889852,-0.02853346567889852,-0.02853346567889852,-0.02853346567889852,0.0,0.0,0.0,6.430736245896172
92,2015-01-01,6.59137742885619,6.752239277348424,7.103387722238564,6.59137742885619,6.59137742885619,0.0516468779745752,0.0516468779745752,0.0516468779745752,0.0516468779745752,0.0516468779745752,0.0516468779745752,0.0,0.0,0.0,6.9318014946086945
93,2015-02-01,6.563138001440311,6.671188320027103,7.022747364903412,6.563138001440311,6.563138001440311,0.04361969830093122,0.04361969830093122,0.04361969830093122,0.04361969830093122,0.04361969830093122,0.04361969830093122,0.0,0.0,0.0,6.849420100970514
94,2015-03-01,6.537631421838872,6.700875627082398,7.052888360884387,6.537631421838872,6.537631421838872,0.051367561863814054,0.051367561863814054,0.051367561863814054,0.051367561863814054,0.051367561863814054,0.051367561863814054,0.0,0.0,0.0,6.873453608342994
95,2015-04-01,6.508663281330224,6.46100181131847,6.813837705643891,6.508663281330224,6.508663281330224,0.02020313527866123,0.02020313527866123,0.02020313527866123,0.02020313527866123,0.02020313527866123,0.02020313527866123,0.0,0.0,0.0,6.640158686086194
96,2015-05-01,6.4806295969670185,6.332351137713954,6.692522684225873,6.4806295969670185,6.4806295969670185,0.0050124587251624275,0.0050124587251624275,0.0050124587251624275,0.0050124587251624275,0.0050124587251624275,0.0050124587251624275,0.0,0.0,0.0,6.513113485334882
97,2015-06-01,6.451651509227157,6.1501112621521115,6.498451203217229,6.451651509227157,6.451651509227157,-0.019152186725750624,-0.019152186725750624,-0.019152186725750624,-0.019152186725750624,-0.019152186725750624,-0.019152186725750624,0.0,0.0,0.0,6.328088274832968
98,2015-07-01,6.423608198511163,6.331675850744678,6.689228548913629,6.423608198511163,6.423608198511163,0.014335760289289207,0.014335760289289207,0.014335760289289207,0.014335760289289207,0.014335760289289207,0.014335760289289207,0.0,0.0,0.0,6.515695505837332
99,2015-08-01,6.3946289564407826,6.375485798612645,6.732158444860437,6.3946289564407826,6.3946289564407826,0.025843283773187634,0.025843283773187634,0.025843283773187634,0.025843283773187634,0.025843283773187634,0.025843283773187634,0.0,0.0,0.0,6.559887167186325
100,2015-09-01,6.365649714370402,6.005274863826625,6.37184465793997,6.365649714370402,6.365649714370402,-0.02607152835852625,-0.02607152835852625,-0.02607152835852625,-0.02607152835852625,-0.02607152835852625,-0.02607152835852625,0.0,0.0,0.0,6.19968749732175
101,2015-10-01,6.337605286560356,5.925022400591939,6.277360143294443,6.337605286560356,6.337605286560356,-0.038020044140090616,-0.038020044140090616,-0.038020044140090616,-0.038020044140090616,-0.038020044140090616,-0.038020044140090616,0.0,0.0,0.0,6.096649253822859
102,2015-11-01,6.308626040025465,5.860699766684485,6.205486921126745,6.308626040025465,6.308626040025465,-0.044842076463820185,-0.044842076463820185,-0.044842076463820185,-0.044842076463820185,-0.044842076463820185,-0.044842076463820185,0.0,0.0,0.0,6.025734148756996
103,2015-12-01,6.280581607894926,5.913822792078729,6.259599943320196,6.280581607894926,6.280581607894926,-0.030403436395212556,-0.030403436395212556,-0.030403436395212556,-0.030403436395212556,-0.030403436395212556,-0.030403436395212556,0.0,0.0,0.0,6.089630344454351
104,2016-01-01,6.251602361152858,6.386611889952181,6.725575591068016,6.251602361152858,6.251602361152858,0.048791283138009005,0.048791283138009005,0.048791283138009005,0.048791283138009005,0.048791283138009005,0.048791283138009005,0.0,0.0,0.0,6.556626062022113
105,2016-02-01,6.22262311441079,6.28346677314032,6.641266157051464,6.22262311441079,6.22262311441079,0.039085096884530615,0.039085096884530615,0.039085096884530615,0.039085096884530615,0.039085096884530615,0.039085096884530615,0.0,0.0,0.0,6.465834941713456
106,2016-03-01,6.195513496490789,6.147713799652948,6.5079888197192,6.195513496490789,6.195513496490789,0.0224772468413426,0.0224772468413426,0.0224772468413426,0.0224772468413426,0.0224772468413426,0.0224772468413426,0.0,0.0,0.0,6.334771582660282
107,2016-04-01,6.16653424928726,6.190644958813704,6.541615311255627,6.16653424928726,6.16653424928726,0.033298816229806,0.033298816229806,0.033298816229806,0.033298816229806,0.033298816229806,0.033298816229806,0.0,0.0,0.0,6.371872540029081
108,2016-05-01,6.138489816509651,5.965068707984942,6.326799377131287,6.138489816509651,6.138489816509651,-0.0011100131756642123,-0.0011100131756642123,-0.0011100131756642123,-0.0011100131756642123,-0.0011100131756642123,-0.0011100131756642123,0.0,0.0,0.0,6.131676011934645
109,2016-06-01,6.109510568425188,5.826276349734897,6.184598615921594,6.109510568425188,6.109510568425188,-0.015687228078018742,-0.015687228078018742,-0.015687228078018742,-0.015687228078018742,-0.015687228078018742,-0.015687228078018742,0.0,0.0,0.0,6.013669282693236
110,2016-07-01,6.081466134795062,6.077941482638018,6.443539889343586,6.081466134795062,6.081466134795062,0.02990551364347393,0.02990551364347393,0.02990551364347393,0.02990551364347393,0.02990551364347393,0.02990551364347393,0.0,0.0,0.0,6.2633355032615
111,2016-08-01,6.05248679919859,5.9114042783398215,6.273660401507327,6.05248679919859,6.05248679919859,0.007761998578756513,0.007761998578756513,0.007761998578756513,0.007761998578756513,0.007761998578756513,0.007761998578756513,0.0,0.0,0.0,6.099466193131912
112,2016-09-01,6.023507463602118,5.710069019247745,6.056901885456047,6.023507463602118,6.023507463602118,-0.02357772245693419,-0.02357772245693419,-0.02357772245693419,-0.02357772245693419,-0.02357772245693419,-0.02357772245693419,0.0,0.0,0.0,5.881486876408036
113,2016-10-01,5.995462945282954,5.621061264480613,5.949462334460507,5.995462945282954,5.995462945282954,-0.03452331315713367,-0.03452331315713367,-0.03452331315713367,-0.03452331315713367,-0.03452331315713367,-0.03452331315713367,0.0,0.0,0.0,5.78847970050096
114,2016-11-01,5.966483512406118,5.4437909211520115,5.796653912435205,5.966483512406118,5.966483512406118,-0.05629826055729702,-0.05629826055729702,-0.05629826055729702,-0.05629826055729702,-0.05629826055729702,-0.05629826055729702,0.0,0.0,0.0,5.630580869013861
115,2016-12-01,5.938438899944665,5.611807075343645,5.980590604739097,5.938438899944665,5.938438899944665,-0.025053978104420463,-0.025053978104420463,-0.025053978104420463,-0.025053978104420463,-0.025053978104420463,-0.025053978104420463,0.0,0.0,0.0,5.789657381771013
116,2017-01-01,5.909451357701805,6.065669166434311,6.406760467649196,5.909451357701805,5.909451357701805,0.05724456219137402,0.05724456219137402,0.05724456219137402,0.05724456219137402,0.05724456219137402,0.05724456219137402,0.0,0.0,0.0,6.247735313464665
117,2017-02-01,5.8804638154589455,6.013368759266073,6.367600029162758,5.8804638154589455,5.8804638154589455,0.053128727636092526,0.053128727636092526,0.053128727636092526,0.053128727636092526,0.053128727636092526,0.053128727636092526,0.0,0.0,0.0,6.192885375884361
118,2017-03-01,5.8542815192395885,5.874334709026266,6.211903284995561,5.8542815192395885,5.8542815192395885,0.03211246500831588,0.03211246500831588,0.03211246500831588,0.03211246500831588,0.03211246500831588,0.03211246500831588,0.0,0.0,0.0,6.042276929675001
119,2017-04-01,5.825292487600077,5.823983457837202,6.179024029157591,5.825292487600077,5.825292487600077,0.029042334271920676,0.029042334271920676,0.029042334271920676,0.029042334271920676,0.029042334271920676,0.029042334271920676,0.0,0.0,0.0,5.994472579256667
120,2017-05-01,5.797238586013453,5.627287546586016,5.9758216349613935,5.797238586013453,5.797238586013453,0.0009407306626216319,0.0009407306626216319,0.0009407306626216319,0.0009407306626216319,0.0009407306626216319,0.0009407306626216319,0.0,0.0,0.0,5.8026922261098495
121,2017-06-01,5.76124683658107,5.508871394955561,5.8410115838413175,5.76124683658107,5.76124683658107,-0.016781593111184955,-0.016781593111184955,-0.016781593111184955,-0.016781593111184955,-0.016781593111184955,-0.016781593111184955,0.0,0.0,0.0,5.664563936356465
122,2017-07-01,5.726416111323925,5.6932386751367625,6.037037649968809,5.726416111323925,5.726416111323925,0.0246284682314842,0.0246284682314842,0.0246284682314842,0.0246284682314842,0.0246284682314842,0.0246284682314842,0.0,0.0,0.0,5.867448968601924
123,2017-08-01,5.69042436189154,5.575131223557141,5.960040560536463,5.69042436189154,5.69042436189154,0.013727061082844898,0.013727061082844898,0.013727061082844898,0.013727061082844898,0.013727061082844898,0.013727061082844898,0.0,0.0,0.0,5.768537164694534
124,2017-09-01,5.654432612459156,5.342201474086308,5.687254489966497,5.654432612459156,5.654432612459156,-0.024356033112259593,-0.024356033112259593,-0.024356033112259593,-0.024356033112259593,-0.024356033112259593,-0.024356033112259593,0.0,0.0,0.0,5.5167130645190605
125,2017-10-01,5.619601887202011,5.2256660551116045,5.5891719129939075,5.619601887202011,5.619601887202011,-0.03572638494098834,-0.03572638494098834,-0.03572638494098834,-0.03572638494098834,-0.03572638494098834,-0.03572638494098834,0.0,0.0,0.0,5.418833826964727
126,2017-11-01,5.583610137769628,5.103406453521502,5.456166208552305,5.583610137769628,5.583610137769628,-0.05246586260411142,-0.05246586260411142,-0.05246586260411142,-0.05246586260411142,-0.05246586260411142,-0.05246586260411142,0.0,0.0,0.0,5.290661215446483
127,2017-12-01,5.5487794125124825,5.221766070152106,5.570883415524292,5.5487794125124825,5.5487794125124825,-0.026749807373778953,-0.026749807373778953,-0.026749807373778953,-0.026749807373778953,-0.026749807373778953,-0.026749807373778953,0.0,0.0,0.0,5.400350632068183
128,2018-01-01,5.512787663080097,5.635301405155186,5.982024370893401,5.512787663080097,5.512787663080097,0.05446616022672984,0.05446616022672984,0.05446616022672984,0.05446616022672984,0.05446616022672984,0.05446616022672984,0.0,0.0,0.0,5.813048039233356
129,2018-02-01,5.476795913647715,5.557781755092219,5.916900767356094,5.476795913647715,5.476795913647715,0.04830241017580485,0.04830241017580485,0.04830241017580485,0.04830241017580485,0.04830241017580485,0.04830241017580485,0.0,0.0,0.0,5.7413383563178995
130,2018-03-01,5.4442872367410455,5.50077001920837,5.849632692255119,5.4442872367410455,5.4442872367410455,0.041745721682355255,0.041745721682355255,0.041745721682355255,0.041745721682355255,0.041745721682355255,0.041745721682355255,0.0,0.0,0.0,5.671562936484837
131,2018-04-01,5.408295487308662,5.366177680114437,5.727675288459475,5.408295487308662,5.408295487308662,0.024676458340598506,0.024676458340598506,0.024676458340598506,0.024676458340598506,0.024676458340598506,0.024676458340598506,0.0,0.0,0.0,5.541753065594881
132,2018-05-01,5.3734647620515155,5.213775642096691,5.558103625864941,5.3734647620515155,5.3734647620515155,0.002981741487385038,0.002981741487385038,0.002981741487385038,0.002981741487385038,0.002981741487385038,0.002981741487385038,0.0,0.0,0.0,5.389487044863525
133,2018-06-01,5.337473012619133,5.069884360343799,5.421617806023356,5.337473012619133,5.337473012619133,-0.017937326284930753,-0.017937326284930753,-0.017937326284930753,-0.017937326284930753,-0.017937326284930753,-0.017937326284930753,0.0,0.0,0.0,5.241733017654772
134,2018-07-01,5.302642287361987,5.234168243699342,5.590996865007434,5.302642287361987,5.302642287361987,0.019437017084947397,0.019437017084947397,0.019437017084947397,0.019437017084947397,0.019437017084947397,0.019437017084947397,0.0,0.0,0.0,5.405709836096807
135,2018-08-01,5.2666505379296025,5.195818177936068,5.557240780881858,5.2666505379296025,5.2666505379296025,0.019755811961431113,0.019755811961431113,0.019755811961431113,0.019755811961431113,0.019755811961431113,0.019755811961431113,0.0,0.0,0.0,5.37069749562351
136,2018-09-01,5.23065878849722,4.916179837741459,5.286457891602737,5.23065878849722,5.23065878849722,-0.025187255762981996,-0.025187255762981996,-0.025187255762981996,-0.025187255762981996,-0.025187255762981996,-0.025187255762981996,0.0,0.0,0.0,5.098912847782452
137,2018-10-01,5.195828063240074,4.834241466151149,5.179140383526794,5.195828063240074,5.195828063240074,-0.03689211796865284,-0.03689211796865284,-0.03689211796865284,-0.03689211796865284,-0.03689211796865284,-0.03689211796865284,0.0,0.0,0.0,5.004142961386184
138,2018-11-01,5.15983631380769,4.729407616483171,5.090613309589792,5.15983631380769,5.15983631380769,-0.04864586900397688,-0.04864586900397688,-0.04864586900397688,-0.04864586900397688,-0.04864586900397688,-0.04864586900397688,0.0,0.0,0.0,4.908831592404239
139,2018-12-01,5.125005588550545,4.800623465581396,5.143707646259454,5.125005588550545,5.125005588550545,-0.028533465678883832,-0.028533465678883832,-0.028533465678883832,-0.028533465678883832,-0.028533465678883832,-0.028533465678883832,0.0,0.0,0.0,4.97877141748555
140,2019-01-01,5.089013839118161,5.17276901226046,5.535893926957596,5.089013839118161,5.089013839118161,0.051646877974520125,0.051646877974520125,0.051646877974520125,0.051646877974520125,0.051646877974520125,0.051646877974520125,0.0,0.0,0.0,5.3518455158777405
141,2019-02-01,5.053022089685777,5.1035910951214145,5.452853494854953,5.053022089685777,5.053022089685777,0.043619698300934276,0.043619698300934276,0.043619698300934276,0.043619698300934276,0.043619698300934276,0.043619698300934276,0.0,0.0,0.0,5.273433388745827
142,2019-03-01,5.020513412779109,5.096030227381559,5.445587397144749,5.020513412779109,5.020513412779109,0.05136756186380686,0.05136756186380686,0.05136756186380686,0.05136756186380686,0.05136756186380686,0.05136756186380686,0.0,0.0,0.0,5.278404946098111
143,2019-04-01,4.984521663346725,4.912056678967964,5.26070359299545,4.984521663346725,4.984521663346725,0.020203135278669904,0.020203135278669904,0.020203135278669904,0.020203135278669904,0.020203135278669904,0.020203135278669904,0.0,0.0,0.0,5.0852246288107805
144,2019-05-01,4.949690938089579,4.806825498609847,5.157481492222886,4.949690938089579,4.949690938089579,0.005012458725142194,0.005012458725142194,0.005012458725142194,0.005012458725142194,0.005012458725142194,0.005012458725142194,0.0,0.0,0.0,4.974501059618963
145,2019-06-01,4.913699188657195,4.648641600502001,4.994572118170146,4.913699188657195,4.913699188657195,-0.019152186725757973,-0.019152186725757973,-0.019152186725757973,-0.019152186725757973,-0.019152186725757973,-0.019152186725757973,0.0,0.0,0.0,4.819591104281827
146,2019-07-01,4.8788684634000505,4.7790896626955925,5.119178781168903,4.8788684634000505,4.8788684634000505,0.014335760289282636,0.014335760289282636,0.014335760289282636,0.014335760289282636,0.014335760289282636,0.014335760289282636,0.0,0.0,0.0,4.948810752174294
147,2019-08-01,4.842876713967666,4.790429827081368,5.139858083849791,4.842876713967666,4.842876713967666,0.025843283773233233,0.025843283773233233,0.025843283773233233,0.025843283773233233,0.025843283773233233,0.025843283773233233,0.0,0.0,0.0,4.968032551165515
148,2019-09-01,4.806884964535283,4.512162170612698,4.866348085599495,4.806884964535283,4.806884964535283,-0.026071528358484312,-0.026071528358484312,-0.026071528358484312,-0.026071528358484312,-0.026071528358484312,-0.026071528358484312,0.0,0.0,0.0,4.681562126866429
149,2019-10-01,4.7720542392781375,4.405860554650266,4.759103455235791,4.7720542392781375,4.7720542392781375,-0.038020044140118475,-0.038020044140118475,-0.038020044140118475,-0.038020044140118475,-0.038020044140118475,-0.038020044140118475,0.0,0.0,0.0,4.590620526461743
150,2019-11-01,4.736062489845753,4.365143509044225,4.706863364396434,4.736062489845753,4.736062489845753,-0.04484207646381719,-0.04484207646381719,-0.04484207646381719,-0.04484207646381719,-0.04484207646381719,-0.04484207646381719,0.0,0.0,0.0,4.523687613538673
151,2019-12-01,4.7012317645886075,4.367989553282287,4.725746070956082,4.7012317645886075,4.7012317645886075,-0.030403436395222416,-0.030403436395222416,-0.030403436395222416,-0.030403436395222416,-0.030403436395222416,-0.030403436395222416,0.0,0.0,0.0,4.558298163654738
152,2020-01-01,4.665240015156224,4.691380812386839,5.064866915309353,4.664913476131213,4.665505374889931,0.04879128313804934,0.04879128313804934,0.04879128313804934,0.04879128313804934,0.04879128313804934,0.04879128313804934,0.0,0.0,0.0,4.892863061642668
153,2020-02-01,4.62924826572384,4.629218636874815,4.996414120225563,4.626724048674391,4.631631303988039,0.03908509688455853,0.03908509688455853,0.03908509688455853,0.03908509688455853,0.03908509688455853,0.03908509688455853,0.0,0.0,0.0,4.810182882692331
154,2020-03-01,4.595578564641933,4.518668381654365,4.882686556326584,4.588999018601499,4.601454075988766,0.022477246841391116,0.022477246841391116,0.022477246841391116,0.022477246841391116,0.022477246841391116,0.022477246841391116,0.0,0.0,0.0,4.698874518418396
