_id,ags2,bundesland,ags5,kreis,kr_ein_md,kr_schu_qu,kr_hh_eink_kl1,kr_hh_eink_kl2,kr_hh_eink_kl3,kr_hh_eink_kl4,kr_hh_eink_kl5,kr_hh_eink_kl6,kr_kk_hh,kr_kk_ew
1,01,Schleswig-Holstein,01001,"Flensburg, Stadt",2986,16.0,13209,12385,13092,5441,3096,3497,34496,19556
2,01,Schleswig-Holstein,01002,"Kiel, Landeshauptstadt",3304,12.1,22126,38523,39483,18567,11162,7841,35246,19612
3,01,Schleswig-Holstein,01003,"Lübeck, Hansestadt",3036,15.1,22881,30159,32571,15805,10999,9039,37219,20820
4,01,Schleswig-Holstein,01004,"Neumünster, Stadt",2842,17.9,7208,13291,10435,3812,3201,2805,38141,19561
5,01,Schleswig-Holstein,01051,Dithmarschen,2914,12.8,11806,11575,17816,9873,7834,7676,46945,23486
6,01,Schleswig-Holstein,01053,Herzogtum Lauenburg,2832,10.1,9081,14562,25004,16206,13565,16539,49759,23969
7,01,Schleswig-Holstein,01054,Nordfriesland,2768,9.8,7338,11367,25699,16935,12900,12744,50012,26306
8,01,Schleswig-Holstein,01055,Ostholstein,2636,10.6,17821,18925,30089,17669,13301,13385,42842,23673
9,01,Schleswig-Holstein,01056,Pinneberg,3036,9.5,16481,19262,37170,25675,21343,33667,51585,25212
10,01,Schleswig-Holstein,01057,Plön,2771,8.9,7924,9749,16525,10947,8926,9566,47623,23578
11,01,Schleswig-Holstein,01058,Rendsburg-Eckernförde,2945,9.4,14215,20916,34119,22373,19102,21338,49996,24224
12,01,Schleswig-Holstein,01059,Schleswig-Flensburg,2715,10.6,11802,15545,25624,16131,13437,13715,48650,23438
13,01,Schleswig-Holstein,01060,Segeberg,3031,9.8,13507,19466,33100,22928,18316,23195,50037,23672
14,01,Schleswig-Holstein,01061,Steinburg,2991,12.2,10040,12173,16984,9413,7892,7580,45302,22124
15,01,Schleswig-Holstein,01062,Stormarn,3023,7.6,8719,14100,26330,19186,17639,31158,54040,26041
16,02,Hamburg,02000,Hamburg,3619,10.5,43637,152776,259975,154457,143458,227898,46625,24879
17,03,Niedersachsen,03101,Braunschweig,3438,9.6,21381,33669,37071,20331,14641,15535,39986,22975
18,03,Niedersachsen,03102,Salzgitter,4085,13.2,8929,17776,14430,5084,3994,3740,38802,19956
19,03,Niedersachsen,03103,Wolfsburg,4622,7.7,10770,12628,16335,9236,7726,10215,46887,25277
20,03,Niedersachsen,03151,Gifhorn,3136,8.8,6743,11002,20565,14319,11945,15376,53918,24514
21,03,Niedersachsen,03153,Goslar,2858,12.5,23685,15221,23438,6882,4794,4090,37748,21527
22,03,Niedersachsen,03154,Helmstedt,2720,11.1,8646,8558,14056,6009,4791,5498,45606,23764
23,03,Niedersachsen,03155,Northeim,2931,10.7,10314,14329,24604,8474,5636,4849,44538,22890
24,03,Niedersachsen,03157,Peine,2946,10.3,9548,12740,18016,9920,7520,8395,45074,22263
25,03,Niedersachsen,03158,Wolfenbüttel,2979,9.1,9901,13164,15605,8616,6731,7065,44986,22912
26,03,Niedersachsen,03159,Göttingen,3128,9.5,30549,37811,51518,25572,17247,13509,39828,21398
27,03,Niedersachsen,03241,Hannover,3387,11.5,86658,118256,154892,91374,69094,79207,42502,22017
28,03,Niedersachsen,03251,Diepholz,2822,9.4,10360,15654,28510,16818,13617,15661,52131,24199
29,03,Niedersachsen,03252,Hameln-Pyrmont,3142,12.8,16158,17370,23924,9298,6409,6382,42048,22526
30,03,Niedersachsen,03254,Hildesheim,3044,10.8,24117,32825,42133,18762,12782,12555,42042,21771
31,03,Niedersachsen,03255,Holzminden,3132,12.2,6234,7586,13727,4229,2782,1905,42852,22029
32,03,Niedersachsen,03256,Nienburg/Weser,2866,10.9,6098,11973,18349,8555,6125,5419,46904,21855
33,03,Niedersachsen,03257,Schaumburg,2880,11.7,15334,16373,23924,10998,8028,7638,42889,22378
34,03,Niedersachsen,03351,Celle,3154,11.9,13836,17452,22786,13066,10059,9656,44016,21382
35,03,Niedersachsen,03352,Cuxhaven,2768,10.8,20240,18312,25462,14170,11171,11127,44759,22702
36,03,Niedersachsen,03353,Harburg,2718,7.9,12025,13970,26653,19967,17979,30964,54632,26283
37,03,Niedersachsen,03354,Lüchow-Dannenberg,2700,11.7,5085,5620,7977,2859,2033,1598,41803,21743
38,03,Niedersachsen,03355,Lüneburg,2890,9.4,11861,14718,25843,15915,11179,13168,42377,21427
39,03,Niedersachsen,03356,Osterholz,2737,8.5,7505,7312,13644,9278,7656,8965,49123,23539
40,03,Niedersachsen,03357,Rotenburg (Wümme),2850,9.3,8485,12921,20909,12437,9918,10907,50440,23335
41,03,Niedersachsen,03358,Heidekreis,2892,10.9,10181,12859,18850,9857,7790,6985,45141,21510
42,03,Niedersachsen,03359,Stade,3098,9.3,12968,13664,24920,15934,12883,16732,49126,23501
43,03,Niedersachsen,03360,Uelzen,2766,11.8,9121,10258,13300,5772,4282,4057,43238,21868
44,03,Niedersachsen,03361,Verden,2926,8.9,6651,8762,17342,11275,9137,10620,52052,24287
45,03,Niedersachsen,03401,Delmenhorst,2815,15.3,6433,11650,9396,4824,3543,3182,39104,19674
46,03,Niedersachsen,03402,Emden,3562,13.8,7726,6939,5305,2696,2029,2000,36332,19336
47,03,Niedersachsen,03403,Oldenburg,3152,10.5,24629,15593,21666,12694,10583,10848,35389,20204
48,03,Niedersachsen,03404,Osnabrück,3245,11.0,13092,21087,26689,13098,7924,8508,38722,21255
49,03,Niedersachsen,03405,Wilhelmshaven,3169,17.1,18058,10802,8472,2839,2440,2326,32000,18858
50,03,Niedersachsen,03451,Ammerland,2809,8.3,9769,7471,13496,9301,8062,10457,49174,23222
51,03,Niedersachsen,03452,Aurich,2785,10.7,15731,15839,26502,15098,12357,9388,42639,21330
52,03,Niedersachsen,03453,Cloppenburg,2609,9.2,6208,9094,19835,12759,11119,9794,53390,21712
53,03,Niedersachsen,03454,Emsland,2972,8.8,17624,20068,36985,23759,20733,20003,53073,22704
54,03,Niedersachsen,03455,Friesland,2898,10.1,10841,8038,12616,7128,5755,5533,42507,21564
55,03,Niedersachsen,03456,Grafschaft Bentheim,2833,8.7,9705,9217,15785,9813,8461,8339,47040,21146
56,03,Niedersachsen,03457,Leer,2761,10.6,12969,14613,23163,13126,10513,7188,42038,20206
57,03,Niedersachsen,03458,Oldenburg,2720,8.5,5865,7085,14305,10574,9235,11445,53070,23878
58,03,Niedersachsen,03459,Osnabrück,2808,8.4,11204,21906,48208,32614,22600,23152,53472,23911
59,03,Niedersachsen,03460,Vechta,2821,8.1,6449,6512,14386,10322,9279,12525,56531,23759
60,03,Niedersachsen,03461,Wesermarsch,3428,11.3,8206,9085,12059,5835,4791,4459,44210,22179
61,03,Niedersachsen,03462,Wittmund,2685,10.5,4608,4895,8463,4563,3200,2771,43967,22044
62,04,Bremen,04011,Bremen,3445,12.6,59175,78675,63950,37466,29350,35163,41817,22315
63,04,Bremen,04012,Bremerhaven,3196,20.8,16326,17422,18421,4527,3048,2769,34545,19017
64,05,Nordrhein-Westfalen,05111,Düsseldorf,3882,12.1,12281,52467,106706,68575,47808,62774,46609,26391
65,05,Nordrhein-Westfalen,05112,Duisburg,3467,17.1,44493,94709,54498,23607,16187,14567,34724,17278
66,05,Nordrhein-Westfalen,05113,Essen,3451,13.8,49591,99262,77648,34149,23980,27543,38708,20727
67,05,Nordrhein-Westfalen,05114,Krefeld,3423,15.1,17179,31534,32633,13028,10206,13948,42210,22043
68,05,Nordrhein-Westfalen,05116,Mönchengladbach,3047,16.1,16167,39186,40323,17329,10981,11734,40813,21191
69,05,Nordrhein-Westfalen,05117,Mülheim an der Ruhr,3523,11.6,6317,20933,28524,12404,8700,11327,45646,23565
70,05,Nordrhein-Westfalen,05119,Oberhausen,3272,15.2,14415,36352,31468,12419,7558,6466,36841,18994
71,05,Nordrhein-Westfalen,05120,Remscheid,3323,13.9,4306,12784,20075,8365,5310,5066,45702,23023
72,05,Nordrhein-Westfalen,05122,Solingen,3085,14.6,6947,16012,24465,14286,9122,9796,47207,23890
73,05,Nordrhein-Westfalen,05124,Wuppertal,3379,18.4,15792,50115,69941,21314,13647,13514,41402,21538
74,05,Nordrhein-Westfalen,05154,Kleve,2882,10.4,19154,21098,35877,22797,19256,18586,48771,21462
75,05,Nordrhein-Westfalen,05158,Mettmann,3473,10.3,16178,43050,73213,39881,29307,44077,51530,26076
76,05,Nordrhein-Westfalen,05162,Rhein-Kreis Neuss,3446,10.5,6699,28544,61174,39395,30402,43540,55797,25956
77,05,Nordrhein-Westfalen,05166,Viersen,2969,10.3,18111,22636,35671,22456,17932,23366,50575,23724
78,05,Nordrhein-Westfalen,05170,Wesel,3047,10.0,27482,39420,57387,35107,27106,30331,47985,22637
79,05,Nordrhein-Westfalen,05314,Bonn,3857,8.9,9013,25615,50756,35738,23907,27088,45203,23779
80,05,Nordrhein-Westfalen,05315,Köln,3696,11.7,26970,91707,151147,98274,87897,99312,44374,22699
81,05,Nordrhein-Westfalen,05316,Leverkusen,4170,11.7,5048,18138,26685,12911,8470,10372,44332,22091
82,05,Nordrhein-Westfalen,05334,Aachen,3365,11.1,29589,59138,88769,43114,27005,28292,42356,21044
83,05,Nordrhein-Westfalen,05358,Düren,3236,11.9,13125,24495,34425,19276,15250,13897,47523,21717
84,05,Nordrhein-Westfalen,05362,Rhein-Erft-Kreis,3188,11.3,26128,31526,57268,39026,29931,38925,48706,23091
85,05,Nordrhein-Westfalen,05366,Euskirchen,3079,11.0,10866,14753,23472,14795,11913,12099,49058,22372
86,05,Nordrhein-Westfalen,05370,Heinsberg,2926,11.6,19671,18998,28414,17881,15565,15238,45921,20911
87,05,Nordrhein-Westfalen,05374,Oberbergischer Kreis,3320,10.3,9509,21452,39045,24025,16998,15806,51133,23811
88,05,Nordrhein-Westfalen,05378,Rheinisch-Bergischer Kreis,3192,9.0,7295,15898,34371,24527,20426,31991,56698,26913
89,05,Nordrhein-Westfalen,05382,Rhein-Sieg-Kreis,3082,8.8,22978,32952,69053,50517,40896,57744,53513,24467
90,05,Nordrhein-Westfalen,05512,Bottrop,3149,11.8,6117,13981,18512,9025,5672,5149,41789,20815
91,05,Nordrhein-Westfalen,05513,Gelsenkirchen,3242,18.0,17965,56289,38230,10646,5873,4605,32368,16594
92,05,Nordrhein-Westfalen,05515,Münster,3432,8.4,9565,30105,49710,28864,23444,28050,44714,24153
93,05,Nordrhein-Westfalen,05554,Borken,3091,8.6,12650,20870,42240,28978,24208,25828,55761,23297
94,05,Nordrhein-Westfalen,05558,Coesfeld,3000,7.2,6482,11043,23776,17631,14924,19118,57866,24482
95,05,Nordrhein-Westfalen,05562,Recklinghausen,3127,13.0,38584,80000,90240,42519,28057,27690,41875,20907
96,05,Nordrhein-Westfalen,05566,Steinfurt,2976,8.8,17793,26307,52773,36873,28353,28193,53984,22960
97,05,Nordrhein-Westfalen,05570,Warendorf,3201,8.9,8721,19339,33849,21832,17211,19249,55555,24050
98,05,Nordrhein-Westfalen,05711,Bielefeld,3310,11.4,14272,36003,53496,27912,19811,17314,45846,23193
99,05,Nordrhein-Westfalen,05754,Gütersloh,3177,8.7,7962,21120,43584,31568,24760,29006,60079,26086
100,05,Nordrhein-Westfalen,05758,Herford,3055,10.8,10057,22108,38226,20600,13637,13593,49554,23369
101,05,Nordrhein-Westfalen,05762,Höxter,2901,8.4,4785,12179,23371,10212,6595,5689,50937,22773
102,05,Nordrhein-Westfalen,05766,Lippe,3185,9.7,15537,29677,51086,27672,19747,18860,49853,23276
103,05,Nordrhein-Westfalen,05770,Minden-Lübbecke,3097,10.2,11471,23888,43309,25339,18249,16455,53873,24066
104,05,Nordrhein-Westfalen,05774,Paderborn,3077,9.1,13071,21527,42636,26379,19846,18872,48060,22302
105,05,Nordrhein-Westfalen,05911,Bochum,3273,12.4,25741,55496,62839,23741,14059,13539,38357,20560
106,05,Nordrhein-Westfalen,05913,Dortmund,3315,14.4,57604,98059,69862,34441,24804,25445,37437,19787
107,05,Nordrhein-Westfalen,05914,Hagen,3267,15.9,7505,28959,35278,11475,6335,5511,40816,20553
108,05,Nordrhein-Westfalen,05915,Hamm,3022,14.9,11625,26464,24249,10985,6919,6009,39025,18802
109,05,Nordrhein-Westfalen,05916,Herne,3295,17.9,12239,31556,23374,8087,4268,3483,34280,18201
110,05,Nordrhein-Westfalen,05954,Ennepe-Ruhr-Kreis,3267,11.0,17236,35717,51170,25606,18337,20559,48525,25238
111,05,Nordrhein-Westfalen,05958,Hochsauerlandkreis,3186,10.1,14779,23310,42149,22073,14244,12808,49921,24806
112,05,Nordrhein-Westfalen,05962,Märkischer Kreis,3314,12.8,8073,35269,74673,33974,22991,22294,53801,25763
113,05,Nordrhein-Westfalen,05966,Olpe,3290,8.5,3116,6729,18243,14882,10984,9933,61012,28936
114,05,Nordrhein-Westfalen,05970,Siegen-Wittgenstein,3418,9.3,13678,22381,42589,25999,17455,13904,49378,24153
115,05,Nordrhein-Westfalen,05974,Soest,3174,10.3,15608,25191,40819,24998,17839,17689,49507,23322
116,05,Nordrhein-Westfalen,05978,Unna,2948,11.7,22876,45531,54422,29629,21185,20290,44918,22072
117,06,Hessen,06411,Kreisfreie Stadt Darmstadt,4185,8.8,4734,11235,26063,20321,11821,10763,43264,23084
118,06,Hessen,06412,Kreisfreie Stadt Frankfurt am Main,4182,10.5,5966,41232,111154,74208,76308,91046,42066,22341
119,06,Hessen,06413,Kreisfreie Stadt Offenbach am Main,3450,17.1,4954,12483,28796,12403,5229,3677,34684,18199
120,06,Hessen,06414,Landeshauptstadt Wiesbaden,3758,16.6,1264,10283,44907,37289,26510,28166,48582,25907
121,06,Hessen,06431,Bergstraße,3029,8.8,4740,17438,40675,27663,18653,22225,50085,24410
122,06,Hessen,06432,Darmstadt-Dieburg,3131,8.5,2603,12227,40179,31381,24006,29215,51986,24412
123,06,Hessen,06433,Groß-Gerau,3687,9.4,3776,18791,42553,28573,18683,17837,45004,21350
124,06,Hessen,06434,Hochtaunus,4024,7.1,583,2542,20693,25287,23146,40458,71975,34300
125,06,Hessen,06435,Main-Kinzig,3134,10.1,5846,27779,66342,39645,27250,30322,51077,24048
126,06,Hessen,06436,Main-Taunus,4061,7.2,1365,8286,27607,25840,20231,32617,56091,27361
127,06,Hessen,06437,Odenwaldkreis,2958,9.9,2973,8469,14677,8878,5843,4580,47724,22407
128,06,Hessen,06438,Offenbach,3477,9.1,2454,17205,54676,37947,26918,31490,49989,24102
129,06,Hessen,06439,Rheingau-Taunus,3172,8.1,4994,11682,26440,17794,14518,18119,50711,25352
130,06,Hessen,06440,Wetterau,3156,9.7,5720,16600,43717,29976,21414,26090,51314,24040
131,06,Hessen,06531,Gießen,3237,8.9,10002,23652,46695,26566,14896,12513,42414,21196
132,06,Hessen,06532,Lahn-Dill,3300,9.5,9653,20228,39684,23929,15910,14052,48718,23711
133,06,Hessen,06533,Limburg-Weilburg,2982,11.0,8152,16007,28118,14886,9650,8918,44940,22397
134,06,Hessen,06534,Marburg-Biedenkopf,3331,8.0,8502,23281,40550,22841,14137,10615,43974,21389
135,06,Hessen,06535,Vogelsberg,2954,9.3,4235,9297,18763,8206,5250,4299,48925,23142
136,06,Hessen,06611,Kreisfreie Stadt Kassel,3397,15.7,18486,30102,32011,15278,8037,6790,35106,19288
137,06,Hessen,06631,Fulda,2947,7.7,7820,16291,35587,21929,14206,12136,47707,23150
138,06,Hessen,06632,Hersfeld-Rotenburg,2848,9.4,6248,12527,21898,8636,5245,3983,44788,21707
139,06,Hessen,06633,Kassel,3474,9.3,8396,22604,38237,20167,13733,11998,46530,22652
140,06,Hessen,06634,Schwalm-Eder,3013,10.0,6194,18836,32221,13769,8237,7228,45922,22050
141,06,Hessen,06635,Waldeck-Frankenberg,3071,9.9,10215,16121,25422,11129,7497,6873,45120,22224
142,06,Hessen,06636,Werra-Meißner,2821,11.4,8151,12035,18983,5989,3576,2658,40712,20723
143,07,Rheinland-Pfalz,07111,Stadt Koblenz,3354,12.6,5092,11316,19645,10701,7220,5299,41571,21617
144,07,Rheinland-Pfalz,07131,Ahrweiler,2928,8.6,4661,9636,18636,11767,8539,8523,50720,24162
145,07,Rheinland-Pfalz,07132,Altenkirchen (Ww),3059,11.5,5307,12525,21372,9697,6531,5650,46199,21939
146,07,Rheinland-Pfalz,07133,Bad Kreuznach,3141,9.9,7316,14369,23557,12905,9452,8624,46993,22669
147,07,Rheinland-Pfalz,07134,Birkenfeld,2858,10.8,8073,8405,12714,5040,3706,3407,43095,22086
148,07,Rheinland-Pfalz,07135,Cochem-Zell,2876,8.2,2606,5431,9265,4545,3509,3286,50234,23372
149,07,Rheinland-Pfalz,07137,Mayen-Koblenz,2978,10.0,6282,18063,32295,18231,12537,12516,48414,22586
150,07,Rheinland-Pfalz,07138,Neuwied,3114,10.9,7073,14766,26490,15316,11006,11110,49706,23442
151,07,Rheinland-Pfalz,07140,Rhein-Hunsrück-Kreis,3032,8.5,3733,8593,15823,8671,5921,5956,51766,24502
152,07,Rheinland-Pfalz,07141,Rhein-Lahn-Kreis,3018,10.9,5575,11007,20010,10651,6629,6156,46577,22867
153,07,Rheinland-Pfalz,07143,Westerwaldkreis,2958,11.0,3223,13391,29833,18034,13523,13021,56153,25363
154,07,Rheinland-Pfalz,07211,Stadt Trier,3153,9.9,6547,11378,19417,10658,6572,6014,38687,21191
155,07,Rheinland-Pfalz,07231,Bernkastel-Wittlich,2894,8.4,5525,9081,17085,9140,6460,5652,47700,22510
156,07,Rheinland-Pfalz,07232,Eifelkreis Bitburg-Prüm,3119,8.1,4210,7904,13323,8668,6481,5789,48660,22903
157,07,Rheinland-Pfalz,07233,Vulkaneifel,2948,8.5,4108,5316,8504,4664,3518,2948,46330,22224
158,07,Rheinland-Pfalz,07235,Trier-Saarburg,2899,6.6,4567,9471,19203,14074,10735,12321,49990,23628
159,07,Rheinland-Pfalz,07311,Stadt Frankenthal (Pfalz),3487,13.1,1405,5506,8931,3009,2388,2671,46026,22669
160,07,Rheinland-Pfalz,07312,Stadt Kaiserslautern,3407,14.9,16443,15283,11839,5848,3859,4002,33711,19344
161,07,Rheinland-Pfalz,07313,Stadt Landau in der Pfalz,3051,8.8,2219,4169,7035,4442,2893,2930,42818,21735
162,07,Rheinland-Pfalz,07314,Stadt Ludwigshafen a. Rh.,4534,15.7,5200,21209,31752,11594,7190,6376,40565,19762
163,07,Rheinland-Pfalz,07315,Stadt Mainz,3554,7.8,5588,15131,35982,25790,15011,15749,42278,22056
164,07,Rheinland-Pfalz,07316,Stadt Neustadt a.d. W.,2933,10.4,1898,3934,7107,4477,3751,5325,54362,27107
165,07,Rheinland-Pfalz,07317,Stadt Pirmasens,3031,18.2,5570,6607,6073,1855,1221,1156,35753,19903
166,07,Rheinland-Pfalz,07318,Stadt Speyer,3346,10.7,411,3281,9237,4359,3157,4234,49964,24492
167,07,Rheinland-Pfalz,07319,Stadt Worms,3102,15.5,5304,7555,12065,6626,4702,4239,42920,20863
168,07,Rheinland-Pfalz,07320,Stadt Zweibrücken,3348,12.7,2906,5031,4981,2163,1368,1356,39161,20388
169,07,Rheinland-Pfalz,07331,Alzey-Worms,2848,9.4,2578,8600,16366,11086,8854,9682,52700,23317
170,07,Rheinland-Pfalz,07332,Bad Dürkheim,2947,9.1,3325,8390,17028,12340,9520,13378,55376,26720
171,07,Rheinland-Pfalz,07333,Donnersbergkreis,3393,11.5,2599,6909,10253,5825,4462,4057,48814,22177
172,07,Rheinland-Pfalz,07334,Germersheim,3836,8.8,1115,5858,18677,11855,8670,10296,52848,23133
173,07,Rheinland-Pfalz,07335,Kaiserslautern,2892,10.6,10294,8703,14737,8313,6435,7465,41035,21649
174,07,Rheinland-Pfalz,07336,Kusel,2895,10.7,5293,7260,10585,4931,3446,3141,43170,21220
175,07,Rheinland-Pfalz,07337,Südliche Weinstraße,2986,7.9,2612,6347,13238,10342,7951,9713,54006,24579
176,07,Rheinland-Pfalz,07338,Rhein-Pfalz-Kreis,2851,7.9,1534,6898,19536,13973,11828,16263,58064,26379
177,07,Rheinland-Pfalz,07339,Mainz-Bingen,3333,8.0,2573,9372,26616,20459,15892,22583,58409,27011
178,07,Rheinland-Pfalz,07340,Südwestpfalz,2642,8.3,5324,8238,14174,7522,5683,5421,48596,23693
179,08,Baden-Württemberg,08111,Stuttgart,4351,10.4,8545,27059,81673,69440,56036,71862,52375,25962
180,08,Baden-Württemberg,08115,Böblingen,4596,6.9,2765,13566,50965,39290,31681,44845,54877,25674
181,08,Baden-Württemberg,08116,Esslingen,3740,7.3,6718,21687,71378,56161,43594,57440,53811,25918
182,08,Baden-Württemberg,08117,Göppingen,3428,8.5,5184,16691,37426,24677,17704,20342,51996,24677
183,08,Baden-Württemberg,08118,Ludwigsburg,3676,7.7,4173,17813,71628,58545,45882,59639,55754,26422
184,08,Baden-Württemberg,08119,Rems-Murr-Kreis,3425,8.1,5349,19297,57184,44099,33512,43316,54038,25725
185,08,Baden-Württemberg,08121,Heilbronn,3372,11.2,1360,4343,19387,14601,10611,12862,64706,32463
186,08,Baden-Württemberg,08125,Heilbronn,3771,7.2,3714,14945,43323,34274,25196,32323,55811,25037
187,08,Baden-Württemberg,08126,Hohenlohekreis,3559,6.4,2708,5743,15430,10795,7993,8317,54510,24835
188,08,Baden-Württemberg,08127,Schwäbisch Hall,3283,7.1,5510,12695,25637,17742,13380,14675,52801,24183
189,08,Baden-Württemberg,08128,Main-Tauber-Kreis,3189,6.3,4590,10100,18240,11327,8218,8587,51178,23637
190,08,Baden-Württemberg,08135,Heidenheim,3580,8.4,4703,11236,18016,11192,8061,7552,49992,22946
191,08,Baden-Württemberg,08136,Ostalbkreis,3672,7.2,9773,17084,39700,29738,23248,26104,53887,25015
192,08,Baden-Württemberg,08211,Baden-Baden,3303,10.1,2648,3858,8093,4983,4166,5644,59217,31592
193,08,Baden-Württemberg,08212,Karlsruhe,3682,9.4,4046,14210,55410,39341,23654,20124,45975,23029
194,08,Baden-Württemberg,08215,Karlsruhe,3341,7.7,5882,21344,56281,42944,34496,42892,53184,24416
195,08,Baden-Württemberg,08216,Rastatt,3764,7.7,3733,13470,32711,21798,16311,18757,51312,23731
196,08,Baden-Württemberg,08221,Heidelberg,3718,6.3,2858,5224,23461,16622,16381,17176,46830,23872
197,08,Baden-Württemberg,08222,Mannheim,3829,14.0,11880,32787,65238,28459,15561,13710,39389,21347
198,08,Baden-Württemberg,08225,Neckar-Odenwald-Kreis,3148,8.0,5156,10820,20777,12331,8544,7918,49992,22850
199,08,Baden-Württemberg,08226,Rhein-Neckar-Kreis,3517,8.1,7216,29018,77810,55317,42111,53488,53230,25765
200,08,Baden-Württemberg,08231,Pforzheim,3249,14.6,1640,11249,25775,10623,6549,6473,46778,23225
201,08,Baden-Württemberg,08235,Calw,3187,8.6,8965,10686,18185,14306,11592,12324,50409,24227
202,08,Baden-Württemberg,08236,Enzkreis,3275,7.2,2394,9302,23556,19565,15470,19900,57379,26037
203,08,Baden-Württemberg,08237,Freudenstadt,3396,7.6,4404,7060,14902,10647,8308,8161,55494,25187
204,08,Baden-Württemberg,08311,Freiburg im Breisgau,3471,8.1,3119,11326,33174,24555,25337,20518,43778,22446
205,08,Baden-Württemberg,08315,Breisgau-Hochschwarzwald,3086,7.2,2472,8876,32104,29256,22895,26483,54246,25227
206,08,Baden-Württemberg,08316,Emmendingen,3203,7.1,1136,5741,22419,18017,13127,14871,52228,23802
207,08,Baden-Württemberg,08317,Ortenaukreis,3189,8.3,6403,24564,58804,42913,30884,32580,52446,23978
208,08,Baden-Württemberg,08325,Rottweil,3382,8.0,4478,9037,17917,12239,9421,10298,56598,25752
209,08,Baden-Württemberg,08326,Schwarzwald-Baar-Kreis,3271,9.2,7999,16390,30436,18934,13705,14693,52368,25208
210,08,Baden-Württemberg,08327,Tuttlingen,3493,9.2,2279,8039,18536,13244,10009,10504,57888,25879
211,08,Baden-Württemberg,08335,Konstanz,3267,10.2,3672,17140,42553,28681,23847,29859,49694,25398
212,08,Baden-Württemberg,08336,Lörrach,3382,8.8,2096,8749,29653,24811,18755,25070,57571,27502
213,08,Baden-Württemberg,08337,Waldshut,3117,8.9,2463,8897,23603,18227,12442,14752,54727,25813
214,08,Baden-Württemberg,08415,Reutlingen,3496,7.8,3704,14238,36209,28566,22665,27033,54317,25102
215,08,Baden-Württemberg,08416,Tübingen,3484,6.0,6524,13012,27661,23002,18007,23225,48791,23930
216,08,Baden-Württemberg,08417,Zollernalbkreis,3261,8.3,7270,13465,22789,16159,13124,14550,56699,26236
217,08,Baden-Württemberg,08421,Ulm,3650,8.3,891,5540,19727,14423,10206,12974,52858,26687
218,08,Baden-Württemberg,08425,Alb-Donau-Kreis,3239,6.3,2830,9654,24587,18618,14640,17462,54165,24277
219,08,Baden-Württemberg,08426,Biberach,3716,6.5,5934,11515,23656,16777,14225,18211,54814,24806
220,08,Baden-Württemberg,08435,Bodenseekreis,3896,7.3,2180,8681,26697,22173,18889,27398,55453,27207
221,08,Baden-Württemberg,08436,Ravensburg,3250,7.0,6682,14735,33787,24398,21855,28991,52639,24175
222,08,Baden-Württemberg,08437,Sigmaringen,3288,9.1,3082,8796,18681,11824,8718,8311,51467,23384
223,09,Freistaat Bayern,09161,Ingolstadt,4635,7.2,1996,7855,16487,12068,11316,17329,50031,24497
224,09,Freistaat Bayern,09162,München,4169,9.0,5704,29352,151977,161041,182680,281801,53288,29432
225,09,Freistaat Bayern,09163,Rosenheim,3291,10.3,679,3665,10882,6617,5082,6356,45238,23788
226,09,Freistaat Bayern,09171,Altötting,3524,6.9,3863,7937,14083,9347,7661,9253,51040,23954
227,09,Freistaat Bayern,09172,Berchtesgadener Land,2923,6.7,3155,7669,15506,7814,7833,10420,47006,23313
228,09,Freistaat Bayern,09173,Bad Tölz-Wolfratshausen,3104,6.7,635,3041,12980,12195,9769,21828,57960,27558
229,09,Freistaat Bayern,09174,Dachau,3085,6.1,548,2584,11528,14219,16330,23996,57569,25900
230,09,Freistaat Bayern,09175,Ebersberg,3103,5.8,315,2008,9685,11308,15147,25989,61899,28087
231,09,Freistaat Bayern,09176,Eichstätt,3219,3.7,2572,4827,10717,10177,11584,18132,57000,25002
232,09,Freistaat Bayern,09177,Erding,2936,6.3,807,3506,11727,11590,12625,20372,57961,25540
233,09,Freistaat Bayern,09178,Freising,3440,7.0,1292,5041,17578,18701,17345,23793,52128,24391
234,09,Freistaat Bayern,09179,Fürstenfeldbruck,3164,6.5,606,4284,19118,19261,22304,35692,58261,26916
235,09,Freistaat Bayern,09180,Garmisch-Partenkirchen,2843,7.5,2842,5168,12336,8833,6998,11394,49597,26689
236,09,Freistaat Bayern,09181,Landsberg am Lech,3308,5.7,1428,4002,10648,9501,10403,20202,56780,26589
237,09,Freistaat Bayern,09182,Miesbach,3099,7.2,941,2875,8913,8065,9470,20338,60107,30506
238,09,Freistaat Bayern,09183,Mühldorf a.Inn,3074,7.9,3807,7520,12422,8756,8394,10994,54173,24417
239,09,Freistaat Bayern,09184,München,4227,6.4,202,2877,18022,29775,42932,72733,66638,31823
240,09,Freistaat Bayern,09185,Neuburg-Schrobenhausen,3209,5.4,3066,5599,9440,7353,7688,11372,52925,24387
241,09,Freistaat Bayern,09186,Pfaffenhofen a.d.Ilm,3282,6.3,1797,4063,10456,10662,12038,19245,58858,26983
242,09,Freistaat Bayern,09187,Rosenheim,3023,6.5,2669,9588,25856,21676,23411,40861,55977,26628
243,09,Freistaat Bayern,09188,Starnberg,3656,6.3,226,1149,5351,7588,12675,38373,82669,39727
244,09,Freistaat Bayern,09189,Traunstein,3249,5.9,6253,11352,18881,12146,14578,22683,52399,25433
245,09,Freistaat Bayern,09190,Weilheim-Schongau,3509,6.7,1769,5871,15103,11263,11178,19065,54585,25926
246,09,Freistaat Bayern,09261,Landshut,3140,8.4,2595,5537,10345,6106,5045,7565,49416,25399
247,09,Freistaat Bayern,09262,Passau,3265,9.7,9186,7564,6454,3532,2745,2760,35509,21819
248,09,Freistaat Bayern,09263,Straubing,3007,11.5,3180,5220,7220,3611,2570,2904,44031,22767
249,09,Freistaat Bayern,09271,Deggendorf,3056,7.5,6370,8641,14641,9894,8048,9020,48911,23216
250,09,Freistaat Bayern,09272,Freyung-Grafenau,2773,6.1,5394,6124,11051,6765,4611,3864,45360,21903
251,09,Freistaat Bayern,09273,Kelheim,3094,6.5,2648,5980,14081,10828,8935,11097,54715,23994
252,09,Freistaat Bayern,09274,Landshut,3096,5.6,2266,6667,15849,13116,13074,18522,56577,24801
253,09,Freistaat Bayern,09275,Passau,2749,6.6,10886,11625,23172,17440,12638,13207,49471,22938
254,09,Freistaat Bayern,09276,Regen,2888,6.5,4893,6838,10620,6792,4479,3683,45594,21926
255,09,Freistaat Bayern,09277,Rottal-Inn,2796,6.3,5110,7371,13962,10684,8590,9187,53002,24131
256,09,Freistaat Bayern,09278,Straubing-Bogen,2834,5.3,2814,4536,10189,9229,7532,9258,56175,24331
257,09,Freistaat Bayern,09279,Dingolfing-Landau,3911,6.3,2479,4714,10636,8500,7038,8847,57775,25361
258,09,Freistaat Bayern,09361,Amberg,3416,10.3,4108,4929,6990,2839,2073,2470,41970,23419
259,09,Freistaat Bayern,09362,Regensburg,3676,9.8,8862,15576,27459,16033,10360,12011,39104,23145
260,09,Freistaat Bayern,09363,Weiden i.d.OPf.,2823,11.7,5458,5780,6386,2900,1880,2057,38961,22428
261,09,Freistaat Bayern,09371,Amberg-Sulzbach,3107,6.2,4175,7927,14461,9604,6697,6031,49611,23551
262,09,Freistaat Bayern,09372,Cham,2821,6.0,5610,9808,18130,10983,7859,6910,49590,23023
263,09,Freistaat Bayern,09373,Neumarkt i.d.OPf.,3182,5.4,4143,5998,15384,12397,9674,12202,55036,24667
264,09,Freistaat Bayern,09374,Neustadt a.d.Waldnaab,2942,6.6,5072,9055,14110,7766,5668,5376,47345,23600
265,09,Freistaat Bayern,09375,Regensburg,3111,5.9,2324,8139,22147,17692,16039,21541,53958,24513
266,09,Freistaat Bayern,09376,Schwandorf,2965,7.2,6060,11660,21310,13396,9564,8386,47514,22741
267,09,Freistaat Bayern,09377,Tirschenreuth,2887,5.9,2270,7462,12517,5522,3556,3041,48605,23069
268,09,Freistaat Bayern,09461,Bamberg,3367,8.4,4043,8068,14844,7032,4333,4875,39374,21930
269,09,Freistaat Bayern,09462,Bayreuth,3137,9.8,6958,10208,13088,4969,3360,3306,38868,21814
270,09,Freistaat Bayern,09463,Coburg,3551,9.3,3843,4186,6506,3391,2351,2759,46794,26142
271,09,Freistaat Bayern,09464,Hof,2668,14.1,6348,6686,8340,1716,1285,1315,37150,20791
272,09,Freistaat Bayern,09471,Bamberg,2888,6.1,2065,7631,21842,15973,10507,11031,49557,23279
273,09,Freistaat Bayern,09472,Bayreuth,2849,6.4,4442,7875,15018,9162,6298,6064,49516,23358
274,09,Freistaat Bayern,09473,Coburg,2655,7.7,1992,5776,13929,8700,5568,5884,57386,27651
275,09,Freistaat Bayern,09474,Forchheim,3088,6.2,1729,5564,14273,11238,9535,11632,53587,24934
276,09,Freistaat Bayern,09475,Hof,2698,8.9,6126,9925,18452,5627,3960,3391,46128,23002
277,09,Freistaat Bayern,09476,Kronach,2745,6.9,2971,6428,12201,5539,3441,2771,48549,24138
278,09,Freistaat Bayern,09477,Kulmbach,2956,7.6,3675,6544,10601,5977,4070,4175,50559,24674
279,09,Freistaat Bayern,09478,Lichtenfels,2724,7.3,2968,6397,10171,5381,3847,3260,47934,22987
280,09,Freistaat Bayern,09479,Wunsiedel i.Fichtelgebirge,2887,9.2,5617,8993,13545,4111,2817,2632,44929,23183
281,09,Freistaat Bayern,09561,Ansbach,3171,10.5,4213,4214,6634,3426,1916,2229,40836,22095
282,09,Freistaat Bayern,09562,Erlangen,4633,6.8,5787,10142,21104,10914,7080,10038,43142,25082
283,09,Freistaat Bayern,09563,Fürth,3221,11.8,4982,9157,20315,14153,9394,9257,47119,24817
284,09,Freistaat Bayern,09564,Nürnberg,3470,11.9,43576,53731,77512,41196,29689,37643,42112,23026
285,09,Freistaat Bayern,09565,Schwabach,3011,8.1,1800,2418,5176,3738,2673,4410,54308,26940
286,09,Freistaat Bayern,09571,Ansbach,2865,6.1,4835,11430,25566,16986,12391,11420,53732,24153
287,09,Freistaat Bayern,09572,Erlangen-Höchstadt,3953,5.0,1527,4934,14807,12197,11552,18515,57524,26841
288,09,Freistaat Bayern,09573,Fürth,2862,6.5,2158,5780,15537,11031,8902,13595,54499,26478
289,09,Freistaat Bayern,09574,Nürnberger Land,3143,6.8,3241,8883,22362,16081,12880,17853,55044,26292
290,09,Freistaat Bayern,09575,Neustadt a.d.Aisch-Bad Windsheim,2765,6.8,2554,6635,14861,9642,6496,6204,52001,24062
291,09,Freistaat Bayern,09576,Roth,2975,5.7,1946,6025,15474,11961,9828,12592,55462,25280
292,09,Freistaat Bayern,09577,Weißenburg-Gunzenhausen,3029,7.1,2592,6742,13413,8885,6179,5629,51436,23685
293,09,Freistaat Bayern,09661,Aschaffenburg,3327,10.9,1977,4943,12070,8806,5772,5527,45977,25496
294,09,Freistaat Bayern,09662,Schweinfurt,3962,10.6,3179,8346,9092,3608,2213,2257,40033,21273
295,09,Freistaat Bayern,09663,Würzburg,3317,7.7,6309,17891,27473,11913,6880,7227,40925,24870
296,09,Freistaat Bayern,09671,Aschaffenburg,3070,7.1,2164,8600,25017,20108,14769,15465,51120,25285
297,09,Freistaat Bayern,09672,Bad Kissingen,2887,6.5,5878,9659,15773,8787,5565,5189,48266,23807
298,09,Freistaat Bayern,09673,Rhön-Grabfeld,3117,5.7,1599,6687,12862,6764,4566,4058,51891,23823
299,09,Freistaat Bayern,09674,Haßberge,3128,6.7,2211,7064,14223,7104,4663,4323,48733,22838
300,09,Freistaat Bayern,09675,Kitzingen,3064,6.7,1902,6823,13557,8541,5669,5464,52590,24299
301,09,Freistaat Bayern,09676,Miltenberg,3108,8.2,2434,8542,20330,13759,8884,8168,49679,23979
302,09,Freistaat Bayern,09677,Main-Spessart,3400,5.6,3344,9633,20081,11956,8165,7152,50524,24138
303,09,Freistaat Bayern,09678,Schweinfurt,2709,5.0,2578,8285,18456,10670,6834,6925,50545,23627
304,09,Freistaat Bayern,09679,Würzburg,2980,5.4,3441,9583,23014,16386,12152,13650,52198,25247
305,09,Freistaat Bayern,09761,Augsburg,3550,11.1,12468,32537,61517,27630,15192,13689,36686,20271
306,09,Freistaat Bayern,09762,Kaufbeuren,3064,10.8,2526,5125,6760,2826,2097,2959,45763,23258
307,09,Freistaat Bayern,09763,Kempten (Allgäu),3161,10.0,3251,7487,11701,5928,3621,4341,42412,22375
308,09,Freistaat Bayern,09764,Memmingen,3259,10.2,1058,2482,6758,4527,2929,3941,59085,29265
309,09,Freistaat Bayern,09771,Aichach-Friedberg,2973,5.6,2646,4873,12893,10456,11070,18755,57601,26187
310,09,Freistaat Bayern,09772,Augsburg,2922,6.5,2748,11335,31809,21805,18828,31133,55082,25780
311,09,Freistaat Bayern,09773,Dillingen a.d.Donau,3140,6.6,2369,5772,10647,8345,7013,8077,57603,25346
312,09,Freistaat Bayern,09774,Günzburg,3116,7.4,2616,8168,15952,11057,9023,9932,54761,24732
313,09,Freistaat Bayern,09775,Neu-Ulm,3392,7.3,5189,12206,23672,15193,12291,15712,51319,24834
314,09,Freistaat Bayern,09776,Lindau (Bodensee),3334,7.6,1899,4382,10928,7859,6828,10105,53011,27281
315,09,Freistaat Bayern,09777,Ostallgäu,3231,6.3,4076,8392,16455,11687,10814,15803,52358,25107
316,09,Freistaat Bayern,09778,Unterallgäu,3297,6.1,4051,6995,15103,12738,10743,15768,60441,27461
317,09,Freistaat Bayern,09779,Donau-Ries,3368,5.6,2530,7245,16893,12552,9634,11118,57645,25919
318,09,Freistaat Bayern,09780,Oberallgäu,2978,6.4,6889,11106,20213,11659,11504,17950,49376,25230
319,10,Saarland,10041,Regionalverband Saarbrücken,3431,14.4,31031,44117,53073,24122,13716,11119,37046,19917
320,10,Saarland,10042,Landkreis Merzig-Wadern,3028,9.2,6427,8929,14445,8090,6057,4767,41603,19630
321,10,Saarland,10043,Landkreis Neunkirchen,3190,12.0,9728,17246,21407,8955,5722,4455,40151,20516
322,10,Saarland,10044,Landkreis Saarlouis,3268,9.8,12911,19670,29421,15635,10518,9538,42910,21491
323,10,Saarland,10045,Saarpfalz-Kreis,3494,9.1,12302,12367,19028,11948,8807,8285,45437,23189
324,10,Saarland,10046,Landkreis St. Wendel,3102,7.8,7005,8407,13291,6558,4611,3945,43745,21950
325,11,Berlin,11000,Berlin,3126,12.5,202077,345090,484494,343253,330279,280762,38190,20811
326,12,Brandenburg,12051,Brandenburg an der Havel,2765,15.9,12463,12536,8591,3341,2014,1788,33127,18714
327,12,Brandenburg,12052,Cottbus,2653,11.6,13994,16069,16142,5388,3206,2287,36534,20815
328,12,Brandenburg,12053,Frankfurt (Oder),2692,12.7,5862,12331,8812,1811,1252,1050,34553,18583
329,12,Brandenburg,12054,Potsdam,2979,8.8,5487,17692,29458,18024,12225,11050,38758,20445
330,12,Brandenburg,12060,Barnim,2402,9.5,16906,20644,18200,11396,10689,12075,42694,21008
331,12,Brandenburg,12061,Dahme-Spreewald,2518,9.4,12859,15099,21869,12592,9190,10891,43842,21400
332,12,Brandenburg,12062,Elbe-Elster,2215,9.0,11700,9028,22646,4999,2703,1302,38402,19601
333,12,Brandenburg,12063,Havelland,2227,10.3,15184,13763,17721,10186,9073,11650,43354,20781
334,12,Brandenburg,12064,Märkisch-Oderland,2408,9.8,16362,20980,23747,12603,10626,11188,42707,20999
335,12,Brandenburg,12065,Oberhavel,2591,9.6,17391,18168,26338,14737,11976,15967,44212,21891
336,12,Brandenburg,12066,Oberspreewald-Lausitz,2490,9.5,12977,12278,22253,4920,3382,2080,38429,20141
337,12,Brandenburg,12067,Oder-Spree,2532,9.5,19048,19615,26742,12000,8332,7175,40350,20991
338,12,Brandenburg,12068,Ostprignitz-Ruppin,2310,12.5,12513,14425,13616,5542,3889,2665,36733,19529
339,12,Brandenburg,12069,Potsdam-Mittelmark,2479,7.6,8034,16268,27052,14074,12266,19891,51347,23349
340,12,Brandenburg,12070,Prignitz,2239,11.5,17359,9295,12512,3234,2014,1270,33332,19904
341,12,Brandenburg,12071,Spree-Neiße,2532,9.5,11590,13666,20835,6005,4137,2886,40511,20936
342,12,Brandenburg,12072,Teltow-Fläming,2441,10.5,13126,19908,20896,10451,8208,8857,42346,20501
343,12,Brandenburg,12073,Uckermark,2334,10.4,15514,17510,18871,6262,3839,2126,35578,19090
344,13,Mecklenburg-Vorpommern,13003,"Rostock, Hansestadt",2763,10.8,21192,43271,28659,12713,7361,5235,33335,18902
345,13,Mecklenburg-Vorpommern,13004,"Schwerin, Landeshauptstadt",2795,13.5,12012,17440,13092,5605,3034,2839,34893,19676
346,13,Mecklenburg-Vorpommern,13071,Mecklenburgische Seenplatte,2325,10.4,28740,42844,35929,13036,9459,6082,37258,19580
347,13,Mecklenburg-Vorpommern,13072,Landkreis Rostock,2239,9.9,16794,23603,28905,14424,11793,8879,43022,20888
348,13,Mecklenburg-Vorpommern,13073,Vorpommern-Rügen,2194,10.9,23106,35590,32375,15034,9661,6338,36435,19806
349,13,Mecklenburg-Vorpommern,13074,Nordwestmecklenburg,2495,10.5,17623,21070,20182,9073,7553,5766,38369,19899
350,13,Mecklenburg-Vorpommern,13075,Vorpommern-Greifswald,2244,9.7,26198,36875,37329,12181,7503,5248,35525,18823
351,13,Mecklenburg-Vorpommern,13076,Ludwigslust-Parchim,2295,10.1,17954,25173,34374,12813,9423,6286,41601,20756
352,14,Sachsen,14511,Chemnitz,2633,11.6,33798,45283,44663,9535,6149,5120,35155,20559
353,14,Sachsen,14521,Erzgebirgskreis,2191,8.2,30186,35707,72999,18997,10729,6558,40173,20848
354,14,Sachsen,14522,Mittelsachsen,2243,9.4,27049,35475,60629,15444,10694,7183,41048,20986
355,14,Sachsen,14523,Vogtlandkreis,2241,10.5,30696,22992,48876,9519,6572,4829,38323,20784
356,14,Sachsen,14524,Zwickau,2484,10.0,32419,38119,65128,15805,10633,8009,40108,21494
357,14,Sachsen,14612,Dresden,2987,9.4,60046,87566,62994,39471,29437,22394,36642,19950
358,14,Sachsen,14625,Bautzen,2283,8.2,19288,37830,53805,17869,11486,7447,42461,20891
359,14,Sachsen,14626,Görlitz,2183,8.9,32305,32705,50149,9986,6156,4034,36947,19627
360,14,Sachsen,14627,Meißen,2418,9.1,19586,32089,36651,14917,11147,10174,42203,21718
361,14,Sachsen,14628,Sächsische Schweiz-Osterzgebirge,2298,8.4,18290,30660,42391,14424,9704,8415,42188,21289
362,14,Sachsen,14713,Leipzig,2807,13.2,85779,91184,70440,38443,25880,18564,33038,18566
363,14,Sachsen,14729,Leipzig,2275,10.0,19938,28450,40340,16363,12883,11911,43734,22045
364,14,Sachsen,14730,Nordsachsen,2371,11.2,16888,25778,34623,10678,7544,6105,40208,20682
365,15,Sachsen-Anhalt,15001,Dessau-Roßlau,2664,12.9,11037,13727,12137,3796,2306,2288,36949,20604
366,15,Sachsen-Anhalt,15002,Halle (Saale),2806,16.4,26884,51893,34489,12134,5594,3914,32326,18229
367,15,Sachsen-Anhalt,15003,Magdeburg,2760,14.7,29353,42593,39638,8905,5771,6075,34711,19247
368,15,Sachsen-Anhalt,15081,Altmarkkreis Salzwedel,2266,12.4,5039,9647,14314,5016,3262,2305,44458,21018
369,15,Sachsen-Anhalt,15082,Anhalt-Bitterfeld,2321,12.6,19502,18800,33796,6034,4418,3341,37712,20267
370,15,Sachsen-Anhalt,15083,Börde,2513,10.7,9610,19192,31550,10157,8085,5926,43810,21568
371,15,Sachsen-Anhalt,15084,Burgenlandkreis,2383,11.6,21013,21553,34646,8026,5617,3906,38004,19993
372,15,Sachsen-Anhalt,15085,Harz,2450,12.6,27041,26915,37985,11336,7043,5533,37980,20525
373,15,Sachsen-Anhalt,15086,Jerichower Land,2352,12.0,6040,11098,14808,5128,3847,2954,43634,21296
374,15,Sachsen-Anhalt,15087,Mansfeld-Südharz,2324,12.4,13469,15819,31256,5151,3218,2238,37841,19768
375,15,Sachsen-Anhalt,15088,Saalekreis,2528,11.7,15075,23830,31214,10745,8141,6318,41190,21279
376,15,Sachsen-Anhalt,15089,Salzlandkreis,2449,13.1,20652,25178,38619,7637,5015,3931,37472,19871
377,15,Sachsen-Anhalt,15090,Stendal,2358,12.6,10376,12984,22776,5145,3175,2111,38894,19657
378,15,Sachsen-Anhalt,15091,Wittenberg,2293,10.6,13999,12136,25994,6174,4163,2753,40275,20879
379,16,Thüringen,16051,Erfurt,2679,11.1,18686,31906,32620,15024,9628,7452,36459,19677
380,16,Thüringen,16052,Gera,2390,11.8,12583,16574,17519,2871,2013,1996,35712,20317
381,16,Thüringen,16053,Jena,3066,5.9,11455,14903,13170,10763,5775,4363,35176,19085
382,16,Thüringen,16054,Suhl,2540,10.7,6864,4152,5154,1983,1280,917,38095,22260
383,16,Thüringen,16055,Weimar,2902,10.7,4962,9613,10488,4753,2296,2316,37057,19601
384,16,Thüringen,16056,Eisenach,2721,12.1,4350,6768,7325,1935,1260,1127,37245,20016
385,16,Thüringen,16061,Eichsfeld,2360,6.4,4163,8818,20006,6797,4053,2306,44883,20644
386,16,Thüringen,16062,Nordhausen,2467,10.3,10857,10615,15542,3884,2330,1635,35899,19220
387,16,Thüringen,16063,Wartburgkreis,2514,8.1,6128,11304,26092,7761,4753,3146,44912,21615
388,16,Thüringen,16064,Unstrut-Hainich-Kreis,2242,10.0,8305,11051,21690,4605,3070,2148,39655,19607
389,16,Thüringen,16065,Kyffhäuserkreis,2427,11.5,8269,8397,15241,3418,1972,1232,37387,19212
390,16,Thüringen,16066,Schmalkalden-Meiningen,2352,9.6,12558,11836,24221,7278,4374,2839,41441,21386
391,16,Thüringen,16067,Gotha,2468,10.5,12182,15477,26561,7233,4751,3194,39312,20149
392,16,Thüringen,16068,Sömmerda,2388,9.5,3966,7967,13077,4005,2582,1919,41994,20212
393,16,Thüringen,16069,Hildburghausen,2311,8.4,2567,5759,13734,3669,2232,1514,45718,21214
394,16,Thüringen,16070,Ilm-Kreis,2509,9.5,14326,15249,17140,5664,3742,2909,37052,20119
395,16,Thüringen,16071,Weimarer Land,2372,9.5,5683,8914,13364,4972,3772,2848,42190,20370
396,16,Thüringen,16072,Sonneberg,2362,8.9,5428,5563,12090,2970,1643,1289,41591,21462
397,16,Thüringen,16073,Saalfeld-Rudolstadt,2466,8.3,12237,13267,19810,5653,3271,2547,39242,20959
398,16,Thüringen,16074,Saale-Holzland-Kreis,2288,7.6,5131,9216,14445,5254,3446,2379,42956,20631
399,16,Thüringen,16075,Saale-Orla-Kreis,2253,7.6,7388,7994,17082,4532,2501,1632,40511,20610
400,16,Thüringen,16076,Greiz,2233,7.8,11098,10354,18760,5324,3370,2287,40784,21275
401,16,Thüringen,16077,Altenburger Land,2218,9.0,10621,9561,20085,3862,2322,1607,38560,20571
