,ags2,ags5,kreis,households_of_1_person,households_of_2_person,households_of_3_person,households_of_4_person,households_of_5_person_or_more,household_with_kids,household_with_kids_under_3,household_with_kids_over_3_under_6,household_with_kids_over_6_under_10,household_with_kids_over_10_under_15,household_with_kids_over_15_under_18,household_with_double_income_no_kids
0,01,01001,"Flensburg, Stadt",25107,16482,5165,3534,332,9586,1783,1599,2109,2371,1529,5347
1,01,01002,"Kiel, Landeshauptstadt",68879,41792,13932,10623,2019,27434,4954,4487,5586,7062,4083,14410
2,01,01003,"Lübeck, Hansestadt",57781,41983,12226,8290,1078,22583,3908,3668,4719,5792,3664,13044
3,01,01004,"Neumünster, Stadt",14953,17073,4749,3428,441,9004,1396,1422,1906,2445,1540,5073
4,01,01051,Dithmarschen,15617,39929,7318,3236,546,9795,1374,1474,2065,2803,1807,8248
5,01,01053,Herzogtum Lauenburg,26848,43650,15240,7496,1337,22941,3678,3578,4683,6070,3881,12032
6,01,01054,Nordfriesland,27387,45995,9483,3439,755,11577,1615,1717,2276,3332,2183,10426
7,01,01055,Ostholstein,45060,49436,9605,5960,826,15361,2258,2333,3277,4159,2813,12871
8,01,01056,Pinneberg,47662,68045,22226,13084,2167,36537,5835,5779,7683,10047,6029,19144
9,01,01057,Plön,17901,32303,8060,4279,876,12039,1770,1861,2510,3360,2127,7897
10,01,01058,Rendsburg-Eckernförde,34667,67226,18708,9430,1839,27604,3978,4274,5701,7606,4950,16714
11,01,01059,Schleswig-Flensburg,24487,49017,14343,6793,1312,18960,2717,2899,3961,5328,3238,11352
12,01,01060,Segeberg,35728,60378,20846,11273,2310,32255,4951,5085,6882,8524,5403,16526
13,01,01061,Steinburg,16822,32962,8736,4525,773,12888,1909,1943,2655,3525,2327,7758
14,01,01062,Stormarn,32516,54787,17169,9886,1755,27836,4150,4503,6026,7508,4629,15644
15,02,02000,Hamburg,453731,295328,112741,84942,19870,217566,42008,37623,44851,55417,30912,101455
16,03,03101,Braunschweig,72034,44362,12592,10515,1064,28057,5059,4610,5792,7190,4353,14977
17,03,03102,Salzgitter,21695,19967,6119,5514,554,12925,2371,2127,2724,3279,2053,6354
18,03,03103,Wolfsburg,28705,24704,7328,5140,572,14128,2683,2507,2974,3283,2166,8067
19,03,03151,Gifhorn,19068,36302,15705,7571,1272,22950,3802,3723,4703,5799,3713,10947
20,03,03153,Goslar,36311,28492,8418,4025,348,12640,1756,1857,2421,3330,2105,8167
21,03,03154,Helmstedt,15696,23249,5688,2691,256,8622,1363,1419,1716,2282,1390,6450
22,03,03155,Northeim,24865,27864,10326,4768,411,14306,1976,2247,2833,3678,2200,8179
23,03,03157,Peine,19945,30513,9465,5505,447,15160,2378,2511,3167,3802,2545,9024
24,03,03158,Wolfenbüttel,20546,27789,7689,4655,420,12763,1926,1952,2630,3280,2223,7988
25,03,03159,Göttingen,75675,62135,20728,13227,1953,35537,5531,5600,7312,9060,5659,19119
26,03,03241,Hannover,249146,212151,72808,54764,8697,144453,24796,23859,30378,37364,22547,67777
27,03,03251,Diepholz,25502,46782,17105,9630,1519,22863,3290,3387,4674,6691,3733,12603
28,03,03252,Hameln-Pyrmont,32376,31816,9468,5543,387,15174,2265,2431,3076,3994,2481,9462
29,03,03254,Hildesheim,54186,57846,19209,10705,1225,31137,4675,4874,6198,8368,5224,17510
30,03,03255,Holzminden,13051,15392,5321,2456,266,7358,1070,1140,1490,1822,1228,4205
31,03,03256,Nienburg/Weser,15634,24876,9233,5957,859,13243,1847,2001,2722,3847,2133,6618
32,03,03257,Schaumburg,32340,31158,12743,5599,490,17067,2333,2572,3261,4431,2791,9023
33,03,03351,Celle,23724,43077,12300,6716,1022,19016,2839,3067,3914,5038,3169,11237
34,03,03352,Cuxhaven,29004,53021,11704,6092,720,16557,2352,2549,3363,4679,2760,12674
35,03,03353,Harburg,31951,60552,18025,9365,1521,27429,4150,4375,5712,7342,4454,16957
36,03,03354,Lüchow-Dannenberg,7897,12926,2957,1273,135,3482,428,544,692,1005,656,2510
37,03,03355,Lüneburg,32992,37605,13819,6846,1144,20728,3087,3422,4372,5390,3465,10990
38,03,03356,Osterholz,12772,29165,7740,3980,579,10804,1540,1748,2206,3002,1835,7411
39,03,03357,Rotenburg (Wümme),17882,36480,13836,6247,1175,18387,2581,2698,3689,5284,3046,9732
40,03,03358,Heidekreis,19403,29831,10562,5638,1139,15578,2174,2437,3162,4269,2566,8141
41,03,03359,Stade,24749,48396,15568,7255,1133,22300,3497,3530,4730,5839,3766,13089
42,03,03360,Uelzen,14816,22344,6042,3185,407,8733,1178,1336,1777,2490,1418,5506
43,03,03361,Verden,16611,29710,10266,6396,843,15854,2459,2649,3305,4096,2582,8437
44,03,03401,Delmenhorst,12465,18645,4276,3289,371,8242,1515,1354,1660,2130,1399,4996
45,03,03402,Emden,9288,13046,2871,1363,146,4637,760,750,977,1225,804,3388
46,03,03403,Oldenburg,42082,39758,8086,4806,415,14332,2494,2393,2963,3699,2406,11781
47,03,03404,Osnabrück,44433,27458,9135,8463,786,19454,3458,3101,3995,5072,2978,9259
48,03,03405,Wilhelmshaven,22876,15589,3568,2723,103,7388,1345,1188,1512,1777,1267,4372
49,03,03451,Ammerland,13955,28999,11029,3928,649,13019,1768,1945,2614,3866,2203,7307
50,03,03452,Aurich,20477,59546,10472,3488,884,12497,1635,1768,2504,3903,2227,12731
51,03,03453,Cloppenburg,14384,21906,21863,8330,2384,27449,3905,3893,5364,8272,4241,6361
52,03,03454,Emsland,29935,53169,39393,13622,3195,48438,6978,6664,9390,14017,7472,15364
53,03,03455,Friesland,11831,30368,5425,2098,217,6915,942,1034,1435,1981,1268,6580
54,03,03456,Grafschaft Bentheim,13137,28568,13690,4922,1049,17061,2427,2545,3474,4922,2854,7688
55,03,03457,Leer,16962,46915,12887,4067,790,15388,2214,2287,3025,4634,2636,10777
56,03,03458,Oldenburg,12255,28634,11315,5386,957,14755,2049,2102,2965,4385,2485,7615
57,03,03459,Osnabrück,49441,52994,31970,21063,4143,48758,6934,7044,9760,14197,7829,15812
58,03,03460,Vechta,13601,19594,18308,6365,1643,23079,3429,3299,4523,6596,3687,5929
59,03,03461,Wesermarsch,11740,24509,5346,2574,293,7475,1116,1066,1463,2194,1379,5564
60,03,03462,Wittmund,6781,16719,3652,1197,172,3746,460,518,736,1209,701,3335
61,04,04011,Bremen,129093,111086,35121,22603,3872,62294,11316,10347,12631,16498,9781,34851
62,04,04012,Bremerhaven,30058,19248,7436,4322,928,12853,2275,2206,2720,3292,2078,5897
63,05,05111,Düsseldorf,188293,94747,32073,29158,5350,73159,14140,12797,15872,19035,10434,34657
64,05,05112,Duisburg,102085,81922,27091,31897,4566,67690,11959,10966,14089,17795,11038,28309
65,05,05113,Essen,150166,94718,28832,34469,3690,72172,12971,12112,14905,19410,11066,32289
66,05,05114,Krefeld,48903,43414,13093,11006,1409,27220,4600,4262,5757,7578,4473,13780
67,05,05116,Mönchengladbach,54367,52605,14196,12762,1555,30190,5160,4788,6234,8382,4955,17073
68,05,05117,Mülheim an der Ruhr,38108,29867,8803,10109,1191,21381,3738,3447,4667,5699,3381,9905
69,05,05119,Oberhausen,47681,35480,11175,13103,1230,27282,4704,4409,5777,7272,4377,12160
70,05,05120,Remscheid,22644,19570,6343,6413,870,14006,2345,2222,2855,3911,2302,6338
71,05,05122,Solingen,32203,29145,8807,9084,1167,19888,3224,3136,4115,5681,3319,9569
72,05,05124,Wuppertal,84003,56746,19175,20793,3029,45981,7926,7461,9720,12591,7223,19481
73,05,05154,Kleve,29276,64022,26330,13535,3670,39007,5801,5731,7969,11225,6267,18569
74,05,05158,Mettmann,93702,94525,29980,23236,3883,57276,9297,9143,12058,15949,9613,29499
75,05,05162,Rhein-Kreis Neuss,60988,87183,34872,21965,4393,59522,9659,9506,12511,16111,9704,28133
76,05,05166,Viersen,35121,68507,21661,12586,2197,34844,5363,5344,7114,9676,5992,20111
77,05,05170,Wesel,65638,92548,30756,23543,4162,55519,8542,8400,11283,15915,9098,27668
78,05,05314,Bonn,76495,56323,19232,16142,2853,38684,6655,6426,8355,10478,5936,19266
79,05,05315,Köln,246890,166265,65042,59055,13481,137856,25826,23477,28988,35143,20209,59362
80,05,05316,Leverkusen,30944,30542,9876,8833,1339,20737,3441,3395,4346,5711,3461,10189
81,05,05334,Aachen,99651,107825,34836,27460,4730,66037,10956,10356,13315,18001,10869,34436
82,05,05358,Düren,28063,57367,21779,11260,2020,33844,5445,5208,6983,9085,5483,16835
83,05,05362,Rhein-Erft-Kreis,61611,103415,32031,20890,4091,55713,9311,9098,11745,14887,9110,32066
84,05,05366,Euskirchen,17830,45568,15780,7285,1433,22912,3502,3515,4704,6359,3718,13171
85,05,05370,Heinsberg,20773,64135,20124,9116,1662,29360,4628,4586,6127,7656,5045,17660
86,05,05374,Oberbergischer Kreis,35286,55737,19686,13519,2399,33043,5153,5087,7053,9215,5419,16570
87,05,05378,Rheinisch-Bergischer Kreis,38677,60561,19767,13329,2153,34064,5107,5315,7151,9589,5809,18569
88,05,05382,Rhein-Sieg-Kreis,67526,125356,49198,26805,5225,77692,11971,12178,16427,21250,12626,38370
89,05,05512,Bottrop,23441,20428,6198,7567,818,15028,2403,2285,3047,4156,2584,6683
90,05,05513,Gelsenkirchen,60005,40888,13203,17343,1890,35582,6265,5762,7509,9534,5840,14104
91,05,05515,Münster,79288,53471,19640,13585,2583,34654,6238,5687,7144,8967,5164,17227
92,05,05554,Borken,33162,58841,39993,16278,6130,57642,8444,8196,11348,16991,9420,19128
93,05,05558,Coesfeld,20670,37999,20055,10468,3763,30900,4608,4542,5901,9139,5170,12113
94,05,05562,Recklinghausen,114670,119688,34622,33694,4267,73755,11946,11390,15237,20241,12467,37166
95,05,05566,Steinfurt,42753,73973,46970,19872,6690,66304,9747,9345,12900,19472,10918,23503
96,05,05570,Warendorf,30426,46727,24762,14297,4043,39700,5668,5741,7782,11724,6721,15169
97,05,05711,Bielefeld,70092,56293,20823,18331,2916,42190,7085,6612,8796,11820,6772,18823
98,05,05754,Gütersloh,44010,55234,32623,20551,5653,52941,7865,7688,10638,15952,8474,18279
99,05,05758,Herford,35317,49855,18746,12353,1996,30647,4691,4804,6358,8336,5086,15254
100,05,05762,Höxter,15303,26596,13430,6174,1353,19275,2688,2666,3836,5515,3176,8173
101,05,05766,Lippe,48840,65829,27615,16869,3390,45029,7072,7028,9543,12369,7335,20303
102,05,05770,Minden-Lübbecke,36640,56119,26687,15700,3624,40432,5924,5938,8205,11749,6370,16716
103,05,05774,Paderborn,47066,49225,26919,14832,4020,43016,6597,6628,8854,12192,6698,15610
104,05,05911,Bochum,92600,60612,17920,21353,2067,44288,7703,7106,9081,11719,7100,20768
105,05,05913,Dortmund,143448,97560,31013,33280,4173,73576,12949,12024,15020,19570,11705,33242
106,05,05914,Hagen,41230,29462,10874,11633,1855,25548,4290,4100,5269,6945,4356,10326
107,05,05915,Hamm,29828,32236,12875,9523,1510,23897,3700,3714,4878,6739,4063,10354
108,05,05916,Herne,39057,25979,7527,9551,914,19978,3326,3213,4117,5325,3532,8697
109,05,05954,Ennepe-Ruhr-Kreis,72510,57780,18356,17504,2085,38036,6238,6000,7799,10681,6173,18409
110,05,05958,Hochsauerlandkreis,43466,55303,18088,11009,1534,29228,4415,4376,5913,8290,5096,16913
111,05,05962,Märkischer Kreis,69431,72941,27197,23912,3817,54066,8427,8101,11015,15422,9163,23521
112,05,05966,Olpe,19333,27124,9613,6975,859,16520,2534,2632,3413,4580,2720,8925
113,05,05970,Siegen-Wittgenstein,42559,60219,18615,12796,1529,31638,5272,5073,6618,8195,5111,18475
114,05,05974,Soest,42373,59528,23905,13868,2503,38225,5770,5818,7867,10513,6365,18771
115,05,05978,Unna,66577,80472,23171,21121,2570,47178,7535,7351,9555,13206,7905,24859
116,06,06411,Kreisfreie Stadt Darmstadt,41384,22602,10074,7931,1817,19817,3692,3262,4259,5061,2857,7966
117,06,06412,Kreisfreie Stadt Frankfurt am Main,201331,96523,45444,39372,11522,99095,19695,17357,21266,24830,13425,35308
118,06,06413,Kreisfreie Stadt Offenbach am Main,33483,16730,8782,6103,2080,17230,3228,2885,3647,4521,2542,6226
119,06,06414,Landeshauptstadt Wiesbaden,71886,43095,16974,12974,3427,35453,6522,5881,7428,9544,5416,15131
120,06,06431,Bergstraße,42975,55536,17937,12671,2144,31563,5179,5164,6703,8065,5162,17490
121,06,06432,Darmstadt-Dieburg,41390,60280,19398,15569,2936,37753,6243,6231,8129,9826,6087,19566
122,06,06433,Groß-Gerau,44335,49014,18315,14908,3401,36063,6287,5994,7592,9429,5622,16547
123,06,06434,Hochtaunus,36890,44174,17713,11281,2522,30845,4429,4842,6759,8835,4974,14060
124,06,06435,Main-Kinzig,61727,79989,29648,21315,4496,54103,8759,8605,11264,14693,8518,25639
125,06,06436,Main-Taunus,40344,45480,15634,11716,2404,29694,4785,4815,6485,8259,4788,14815
126,06,06437,Odenwaldkreis,12189,21158,7008,4314,778,11121,1687,1703,2337,3042,1772,6106
127,06,06438,Offenbach,62170,61240,23373,19142,4325,45864,7800,7299,9630,12629,7059,20529
128,06,06439,Rheingau-Taunus,31635,40123,12702,7553,1299,21281,3227,3300,4491,5836,3559,12231
129,06,06440,Wetterau,43435,58624,23355,14859,3152,40303,6169,6323,8593,11018,6362,18809
130,06,06531,Gießen,48335,52148,17729,12480,2279,31635,5487,5048,6562,8022,4885,16079
131,06,06532,Lahn-Dill,34542,61000,16299,10167,1508,27387,4344,4446,5825,7064,4536,17517
132,06,06533,Limburg-Weilburg,24841,44164,9626,5999,1114,16187,2521,2588,3369,4266,2885,12104
133,06,06534,Marburg-Biedenkopf,39664,48991,17640,11379,1993,29712,4454,4579,6202,8192,4561,14776
134,06,06535,Vogelsberg,12164,25525,7680,3925,740,10915,1477,1607,2347,3237,1554,6609
135,06,06611,Kreisfreie Stadt Kassel,54523,32842,11026,9575,1778,23801,4416,3893,4882,6196,3624,10985
136,06,06631,Fulda,38191,40069,16604,10888,2109,27914,4321,4396,5801,7732,4362,12200
137,06,06632,Hersfeld-Rotenburg,16236,28431,8492,4682,683,12993,1990,2042,2676,3685,1958,7766
138,06,06633,Kassel,31950,57270,15296,9338,1346,25083,3977,4081,5331,6477,4111,16624
139,06,06634,Schwalm-Eder,22713,43216,12547,7109,952,18934,2676,3009,4073,5133,2994,12176
140,06,06635,Waldeck-Frankenberg,23983,35330,11078,5865,1063,16696,2419,2563,3472,4687,2723,9665
141,06,06636,Werra-Meißner,15203,26589,6325,2957,347,8946,1326,1428,1911,2333,1475,6829
142,07,07111,Stadt Koblenz,27600,17227,7107,6189,1168,14844,2641,2400,3003,3901,2169,6071
143,07,07131,Ahrweiler,17417,28705,9025,5518,1134,14676,2324,2322,3018,3803,2387,8421
144,07,07132,Altenkirchen (Ww),16227,29408,9606,4695,1183,13769,2016,2138,2868,3726,2094,8029
145,07,07133,Bad Kreuznach,22441,35146,11051,6044,1574,17845,2890,2788,3711,4653,2866,10072
146,07,07134,Birkenfeld,12380,21457,4998,2041,427,6887,1069,1029,1405,1794,1122,5312
147,07,07135,Cochem-Zell,5667,16284,4130,1978,595,5982,852,888,1149,1702,1009,4113
148,07,07137,Mayen-Koblenz,28014,43795,16215,9813,2120,26980,4362,4194,5483,7257,4365,13538
149,07,07138,Neuwied,24246,38467,13116,8526,1451,21740,3402,3446,4519,5845,3563,11242
150,07,07140,Rhein-Hunsrück-Kreis,12808,23160,8127,3806,822,11609,1718,1804,2366,3051,1866,6445
151,07,07141,Rhein-Lahn-Kreis,19421,25813,8684,4890,1066,13689,2093,2201,2808,3595,2085,7297
152,07,07143,Westerwaldkreis,20498,43309,16841,8225,2184,25207,3754,3785,5162,6769,3893,12915
153,07,07211,Stadt Trier,29858,17620,6484,5277,823,12652,2176,2032,2511,3225,1905,6019
154,07,07231,Bernkastel-Wittlich,12028,28297,7740,3908,909,11482,1721,1822,2316,3153,1727,7655
155,07,07232,Eifelkreis Bitburg-Prüm,11161,23614,7455,3249,904,9369,1476,1473,1971,2436,1453,5842
156,07,07233,Vulkaneifel,6196,16887,3861,1635,492,5099,689,771,1053,1454,836,3835
157,07,07235,Trier-Saarburg,17940,34513,11147,5566,1232,16638,2525,2754,3586,4249,2558,10028
158,07,07311,Stadt Frankenthal (Pfalz),9230,7790,3629,2480,526,6294,1104,1000,1321,1672,965,2608
159,07,07312,Stadt Kaiserslautern,29137,17548,5884,3527,573,9992,1884,1652,2054,2366,1600,5585
160,07,07313,Stadt Landau in der Pfalz,9475,8667,2821,2154,520,5437,937,800,1099,1373,831,2744
161,07,07314,Stadt Ludwigshafen a. Rh.,32980,26151,11713,9559,2317,23757,4273,3994,4970,6252,3509,9381
162,07,07315,Stadt Mainz,52025,31627,13975,10691,2911,26075,4805,4300,5381,6674,3693,11009
163,07,07316,Stadt Neustadt a.d. W.,9247,11212,3116,2551,376,6129,1072,978,1245,1653,995,3537
164,07,07317,Stadt Pirmasens,10615,7537,2777,1442,121,4315,697,727,909,1030,727,2261
165,07,07318,Stadt Speyer,10019,7784,3462,2770,660,6695,1089,1026,1433,1770,1141,2494
166,07,07319,Stadt Worms,14553,15067,5759,4298,828,10642,1817,1684,2173,2969,1635,4911
167,07,07320,Stadt Zweibrücken,6999,6797,2611,1246,157,3934,607,638,798,957,668,2120
168,07,07331,Alzey-Worms,11653,27187,11698,5176,1470,17237,2717,2761,3621,4327,2730,8153
169,07,07332,Bad Dürkheim,15957,34163,8298,4652,942,13509,2141,2210,2891,3415,2269,9628
170,07,07333,Donnersbergkreis,7227,17310,5927,2872,784,9039,1346,1363,1826,2565,1469,4911
171,07,07334,Germersheim,13771,22751,11752,6642,1560,18876,2983,2996,3792,4984,2894,7598
172,07,07335,Kaiserslautern,17015,30811,5748,1883,520,7627,1229,1215,1552,1902,1277,8192
173,07,07336,Kusel,7675,20340,4895,1358,399,5824,834,890,1164,1483,919,5061
174,07,07337,Südliche Weinstraße,10762,25406,8654,4276,1126,13176,2036,2135,2755,3439,2039,7513
175,07,07338,Rhein-Pfalz-Kreis,16905,32388,12185,7048,1529,20288,3424,3421,4171,5118,3167,10375
176,07,07339,Mainz-Bingen,26592,42989,15346,10806,1793,27160,4224,4419,5772,7224,4399,13754
177,07,07340,Südwestpfalz,11174,25089,7345,2186,586,9332,1326,1493,1855,2287,1494,7030
178,08,08111,Stuttgart,137373,89374,34923,41150,9114,88655,16201,14392,18391,22858,12801,32206
179,08,08115,Böblingen,57319,73098,27200,20602,4660,51360,8888,8555,10821,13562,7985,23936
180,08,08116,Esslingen,86713,103204,32377,29276,5118,67835,11136,10750,14221,18926,10794,33758
181,08,08117,Göppingen,37891,51519,16814,13262,2483,32063,5244,5055,6693,8733,5075,16119
182,08,08118,Ludwigsburg,84440,102103,35199,29362,6266,70527,12064,11490,14888,18941,10993,33905
183,08,08119,Rems-Murr-Kreis,67750,79827,26598,24371,4231,55053,8829,8676,11359,15465,8817,26079
184,08,08121,Heilbronn,25286,22686,6989,6887,1346,15844,2808,2574,3350,4327,2431,7732
185,08,08125,Heilbronn,37700,67099,28283,16962,3564,46573,7440,7228,9473,12875,7240,21205
186,08,08126,Hohenlohekreis,13703,21057,10158,4953,1162,15012,2313,2171,3100,4252,2221,6380
187,08,08127,Schwäbisch Hall,25484,35714,17639,8594,2227,26049,4102,4039,5279,7117,3914,10542
188,08,08128,Main-Tauber-Kreis,15881,27260,11061,5609,1219,16558,2493,2456,3222,4807,2540,7873
189,08,08135,Heidenheim,15158,27675,10862,5967,1062,17146,2605,2714,3658,4570,2746,8236
190,08,08136,Ostalbkreis,41475,60127,26617,14265,2895,41793,6308,6351,8497,11386,6727,18283
191,08,08211,Baden-Baden,13176,10183,3045,2638,366,6231,985,917,1252,1746,954,3214
192,08,08212,Karlsruhe,67477,45196,19480,17655,4592,42286,7393,6729,8544,10960,6269,16120
193,08,08215,Karlsruhe,56844,86337,33014,22537,4868,59081,9260,9425,12403,15951,9155,28623
194,08,08216,Rastatt,32355,41934,16711,12877,2519,31347,4779,4897,6434,8547,4916,13752
195,08,08221,Heidelberg,35776,22506,9201,9300,2271,20317,3869,3297,4150,5075,2655,7875
196,08,08222,Mannheim,82301,47635,17133,14981,3582,38398,7226,6350,7746,10054,5793,17216
197,08,08225,Neckar-Odenwald-Kreis,15640,30452,12013,5983,1322,17891,2641,2614,3551,4965,2800,8612
198,08,08226,Rhein-Neckar-Kreis,87334,109791,35356,27468,4738,67120,11007,11013,14364,17876,10509,35500
199,08,08231,Pforzheim,25614,19897,7617,7103,1632,16568,2936,2692,3369,4538,2517,6926
200,08,08235,Calw,24409,31243,11959,6961,1514,19378,2920,3041,3984,5351,3099,9400
201,08,08236,Enzkreis,21525,41697,15361,9501,1860,25593,4005,3921,5299,6847,4204,12903
202,08,08237,Freudenstadt,15236,20373,10113,6039,1373,16110,2350,2321,3264,4762,2365,6054
203,08,08311,Freiburg im Breisgau,54806,32358,13370,13226,3213,29106,5376,4744,6000,7340,4180,11625
204,08,08315,Breisgau-Hochschwarzwald,41074,43359,19011,14789,3546,35487,5383,5461,7383,10192,5380,13836
205,08,08316,Emmendingen,24500,26032,12856,9427,2452,23534,3579,3525,4789,6982,3530,8474
206,08,08317,Ortenaukreis,62296,70451,33143,24613,5498,59292,8924,9004,12131,17370,8745,22355
207,08,08325,Rottweil,15992,28054,11799,6267,1340,18092,2759,2821,3725,5184,2759,8312
208,08,08326,Schwarzwald-Baar-Kreis,35478,37949,15441,10668,2273,27014,4255,4159,5587,7726,4106,11903
209,08,08327,Tuttlingen,15713,26354,12442,6454,1693,19603,3135,3037,4052,5383,3005,8169
210,08,08335,Konstanz,59381,51396,17288,14033,2729,34164,5553,5362,7110,9499,5410,16590
211,08,08336,Lörrach,36929,41699,16172,11720,2514,29871,4701,4695,6385,8327,4542,13371
212,08,08337,Waldshut,26175,30970,12791,8625,1890,21778,3146,3320,4648,6347,3370,9144
213,08,08415,Reutlingen,36761,57112,21407,14189,2872,37337,6109,5901,7664,10234,5817,17904
214,08,08416,Tübingen,37633,43520,16262,10464,2021,28197,4832,4495,5790,7396,4402,13943
215,08,08417,Zollernalbkreis,17588,47913,13625,6939,1360,21005,3190,3192,4375,5568,3403,13172
216,08,08421,Ulm,25629,22229,7431,6519,1448,15935,2798,2578,3389,4247,2373,7597
217,08,08425,Alb-Donau-Kreis,20391,39543,17368,8575,1993,26418,4127,4078,5388,7134,4127,12121
218,08,08426,Biberach,22108,39313,19163,7719,2091,26978,4252,4287,5648,7108,4171,11521
219,08,08435,Bodenseekreis,39492,39087,14367,10675,2416,26117,4128,4044,5432,7290,4121,12261
220,08,08436,Ravensburg,39275,49313,24223,13715,3587,37521,5639,5537,7828,10934,5627,14549
221,08,08437,Sigmaringen,13598,28779,10376,5288,1393,15864,2325,2384,3284,4507,2546,7890
222,09,09161,Ingolstadt,24281,24765,10075,6282,1500,18073,3407,3029,3592,4609,2618,8181
223,09,09162,München,409811,225804,81395,62513,19840,176834,36810,32006,36901,43171,24008,81596
224,09,09163,Rosenheim,14662,11458,3588,2968,622,7648,1377,1196,1561,2070,1199,3876
225,09,09171,Altötting,14381,22923,9596,4321,972,13469,2135,2042,2773,3773,2054,6341
226,09,09172,Berchtesgadener Land,20121,17838,7837,5106,1099,12639,1953,1889,2556,3729,1748,5109
227,09,09173,Bad Tölz-Wolfratshausen,20911,21996,9643,6463,1470,16688,2769,2678,3473,4567,2593,6754
228,09,09174,Dachau,20470,24778,14250,7545,2129,22831,3719,3567,4747,6224,3331,8210
229,09,09175,Ebersberg,18110,24869,13381,6404,1674,20181,3047,3333,4321,5539,3099,8029
230,09,09176,Eichstätt,12500,24307,15138,4791,1312,19629,3205,3167,4008,5013,2765,7470
231,09,09177,Erding,16600,21753,13835,6613,1857,19625,2939,2989,3981,5744,2906,6766
232,09,09178,Freising,26973,30789,15096,8545,2096,24270,3994,3871,5112,6557,3670,9929
233,09,09179,Fürstenfeldbruck,29749,40228,18715,10229,2379,30539,4933,4860,6720,8112,4666,12987
234,09,09180,Garmisch-Partenkirchen,21224,16867,4887,4091,469,9415,1593,1519,1942,2426,1498,5220
235,09,09181,Landsberg am Lech,14520,26427,9519,4816,947,14562,2213,2314,3031,3977,2363,7394
236,09,09182,Miesbach,20394,17684,7321,4230,998,11521,1715,1793,2404,3253,1730,5204
237,09,09183,Mühldorf a.Inn,13798,20880,11185,4613,1470,14721,2202,2227,3088,4201,2142,5821
238,09,09184,München,55256,59440,29915,15265,4186,48367,7416,7789,10631,13477,7304,19302
239,09,09185,Neuburg-Schrobenhausen,11162,19629,9622,3328,807,12881,2005,2086,2708,3352,1919,5674
240,09,09186,Pfaffenhofen a.d.Ilm,14277,26517,11256,5216,1025,16248,2720,2697,3445,4122,2405,8103
241,09,09187,Rosenheim,40299,48931,20114,11993,2793,31818,4718,4880,6846,8912,4961,14129
242,09,09188,Starnberg,20202,27577,10504,5817,1133,17094,2468,2651,3697,4729,2892,7893
243,09,09189,Traunstein,28455,34617,13996,7196,1678,19690,2912,2964,4159,5705,2906,9344
244,09,09190,Weilheim-Schongau,19207,27497,10506,5861,1215,16422,2509,2641,3511,4431,2618,7957
245,09,09261,Landshut,15484,12488,5217,3144,701,9148,1587,1441,1940,2365,1356,4144
246,09,09262,Passau,18055,9913,2209,1660,228,4277,729,693,911,1078,701,2937
247,09,09263,Straubing,10345,8905,2966,1888,582,5469,908,811,1073,1485,818,2853
248,09,09271,Deggendorf,16030,23964,11067,4329,868,13989,1915,2069,2920,4021,2101,6432
249,09,09272,Freyung-Grafenau,10104,18210,6464,2563,411,7010,835,1041,1325,2215,1094,4017
250,09,09273,Kelheim,12081,21360,14034,4770,1206,18066,2658,2603,3653,5045,2572,6330
251,09,09274,Landshut,14224,30976,16697,6095,1575,20708,3031,3242,4451,5738,3015,8758
252,09,09275,Passau,22744,39822,17644,7214,1525,20774,2607,3074,4320,6367,3010,9835
253,09,09276,Regen,10807,16907,6103,3029,498,7539,1004,1133,1494,2378,1128,3911
254,09,09277,Rottal-Inn,12590,25566,11429,4231,1118,12518,1540,1709,2539,4198,1775,5886
255,09,09278,Straubing-Bogen,7383,21040,10692,3418,1061,12091,1668,1792,2452,3479,1783,5202
256,09,09279,Dingolfing-Landau,7832,20172,9908,3409,914,11847,1739,1722,2294,3510,1773,5563
257,09,09361,Amberg,10489,8845,2109,1609,159,4178,723,648,886,1049,721,2769
258,09,09362,Regensburg,49533,24745,7823,5738,1123,15865,3078,2709,3333,3918,2278,8524
259,09,09363,Weiden i.d.OPf.,11891,8952,1962,1535,137,4002,714,638,822,969,738,2730
260,09,09371,Amberg-Sulzbach,13272,22730,8275,3931,741,11264,1601,1669,2322,3119,1793,6177
261,09,09372,Cham,14392,28206,11132,4662,979,12684,1574,1897,2629,4094,1668,6390
262,09,09373,Neumarkt i.d.OPf.,14072,25824,13685,5046,1235,17804,2608,2817,3673,4738,2567,7514
263,09,09374,Neustadt a.d.Waldnaab,13748,23423,6460,2978,497,8437,1219,1255,1761,2309,1328,6034
264,09,09375,Regensburg,20719,39996,17573,7761,1772,24584,3786,4020,5099,6470,3742,11882
265,09,09376,Schwandorf,19498,32800,11456,5820,874,15997,2340,2456,3334,4350,2516,9215
266,09,09377,Tirschenreuth,9173,16253,5652,2880,454,7705,1077,1157,1570,2207,1153,4256
267,09,09461,Bamberg,21614,13024,4254,3593,502,9209,1868,1528,1848,2279,1327,4434
268,09,09462,Bayreuth,19976,13219,3858,3305,440,7927,1340,1169,1531,2226,1212,4215
269,09,09463,Coburg,10051,9019,1894,1604,132,3988,701,638,848,1020,666,2777
270,09,09464,Hof,11932,8924,2307,1965,184,4826,860,848,1003,1112,805,2791
271,09,09471,Bamberg,19249,30806,11026,6971,1040,18067,2917,2920,3766,4738,2821,9609
272,09,09472,Bayreuth,12507,23424,8290,3991,686,11349,1536,1693,2416,3177,1753,6208
273,09,09473,Coburg,11467,20326,6004,3628,451,9536,1426,1501,1918,2614,1508,5848
274,09,09474,Forchheim,14160,25024,8528,5379,929,14060,2183,2344,2972,3678,2205,7400
275,09,09475,Hof,12976,25032,6267,2845,409,8174,1088,1176,1658,2346,1379,5988
276,09,09476,Kronach,8703,18081,4417,1951,227,5835,780,850,1239,1647,930,4660
277,09,09477,Kulmbach,9743,17126,5336,2474,383,7331,1033,981,1481,2130,1208,4610
278,09,09478,Lichtenfels,8709,15352,5063,2489,440,7391,1103,1139,1612,1911,1156,4394
279,09,09479,Wunsiedel i.Fichtelgebirge,12244,18612,4265,2338,301,6315,960,944,1319,1741,1089,4675
280,09,09561,Ansbach,9663,8657,2229,1797,163,4446,827,768,929,1085,711,2755
281,09,09562,Erlangen,33166,19897,5459,4468,609,11265,2148,2015,2357,2729,1721,6477
282,09,09563,Fürth,30296,21557,7637,6150,1268,16403,3109,2801,3279,4196,2546,7514
283,09,09564,Nürnberg,135760,90333,27043,22557,5504,62159,11729,10467,12837,16326,9366,30584
284,09,09565,Schwabach,6887,8542,2696,1826,284,4975,826,807,1023,1311,802,2620
285,09,09571,Ansbach,19531,35923,18351,7016,1853,24179,3616,3589,4972,6650,3480,10562
286,09,09572,Erlangen-Höchstadt,16098,30452,10111,5654,1209,16625,2727,2883,3602,4128,2578,9162
287,09,09573,Fürth,17081,25910,8436,4857,747,13940,2349,2408,2961,3416,2159,7883
288,09,09574,Nürnberger Land,22338,38485,12330,6850,1280,19868,3087,3244,4200,5282,3072,11271
289,09,09575,Neustadt a.d.Aisch-Bad Windsheim,11400,21306,8838,3856,831,12153,1739,1885,2476,3391,1877,6140
290,09,09576,Roth,13145,27546,10787,5283,1011,15872,2529,2483,3264,4126,2443,7843
291,09,09577,Weißenburg-Gunzenhausen,11191,19343,8232,3803,896,12023,1838,1763,2391,3286,1885,5743
292,09,09661,Aschaffenburg,19361,12218,3793,3396,344,8352,1464,1333,1772,2262,1318,4238
293,09,09662,Schweinfurt,12686,9910,2849,2618,450,6480,1194,1056,1350,1744,962,3220
294,09,09663,Würzburg,43463,21931,6214,4230,665,12106,2458,2118,2311,2834,1761,7546
295,09,09671,Aschaffenburg,26664,39738,11485,7298,827,19126,3126,3119,3966,4921,3179,12347
296,09,09672,Bad Kissingen,15761,23021,7664,3938,528,11406,1627,1755,2319,3096,1824,6551
297,09,09673,Rhön-Grabfeld,8760,17320,6623,3103,779,9669,1425,1460,1991,2721,1461,4883
298,09,09674,Haßberge,9623,19454,6776,3271,522,9785,1466,1552,2035,2579,1523,5539
299,09,09675,Kitzingen,11131,18617,7310,4161,785,11723,1792,1812,2307,3217,1812,5562
300,09,09676,Miltenberg,18338,28410,8789,5863,748,15151,2357,2428,3178,3909,2535,8763
301,09,09677,Main-Spessart,15409,30295,9098,4831,738,13937,2147,2162,2894,3672,2222,9120
302,09,09678,Schweinfurt,13764,25273,9184,4712,873,14085,2224,2304,2959,3647,2147,7488
303,09,09679,Würzburg,22880,35860,11944,6599,995,19129,3085,3216,3945,4890,3063,10877
304,09,09761,Augsburg,80289,48641,16489,12982,2793,36108,6788,5974,7144,9492,5545,17095
305,09,09762,Kaufbeuren,8447,8690,2877,1971,298,5444,893,838,1076,1518,868,2763
306,09,09763,Kempten (Allgäu),16576,11559,4057,3325,707,8214,1504,1266,1574,2269,1308,3897
307,09,09764,Memmingen,7941,8135,3264,1973,375,5730,977,877,1153,1544,903,2676
308,09,09771,Aichach-Friedberg,14139,27715,12359,5320,1101,17629,2912,2882,3760,4490,2683,8352
309,09,09772,Augsburg,29673,56197,19969,9769,2016,31186,5047,5113,6527,8175,5075,16607
310,09,09773,Dillingen a.d.Donau,7491,20684,10125,3044,906,13027,1924,1956,2640,3553,1987,5795
311,09,09774,Günzburg,12181,27471,11038,5118,984,15838,2342,2404,3268,4207,2473,7887
312,09,09775,Neu-Ulm,25887,36857,12609,7315,1432,21201,3506,3357,4492,5498,3426,11228
313,09,09776,Lindau (Bodensee),16872,15771,5017,3769,601,8678,1277,1318,1792,2457,1520,4467
314,09,09777,Ostallgäu,19810,29210,12145,5036,1087,16480,2526,2556,3253,4667,2488,7926
315,09,09778,Unterallgäu,14753,30319,14266,4828,1278,18415,2774,2817,3713,5127,2734,8303
316,09,09779,Donau-Ries,13359,27313,13196,4966,1190,18126,2662,2754,3767,4922,2679,8064
317,09,09780,Oberallgäu,31855,28417,10510,7020,1345,16961,2620,2660,3451,4900,2613,7955
318,10,10041,Regionalverband Saarbrücken,79379,56909,27541,10444,2226,38434,6367,6050,7795,9322,5894,17673
319,10,10042,Landkreis Merzig-Wadern,10934,24961,8700,2964,804,11215,1589,1655,2289,2986,1779,6775
320,10,10043,Landkreis Neunkirchen,23178,28607,11960,3137,671,14657,2174,2230,2763,3409,2207,8610
321,10,10044,Landkreis Saarlouis,30174,44800,16170,5222,1126,21112,3085,3376,4244,5275,3373,13129
322,10,10045,Saarpfalz-Kreis,22874,34576,11214,3303,723,14052,2039,2154,2823,3574,2208,10014
323,10,10046,Landkreis St. Wendel,12685,21363,7484,2104,217,8630,1033,1272,1741,2241,1289,6061
324,11,11000,Berlin,988735,559872,211995,153462,51944,436586,84231,77886,94946,108911,59983,207267
325,12,12051,Brandenburg an der Havel,20281,13931,2861,3226,445,7229,1221,1258,1576,1764,1000,4411
326,12,12052,Cottbus,28799,16931,4861,4124,921,10286,1776,1774,2284,2535,1448,5636
327,12,12053,Frankfurt (Oder),14592,10090,3040,2712,603,6636,1017,1020,1439,1765,966,3355
328,12,12054,Potsdam,45392,26100,10159,8910,2679,22011,4049,3750,4930,5624,2911,9215
329,12,12060,Barnim,26576,43354,12087,6553,1325,19579,2986,3186,4482,5053,2929,12222
330,12,12061,Dahme-Spreewald,22948,40776,11526,5708,1279,17251,2796,2924,3761,4310,2534,11310
331,12,12062,Elbe-Elster,16247,26235,6041,3331,464,9290,1398,1439,1964,2510,1433,6789
332,12,12063,Havelland,21148,36452,12850,5995,985,19400,2777,3108,4278,4961,3075,10753
333,12,12064,Märkisch-Oderland,26456,48266,13087,6190,1396,19314,2891,3216,4370,4928,2918,13312
334,12,12065,Oberhavel,30582,51264,13990,7511,1188,22650,3285,3685,4935,5949,3762,14636
335,12,12066,Oberspreewald-Lausitz,21833,25316,5673,4487,593,10634,1592,1676,2332,2700,1518,6922
336,12,12067,Oder-Spree,31977,44227,9346,6042,1110,16424,2608,2655,3630,4167,2525,11827
337,12,12068,Ostprignitz-Ruppin,19417,24544,4853,3372,489,8673,1312,1428,1890,2282,1316,6609
338,12,12069,Potsdam-Mittelmark,22191,44756,20502,7914,1785,28079,3827,4264,6167,7513,4398,13093
339,12,12070,Prignitz,21115,20035,2865,1516,119,4328,627,678,909,1114,738,4755
340,12,12071,Spree-Neiße,20312,27760,6364,4140,562,10137,1439,1644,2217,2718,1448,7142
341,12,12072,Teltow-Fläming,24301,36158,13206,6538,1135,20037,3182,3233,4317,4960,2995,10692
342,12,12073,Uckermark,25822,27436,5654,4451,785,11038,1571,1764,2354,2978,1732,6989
343,13,13003,"Rostock, Hansestadt",60888,35530,11279,7195,2615,24115,4411,4159,5156,5916,3297,12638
344,13,13004,"Schwerin, Landeshauptstadt",27209,17656,4324,3912,931,10887,1852,1863,2358,2790,1633,6012
345,13,13071,Mecklenburgische Seenplatte,50511,60220,14365,8809,1819,25002,3612,4041,5454,6687,3889,15420
346,13,13072,Landkreis Rostock,31223,47084,16921,7643,1580,23801,3447,3892,5291,6031,3398,12018
347,13,13073,Vorpommern-Rügen,49410,52727,11843,6525,1593,19298,2799,3120,4421,5061,2916,13145
348,13,13074,Nordwestmecklenburg,29028,36254,10040,5045,936,15566,2268,2474,3419,3947,2441,9264
349,13,13075,Vorpommern-Greifswald,46903,57371,11746,7637,1697,20354,3164,3300,4475,5267,3040,14026
350,13,13076,Ludwigslust-Parchim,31814,52258,13467,7125,1380,20062,2951,3261,4434,5094,3067,13471
351,14,14511,Chemnitz,78577,40648,10768,10708,2032,25676,4716,4485,5499,6084,3707,13692
352,14,14521,Erzgebirgskreis,71427,66065,19001,16625,2038,36633,5378,5908,8173,9804,5310,19294
353,14,14522,Mittelsachsen,60111,61404,17925,14274,2263,31435,4651,5111,7095,8288,4594,16930
354,14,14523,Vogtlandkreis,51068,51230,11642,8411,1072,20716,3075,3304,4553,5538,3141,13747
355,14,14524,Zwickau,72152,64509,15966,14719,1646,33066,5073,5481,7231,8526,4943,19111
356,14,14612,Dresden,148998,86105,30604,25390,7093,65608,12482,11982,14881,16269,8237,30716
357,14,14625,Bautzen,50321,61191,20914,12799,2580,33735,4966,5549,7400,8788,4786,16612
358,14,14626,Görlitz,51997,58609,13608,9277,1396,23219,3254,3732,5052,6436,3364,14089
359,14,14627,Meißen,47216,50879,13416,11014,1640,25716,3772,4288,5750,6610,3942,14657
360,14,14628,Sächsische Schweiz-Osterzgebirge,46662,48361,15355,11465,1998,27407,4097,4489,6130,7314,3936,13775
361,14,14713,Leipzig,172942,88960,33021,24594,6993,67165,13390,12408,14428,15811,8014,32753
362,14,14729,Leipzig,44902,56663,15412,11197,1608,27784,4215,4556,6105,7195,4221,16319
363,14,14730,Nordsachsen,36531,44783,11044,8241,1053,20173,3131,3384,4452,5180,3055,12658
364,15,15001,Dessau-Roßlau,19947,18505,3525,2947,377,7413,1171,1181,1592,1827,1137,5107
365,15,15002,Halle (Saale),70120,38100,12014,10449,2631,27221,4960,4570,5940,6901,3707,13349
366,15,15003,Magdeburg,65994,39233,13731,10162,2188,27221,4941,4636,5845,6772,3642,13369
367,15,15081,Altmarkkreis Salzwedel,10296,19159,6110,3399,613,9045,1264,1476,1958,2370,1343,5191
368,15,15082,Anhalt-Bitterfeld,31711,41030,7227,5039,710,12740,1875,2056,2734,3239,1997,10437
369,15,15083,Börde,22692,44533,10310,6116,894,16477,2400,2767,3584,4348,2408,12340
370,15,15084,Burgenlandkreis,36626,40161,9496,7354,1016,17452,2645,2830,3736,4625,2514,11194
371,15,15085,Harz,44481,53461,9722,7458,762,17949,2583,2893,3889,4768,2964,14632
372,15,15086,Jerichower Land,12397,21709,5881,3309,563,9111,1383,1567,1954,2191,1411,5838
373,15,15087,Mansfeld-Südharz,21885,38594,6191,4075,431,10420,1438,1658,2302,2690,1727,8972
374,15,15088,Saalekreis,30308,48334,9190,6536,684,16416,2472,2728,3613,4251,2508,12670
375,15,15089,Salzlandkreis,35977,48964,8639,6719,756,16599,2473,2702,3547,4273,2629,12804
376,15,15090,Stendal,18162,27098,6497,4076,713,10710,1527,1687,2370,2834,1673,6870
377,15,15091,Wittenberg,20719,33743,6082,4158,534,10115,1453,1606,2164,2724,1582,8275
378,16,16051,Erfurt,58092,29427,14098,9146,3222,26807,4759,4584,5800,6755,3571,10056
379,16,16052,Gera,28990,13837,5919,3681,931,10514,1704,1708,2304,2727,1461,4625
380,16,16053,Jena,30015,16909,6734,4989,1383,12778,2311,2273,2808,3180,1680,5733
381,16,16054,Suhl,10393,6865,1886,997,201,3116,462,563,644,753,468,1978
382,16,16055,Weimar,16226,10256,3821,3218,752,7884,1302,1303,1785,2106,1118,3323
383,16,16056,Eisenach,11230,6311,2745,2143,341,5129,820,805,1058,1399,759,2123
384,16,16061,Eichsfeld,14064,16622,10020,4350,1113,14342,2173,2266,3127,3653,1983,5186
385,16,16062,Nordhausen,18142,18426,4743,2894,568,7908,1234,1365,1726,1989,1227,5081
386,16,16063,Wartburgkreis,17466,26321,9413,4864,968,14026,2019,2414,3097,3554,1971,7630
387,16,16064,Unstrut-Hainich-Kreis,16832,21742,7540,3937,833,11792,1816,1932,2552,3065,1721,6308
388,16,16065,Kyffhäuserkreis,11842,19919,4220,2184,380,6459,955,1070,1409,1683,1019,4875
389,16,16066,Schmalkalden-Meiningen,21556,28123,8282,3886,685,11769,1750,2060,2590,3023,1582,7732
390,16,16067,Gotha,26968,26861,8835,5584,1129,15226,2354,2475,3270,3939,2308,7939
391,16,16068,Sömmerda,9714,15356,5269,2555,632,8110,1208,1276,1752,2117,1179,4256
392,16,16069,Hildburghausen,8065,12775,5362,2714,574,7633,1060,1155,1727,1990,938,3455
393,16,16070,Ilm-Kreis,25935,21629,6605,3888,774,10868,1659,1853,2306,2806,1488,6298
394,16,16071,Weimarer Land,12229,16937,6302,3194,734,9474,1341,1586,2163,2374,1298,4687
395,16,16072,Sonneberg,10431,12389,3878,1899,331,5506,763,879,1140,1442,874,3534
396,16,16073,Saalfeld-Rudolstadt,23337,22553,6558,3658,692,10132,1553,1659,2239,2434,1526,6329
397,16,16074,Saale-Holzland-Kreis,12729,16264,6573,3542,761,9855,1458,1626,2174,2414,1451,4546
398,16,16075,Saale-Orla-Kreis,14015,18458,5379,2723,568,7782,1133,1246,1722,2003,1120,4793
399,16,16076,Greiz,19192,21603,6498,3345,567,9263,1187,1573,1965,2412,1386,5744
400,16,16077,Altenburger Land,20139,18574,5201,3604,557,8388,1223,1303,1839,2225,1272,4839
