,ags2,ags5,kreis,mean_unemployed,mean_unemployment_rate,mean_registerd_jobs,mean_unemployment_benefit_recipients,employees_social_security_at_residence,employees_social_security_at_work
0,01,01001,"Flensburg, Stadt",4494.357142857143,8.614285714285714,770.5,1283.5,32548.333333333332,44834.333333333336
1,01,01002,"Kiel, Landeshauptstadt",11290.75,8.128571428571428,2615.5714285714284,2531.8333333333335,92457.66666666667,126471.33333333333
2,01,01003,"Lübeck, Hansestadt",9083.57142857143,7.864285714285714,2430.035714285714,2466.5833333333335,80897.16666666667,100578.66666666667
3,01,01004,"Neumünster, Stadt",3689.3571428571427,8.57857142857143,1146.1785714285713,941.75,30258.166666666668,41293.166666666664
4,01,01051,Dithmarschen,4128.964285714285,5.925,969.2142857142857,1403.75,49071.5,43052.0
5,01,01053,Herzogtum Lauenburg,5449.25,5.171428571428572,1399.857142857143,1963.7083333333333,76134.5,49149.166666666664
6,01,01054,Nordfriesland,4861.607142857143,5.171428571428571,1289.0714285714287,2055.125,63190.333333333336,61125.833333333336
7,01,01055,Ostholstein,5645.392857142857,5.339285714285714,1575.642857142857,2341.4166666666665,73666.33333333333,61868.833333333336
8,01,01056,Pinneberg,8930.285714285714,5.060714285714284,2209.1071428571427,3392.9166666666665,129762.33333333333,93791.0
9,01,01057,Plön,2950.9285714285716,4.439285714285714,504.9642857142857,1253.8333333333333,46529.5,27869.833333333332
10,01,01058,Rendsburg-Eckernförde,6090.928571428572,4.2749999999999995,1926.9642857142858,2489.25,101047.33333333333,80426.5
11,01,01059,Schleswig-Flensburg,5285.392857142857,4.950000000000001,1089.0,2022.125,71334.0,56883.5
12,01,01060,Segeberg,7114.892857142857,4.610714285714286,2241.6071428571427,2835.625,114156.0,93511.16666666667
13,01,01061,Steinburg,4001.75,5.557142857142857,995.0,1260.2916666666667,51721.0,39942.833333333336
14,01,01062,Stormarn,4622.642857142857,3.521428571428572,2119.4285714285716,2052.875,96537.66666666667,87662.66666666667
15,02,02000,Hamburg,74685.78571428571,7.0178571428571415,12492.75,24030.208333333332,774831.0,1004291.6666666666
16,03,03101,Braunschweig,7305.357142857143,5.19642857142857,2633.3214285714284,2242.5416666666665,103133.83333333333,132681.66666666666
17,03,03102,Salzgitter,5129.75,9.44642857142857,577.4642857142857,1086.8333333333333,39125.833333333336,48492.666666666664
18,03,03103,Wolfsburg,3348.0714285714284,4.924999999999999,1248.25,887.6666666666666,52825.666666666664,121463.66666666667
19,03,03151,Gifhorn,4109.571428571428,4.289285714285714,1020.2142857142857,1489.7083333333333,73321.83333333333,43391.0
20,03,03153,Goslar,4491.892857142857,6.560714285714286,910.6785714285714,1500.3333333333333,49040.666666666664,45461.5
21,03,03154,Helmstedt,3025.714285714286,6.085714285714284,620.0714285714286,826.8333333333334,37796.833333333336,23465.166666666668
22,03,03155,Northeim,3840.1071428571427,5.453571428571428,1300.0,1458.5833333333333,51481.5,45730.666666666664
23,03,03157,Peine,3568.035714285714,4.914285714285714,635.8571428571429,1296.875,54776.0,33140.833333333336
24,03,03158,Wolfenbüttel,3008.1071428571427,4.714285714285714,554.1785714285714,1084.7916666666667,47207.5,25668.666666666668
25,03,03159,Göttingen,9976.642857142857,5.796428571428572,3007.1428571428573,3306.375,122411.0,131229.83333333334
26,03,03241,Hannover,44847.67857142857,7.114285714285713,9831.964285714286,11988.833333333334,455836.6666666667,521624.8333333333
27,03,03251,Diepholz,5256.321428571428,4.299999999999999,1513.142857142857,2002.75,90594.16666666667,72468.5
28,03,03252,Hameln-Pyrmont,5067.928571428572,6.524999999999999,1305.892857142857,1624.7083333333333,56853.666666666664,52226.333333333336
29,03,03254,Hildesheim,9195.964285714286,6.175000000000002,1896.0714285714287,2872.0,106279.33333333333,93611.66666666667
30,03,03255,Holzminden,2337.6428571428573,6.503571428571429,456.39285714285717,730.6666666666666,26155.666666666668,23016.666666666668
31,03,03256,Nienburg/Weser,3450.6785714285716,5.132142857142857,977.3928571428571,1267.5416666666667,48604.833333333336,41103.166666666664
32,03,03257,Schaumburg,4573.178571428572,5.564285714285714,1077.2142857142858,1585.4583333333333,60453.666666666664,46267.333333333336
33,03,03351,Celle,5651.5,6.121428571428573,1652.0357142857142,1931.9583333333333,67445.16666666667,58472.166666666664
34,03,03352,Cuxhaven,5849.214285714285,5.625,1098.8214285714287,2041.75,73918.5,49369.5
35,03,03353,Harburg,5800.178571428572,4.139285714285714,2071.6785714285716,2676.875,104895.16666666667,67386.66666666667
36,03,03354,Lüchow-Dannenberg,1746.7857142857142,7.646428571428571,267.64285714285717,565.5,16355.833333333334,14461.5
37,03,03355,Lüneburg,5673.928571428572,5.760714285714287,1603.107142857143,1916.3333333333333,70457.0,59966.0
38,03,03356,Osterholz,2178.3571428571427,3.5749999999999993,605.2142857142857,1062.9166666666667,45280.5,27387.833333333332
39,03,03357,Rotenburg (Wümme),3504.4285714285716,3.8035714285714293,1529.0357142857142,1418.8333333333333,68624.5,58150.666666666664
40,03,03358,Heidekreis,4364.321428571428,5.764285714285714,1362.0714285714287,1582.2083333333333,55017.333333333336,48263.833333333336
41,03,03359,Stade,6366.928571428572,5.592857142857143,1546.3214285714287,2046.125,83905.0,64093.0
42,03,03360,Uelzen,2502.6428571428573,5.289285714285714,913.2857142857143,1027.75,34496.5,30406.166666666668
43,03,03361,Verden,2963.3571428571427,3.9892857142857148,1298.607142857143,1386.3333333333333,55241.5,48919.333333333336
44,03,03401,Delmenhorst,3879.1071428571427,10.049999999999999,576.1071428571429,974.5416666666666,26040.166666666668,20635.666666666668
45,03,03402,Emden,2351.3571428571427,8.607142857142858,707.0,695.4166666666666,18332.833333333332,33228.166666666664
46,03,03403,"Oldenburg, Stadt",6385.25,6.639285714285714,1850.392857142857,1708.5833333333333,66074.83333333333,85814.33333333333
47,03,03404,"Osnabrück, Stadt",6773.607142857143,7.096428571428571,2403.3214285714284,1871.0,66601.33333333333,97615.33333333333
48,03,03405,Wilhelmshaven,4318.0,11.167857142857143,920.6785714285714,901.4166666666666,26097.666666666668,30991.166666666668
49,03,03451,Ammerland,2645.6428571428573,3.960714285714286,1034.75,1199.0,49517.333333333336,44893.0
50,03,03452,Aurich,6996.964285714285,6.792857142857144,1253.642857142857,2601.9166666666665,70921.83333333333,60894.166666666664
51,03,03453,Cloppenburg,4190.928571428572,4.267857142857143,2071.535714285714,1778.875,73319.5,68689.16666666667
52,03,03454,Emsland,5183.321428571428,2.767857142857143,3910.0714285714284,2658.25,136213.33333333334,142640.5
53,03,03455,Friesland,2305.0,4.575,744.4285714285714,1010.9583333333334,36735.5,29789.333333333332
54,03,03456,Grafschaft Bentheim,2129.6428571428573,2.789285714285714,1393.607142857143,988.5416666666666,54321.0,51485.5
55,03,03457,Leer,5073.964285714285,5.678571428571428,845.1071428571429,2078.4583333333335,63260.333333333336,48603.5
56,03,03458,"Oldenburg, Kreis",2560.3571428571427,3.4464285714285703,1151.857142857143,1198.6666666666667,56612.5,37636.166666666664
57,03,03459,"Osnabrück, Kreis",6718.785714285715,3.282142857142857,3212.285714285714,3436.0416666666665,154058.16666666666,132073.0
58,03,03460,Vechta,3444.785714285714,3.8857142857142857,1619.642857142857,1448.3333333333333,65313.833333333336,73455.16666666667
59,03,03461,Wesermarsch,3044.785714285714,6.353571428571428,737.25,903.0833333333334,35066.833333333336,30719.0
60,03,03462,Wittmund,1739.642857142857,5.975,332.25,913.25,20768.166666666668,16325.833333333334
61,04,04011,Bremen,30874.35714285714,10.189285714285715,5306.357142857143,6553.833333333333,210538.5,282742.3333333333
62,04,04012,Bremerhaven,7902.0,13.103571428571428,1152.5,1605.2916666666667,40847.166666666664,52923.0
63,05,05111,Düsseldorf,25187.285714285714,7.357142857142857,4863.75,7451.958333333333,253173.5,429945.5
64,05,05112,Duisburg,30068.678571428572,11.635714285714286,4004.0,5955.625,175878.0,176155.33333333334
65,05,05113,Essen,32388.928571428572,10.721428571428572,3549.0714285714284,6115.541666666667,208066.33333333334,254911.83333333334
66,05,05114,Krefeld,13089.92857142857,10.714285714285714,2356.5,2852.5416666666665,84101.83333333333,95434.0
67,05,05116,Mönchengladbach,13599.67857142857,9.671428571428573,2435.0,3416.0,97733.33333333333,101536.0
68,05,05117,Mülheim an der Ruhr,6772.928571428572,7.9,1258.1785714285713,1781.2083333333333,60937.833333333336,59481.666666666664
69,05,05119,Oberhausen,11497.714285714286,10.385714285714284,1858.642857142857,2340.75,75692.66666666667,66945.83333333333
70,05,05120,Remscheid,4509.785714285715,7.589285714285715,1002.6071428571429,1343.4583333333333,42614.666666666664,46272.333333333336
71,05,05122,Solingen,6670.071428571428,7.667857142857144,1094.107142857143,2165.75,62729.333333333336,53807.333333333336
72,05,05124,Wuppertal,16810.178571428572,9.192857142857141,1881.2142857142858,4644.291666666667,128556.83333333333,127245.5
73,05,05154,Kleve,8958.5,5.353571428571429,2948.0,3064.5833333333335,116651.5,104187.83333333333
74,05,05158,Mettmann,16442.928571428572,6.303571428571429,3196.214285714286,5305.333333333333,188221.83333333334,194496.0
75,05,05162,Rhein-Kreis Neuss,13485.92857142857,5.549999999999999,2672.8214285714284,4738.208333333333,178035.83333333334,151121.5
76,05,05166,Viersen,9303.214285714286,5.710714285714286,2385.285714285714,3346.5833333333335,113417.83333333333,94738.0
77,05,05170,Wesel,15492.82142857143,6.35,4037.6428571428573,4485.041666666667,171207.16666666666,139903.83333333334
78,05,05314,Bonn,12263.75,7.071428571428571,3097.75,3045.9583333333335,121099.0,181182.33333333334
79,05,05315,Köln,51962.142857142855,8.664285714285715,6379.642857142857,13669.958333333334,427508.8333333333,584681.1666666666
80,05,05316,Leverkusen,6818.607142857143,7.7714285714285705,1106.2142857142858,2031.7916666666667,63805.0,65170.833333333336
81,05,05334,Aachen,22847.89285714286,7.478571428571427,4519.0,6430.083333333333,208013.66666666666,220090.83333333334
82,05,05358,Düren,9698.535714285714,6.760714285714285,1915.2857142857142,2817.7916666666665,101269.33333333333,86395.83333333333
83,05,05362,Rhein-Erft-Kreis,16655.678571428572,6.471428571428571,3906.5714285714284,5150.833333333333,185890.16666666666,146334.16666666666
84,05,05366,Euskirchen,5816.071428571428,5.432142857142857,1538.0714285714287,2055.4166666666665,74355.83333333333,58308.5
85,05,05370,Heinsberg,7440.571428571428,5.446428571428572,1948.9285714285713,2996.9583333333335,95299.66666666667,74367.83333333333
86,05,05374,Oberbergischer Kreis,8319.92857142857,5.496428571428571,2162.714285714286,3119.2916666666665,109882.33333333333,105892.83333333333
87,05,05378,Rheinisch-Bergischer Kreis,8737.357142857143,5.767857142857144,1317.0357142857142,2904.5,108937.83333333333,75884.0
88,05,05382,Rhein-Sieg-Kreis,17351.464285714286,5.32857142857143,3423.535714285714,5658.583333333333,230049.0,164503.33333333334
89,05,05512,Bottrop,4703.785714285715,7.717857142857143,725.4285714285714,1201.125,42396.666666666664,33260.5
90,05,05513,Gelsenkirchen,18330.535714285714,14.096428571428572,1818.0714285714287,3268.9166666666665,85994.0,82384.16666666667
91,05,05515,Münster,8487.964285714286,4.924999999999999,2591.1785714285716,2626.375,121016.5,174733.5
92,05,05554,Borken,8140.214285714285,3.7392857142857143,3246.0714285714284,3340.125,154619.33333333334,150802.5
93,05,05558,Coesfeld,3667.6071428571427,2.939285714285714,1562.642857142857,1675.75,91798.66666666667,71627.83333333333
94,05,05562,Recklinghausen,27932.464285714286,8.55,4012.464285714286,6324.75,225367.33333333334,172013.33333333334
95,05,05566,Steinfurt,10978.92857142857,4.257142857142857,3464.035714285714,3921.0833333333335,188882.83333333334,163976.5
96,05,05570,Warendorf,7663.964285714285,4.842857142857142,2888.964285714286,2584.7916666666665,115911.5,94339.83333333333
97,05,05711,Bielefeld,14418.785714285714,8.000000000000002,3331.5714285714284,3944.7083333333335,129370.0,159525.83333333334
98,05,05754,Gütersloh,9138.285714285714,4.317857142857142,2868.464285714286,4073.9166666666665,160661.5,183886.83333333334
99,05,05758,Herford,7719.821428571428,5.582142857142858,3111.1785714285716,2792.4583333333335,102782.5,95682.0
100,05,05762,Höxter,3053.1785714285716,4.042857142857143,1169.2142857142858,1345.5833333333333,55595.166666666664,45211.333333333336
101,05,05766,Lippe,11384.392857142857,6.132142857142857,2329.464285714286,3419.5833333333335,136623.0,115899.33333333333
102,05,05770,Minden-Lübbecke,8929.285714285714,5.292857142857143,3806.3214285714284,3450.4166666666665,126858.66666666667,130384.66666666667
103,05,05774,Paderborn,9508.392857142857,5.467857142857143,2362.964285714286,3377.0,124672.66666666667,121117.33333333333
104,05,05911,Bochum,17451.571428571428,9.028571428571428,3215.3214285714284,3767.2083333333335,133351.83333333334,138038.33333333334
105,05,05913,Dortmund,34641.82142857143,10.939285714285713,5331.535714285715,6894.333333333333,217787.83333333334,248788.5
106,05,05914,Hagen,11171.357142857143,11.05,2035.6785714285713,2578.9166666666665,69907.5,71188.5
107,05,05915,Hamm,8118.785714285715,8.667857142857143,1800.25,1995.0,65993.5,60981.166666666664
108,05,05916,Herne,8770.785714285714,11.124999999999998,1050.75,1858.0833333333333,54396.166666666664,47126.166666666664
109,05,05954,Ennepe-Ruhr-Kreis,10746.07142857143,6.221428571428572,1884.75,3513.5416666666665,125143.83333333333,109906.0
110,05,05958,Hochsauerlandkreis,6459.75,4.325,2677.6428571428573,2529.75,108725.83333333333,107981.16666666667
111,05,05962,Märkischer Kreis,15855.714285714286,6.964285714285715,4736.607142857143,5367.625,164300.16666666666,163001.33333333334
112,05,05966,Olpe,3098.0,3.860714285714286,1097.5714285714287,1435.2083333333333,57900.333333333336,60198.5
113,05,05970,Siegen-Wittgenstein,8137.785714285715,5.175000000000002,2416.464285714286,2783.4583333333335,112970.83333333333,118262.0
114,05,05974,Soest,9346.607142857143,5.499999999999999,2820.535714285714,3553.4583333333335,121871.0,112924.5
115,05,05978,Unna,15498.17857142857,7.278571428571429,3196.3928571428573,4427.5,150670.83333333334,133125.33333333334
116,06,06411,Kreisfreie Stadt Darmstadt,5033.392857142857,5.682142857142858,1565.6785714285713,1408.4583333333333,64037.166666666664,106222.83333333333
117,06,06412,Kreisfreie Stadt Frankfurt am Main,25089.39285714286,6.0357142857142865,8645.75,8602.25,317634.3333333333,605971.3333333334
118,06,06413,Kreisfreie Stadt Offenbach am Main,7058.142857142857,9.442857142857141,786.5357142857143,2125.875,55315.333333333336,47666.666666666664
119,06,06414,Landeshauptstadt Wiesbaden,10789.92857142857,7.003571428571428,1847.7857142857142,3031.7916666666665,110783.16666666667,138982.83333333334
120,06,06431,Bergstraße,5673.714285714285,3.839285714285714,1854.7142857142858,2479.125,107987.16666666667,76817.16666666667
121,06,06432,Darmstadt-Dieburg,7867.071428571428,4.7142857142857135,1497.5714285714287,2595.9583333333335,121436.0,77958.16666666667
122,06,06433,Groß-Gerau,8210.75,5.382142857142857,1449.5357142857142,3175.9166666666665,115129.66666666667,100776.0
123,06,06434,Hochtaunus,4926.357142857143,4.128571428571428,962.6071428571429,2087.0,89323.16666666667,97058.16666666667
124,06,06435,Main-Kinzig,10985.107142857143,4.792857142857143,3107.3571428571427,4042.8333333333335,169407.33333333334,139082.83333333334
125,06,06436,Main-Taunus,5086.214285714285,3.9357142857142855,867.75,2093.9583333333335,98338.66666666667,103763.66666666667
126,06,06437,Odenwaldkreis,2447.5714285714284,4.642857142857144,462.14285714285717,1027.9583333333333,37552.5,27669.5
127,06,06438,Offenbach,9325.32142857143,4.828571428571428,1978.0,3903.875,144102.33333333334,128932.33333333333
128,06,06439,Rheingau-Taunus,4287.964285714285,4.292857142857143,890.9285714285714,1669.5833333333333,72074.66666666667,45796.0
129,06,06440,Wetterau,7164.142857142857,4.257142857142856,2608.285714285714,2972.2083333333335,123668.33333333333,87953.66666666667
130,06,06531,Gießen,8271.464285714286,5.6571428571428575,2469.714285714286,2530.7083333333335,101191.0,100676.0
131,06,06532,Lahn-Dill,7267.857142857143,5.217857142857143,1584.7857142857142,2591.2916666666665,99260.33333333333,95691.0
132,06,06533,Limburg-Weilburg,4197.214285714285,4.492857142857143,1392.4642857142858,1705.3333333333333,66211.16666666667,55538.666666666664
133,06,06534,Marburg-Biedenkopf,5499.428571428572,4.096428571428571,2346.964285714286,2279.5416666666665,95696.66666666667,93268.0
134,06,06535,Vogelsberg,2243.25,3.8571428571428568,736.2857142857143,965.5416666666666,42092.166666666664,32651.0
135,06,06611,Kreisfreie Stadt Kassel,8601.142857142857,7.928571428571426,2060.964285714286,2228.6666666666665,74951.66666666667,112871.83333333333
136,06,06631,Fulda,3883.25,3.103571428571428,2176.5714285714284,1720.7916666666667,90382.5,94990.33333333333
137,06,06632,Hersfeld-Rotenburg,2477.964285714286,3.8464285714285724,1263.607142857143,974.7916666666666,47282.333333333336,49533.0
138,06,06633,Kassel,5109.642857142857,4.003571428571429,1067.2142857142858,2055.8333333333335,92803.0,75486.33333333333
139,06,06634,Schwalm-Eder,3624.464285714286,3.6892857142857145,1244.642857142857,1581.375,72664.0,56610.333333333336
140,06,06635,Waldeck-Frankenberg,3337.25,3.7964285714285713,1552.0714285714287,1505.4166666666667,64891.0,64125.333333333336
141,06,06636,Werra-Meißner,2734.714285714286,5.242857142857143,565.75,1016.3333333333334,37085.333333333336,28749.666666666668
142,07,07111,Stadt Koblenz,3861.3571428571427,6.199999999999998,1585.5357142857142,1145.8333333333333,42125.666666666664,75902.83333333333
143,07,07131,Ahrweiler,2749.0714285714284,3.9107142857142856,661.4285714285714,1262.9166666666667,49243.5,35523.333333333336
144,07,07132,Altenkirchen (Ww),3546.3214285714284,4.928571428571429,832.7857142857143,1524.4166666666667,50822.333333333336,38954.666666666664
145,07,07133,Bad Kreuznach,5112.928571428572,6.014285714285714,1258.142857142857,1598.5833333333333,61323.0,53879.666666666664
146,07,07134,Birkenfeld,2684.9285714285716,6.146428571428571,556.1071428571429,813.8333333333334,30622.0,27334.166666666668
147,07,07135,Cochem-Zell,1248.5357142857142,3.6821428571428574,485.42857142857144,591.0,23785.666666666668,19823.0
148,07,07137,Mayen-Koblenz,4062.8571428571427,3.442857142857142,1995.142857142857,2014.9583333333333,83851.66666666667,69290.33333333333
149,07,07138,Neuwied,5065.357142857143,5.110714285714286,1709.9285714285713,1903.3333333333333,71914.66666666667,63526.5
150,07,07140,Rhein-Hunsrück-Kreis,2243.0,3.792857142857142,1104.107142857143,981.5,42253.333333333336,38759.833333333336
151,07,07141,Rhein-Lahn-Kreis,2195.464285714286,3.3321428571428577,774.4642857142857,1154.6666666666667,47460.666666666664,32592.0
152,07,07143,Westerwaldkreis,3691.1071428571427,3.217857142857143,2053.75,1944.9166666666667,82310.16666666667,70295.66666666667
153,07,07211,Stadt Trier,3543.714285714286,5.821428571428571,1130.892857142857,1167.4166666666667,35698.0,56059.166666666664
154,07,07231,Bernkastel-Wittlich,2160.3214285714284,3.403571428571429,1279.25,1182.2916666666667,44414.333333333336,41083.166666666664
155,07,07232,Eifelkreis Bitburg-Prüm,1500.25,2.8178571428571426,720.4642857142857,693.75,30988.333333333332,28837.166666666668
156,07,07233,Vulkaneifel,1324.607142857143,3.921428571428572,588.4285714285714,580.625,23298.833333333332,20280.666666666668
157,07,07235,Trier-Saarburg,2386.8928571428573,2.9428571428571426,778.0357142857143,1215.5,45980.666666666664,31298.666666666668
158,07,07311,Stadt Frankenthal (Pfalz),1750.8214285714287,7.610714285714283,397.85714285714283,610.5,16056.166666666666,18679.166666666668
159,07,07312,Stadt Kaiserslautern,4976.892857142857,9.09642857142857,1439.5,1223.4166666666667,36946.5,54294.5
160,07,07313,Stadt Landau in der Pfalz,1417.892857142857,5.385714285714287,722.1785714285714,466.9583333333333,17657.666666666668,24060.333333333332
161,07,07314,Stadt Ludwigshafen a. Rh.,8424.07142857143,9.092857142857143,1804.6785714285713,2211.7916666666665,68316.16666666667,104974.16666666667
162,07,07315,Stadt Mainz,7047.0,5.771428571428571,1988.0,2060.625,87866.5,116067.83333333333
163,07,07316,Stadt Neustadt a.d. W.,1679.142857142857,5.757142857142858,363.5357142857143,575.1666666666666,20354.166666666668,17579.5
164,07,07317,Stadt Pirmasens,2384.25,11.285714285714286,490.07142857142856,552.9583333333334,14431.5,20672.333333333332
165,07,07318,Stadt Speyer,1715.9285714285713,6.250000000000001,604.3928571428571,576.9166666666666,19485.0,29309.833333333332
166,07,07319,Stadt Worms,3525.964285714286,7.617857142857141,1036.5357142857142,1088.875,34006.166666666664,34360.166666666664
167,07,07320,Stadt Zweibrücken,1187.642857142857,6.400000000000001,389.7857142857143,408.4583333333333,13241.166666666666,15530.166666666666
168,07,07331,Alzey-Worms,2995.5,4.142857142857143,1045.1785714285713,1332.5,53471.5,30281.5
169,07,07332,Bad Dürkheim,2926.8214285714284,4.0321428571428575,812.2142857142857,1325.0416666666667,52697.666666666664,32504.166666666668
170,07,07333,Donnersbergkreis,2205.035714285714,5.285714285714286,629.3928571428571,926.9166666666666,30364.333333333332,21936.0
171,07,07334,Germersheim,3153.25,4.217857142857144,992.9285714285714,1451.0833333333333,55179.5,45892.5
172,07,07335,Kaiserslautern,2957.0714285714284,5.185714285714285,884.5357142857143,1190.25,40624.833333333336,26016.833333333332
173,07,07336,Kusel,1709.392857142857,4.539285714285715,401.89285714285717,862.5,26957.333333333332,12531.666666666666
174,07,07337,Südliche Weinstraße,2501.285714285714,4.05,929.2142857142857,1113.375,43779.666666666664,31824.166666666668
175,07,07338,Rhein-Pfalz-Kreis,3492.1071428571427,3.932142857142856,577.75,1600.2916666666667,64480.0,28712.5
176,07,07339,Mainz-Bingen,4579.821428571428,3.875,1293.0357142857142,1865.2083333333333,86370.83333333333,58018.5
177,07,07340,Südwestpfalz,2057.6785714285716,3.9607142857142867,455.10714285714283,1050.8333333333333,37216.0,15338.666666666666
178,08,08111,Stuttgart,16733.10714285714,4.814285714285715,6511.892857142857,6014.416666666667,265052.8333333333,426986.0
179,08,08115,Böblingen,7434.214285714285,3.346428571428571,2519.1428571428573,3529.25,170427.33333333334,183594.66666666666
180,08,08116,Esslingen,11434.32142857143,3.721428571428571,5105.428571428572,5109.416666666667,230537.83333333334,220840.66666666666
181,08,08117,Göppingen,6108.035714285715,4.249999999999999,2751.3928571428573,3035.25,105673.5,88886.0
182,08,08118,Ludwigsburg,10203.32142857143,3.2607142857142852,3418.6785714285716,5030.875,236870.5,208345.33333333334
183,08,08119,Rems-Murr-Kreis,9215.964285714286,3.810714285714286,2567.214285714286,4219.583333333333,180903.83333333334,153463.0
184,08,08121,"Heilbronn, Stadt",3985.4285714285716,5.521428571428571,1071.1785714285713,1585.125,54704.0,72471.5
185,08,08125,"Heilbronn, Kreis",6806.178571428572,3.346428571428572,2437.25,3221.875,153622.66666666666,145786.33333333334
186,08,08126,Hohenlohekreis,1927.857142857143,2.846428571428571,1040.1785714285713,1059.5,51925.166666666664,59745.166666666664
187,08,08127,Schwäbisch Hall,3572.214285714286,3.1000000000000005,2172.1428571428573,1736.2916666666667,87316.83333333333,85170.16666666667
188,08,08128,Main-Tauber-Kreis,2429.5714285714284,3.150000000000001,1973.5714285714287,1324.0,56752.166666666664,56540.166666666664
189,08,08135,Heidenheim,3262.214285714286,4.428571428571427,1135.7142857142858,1586.1666666666667,55726.666666666664,53264.833333333336
190,08,08136,Ostalbkreis,5889.678571428572,3.3,2061.6785714285716,3073.7083333333335,132038.0,129048.5
191,08,08211,Baden-Baden,1507.392857142857,5.125000000000001,524.0,635.25,21524.666666666668,31165.333333333332
192,08,08212,"Karlsruhe, Stadt",7688.821428571428,4.507142857142857,3089.1428571428573,2850.5416666666665,124359.16666666667,180165.16666666666
193,08,08215,"Karlsruhe, Kreis",8333.214285714286,3.2857142857142847,2802.3571428571427,4472.291666666667,189265.33333333334,159365.16666666666
194,08,08216,Rastatt,4660.0,3.4250000000000007,1393.0,2422.9166666666665,101447.16666666667,94144.66666666667
195,08,08221,Heidelberg,3552.6428571428573,4.6428571428571415,931.0,1249.7083333333333,54576.5,91998.66666666667
196,08,08222,Mannheim,11071.57142857143,6.442857142857144,2690.6428571428573,3717.1666666666665,129481.33333333333,191269.33333333334
197,08,08225,Neckar-Odenwald-Kreis,2862.964285714286,3.507142857142857,878.9642857142857,1512.0,60497.0,46706.0
198,08,08226,Rhein-Neckar-Kreis,12185.82142857143,3.9857142857142867,2158.1785714285716,5208.666666666667,225604.5,178327.33333333334
199,08,08231,Pforzheim,4479.035714285715,6.560714285714285,956.0,1798.6666666666667,51899.5,58937.333333333336
200,08,08235,Calw,3066.5,3.371428571428571,1123.642857142857,1669.6666666666667,68956.16666666667,48662.5
201,08,08236,Enzkreis,3316.75,2.935714285714286,1058.25,1902.4583333333333,85435.83333333333,64225.833333333336
202,08,08237,Freudenstadt,2370.1071428571427,3.375,1279.2857142857142,1158.125,52475.166666666664,48443.5
203,08,08311,Freiburg im Breisgau,6760.678571428572,5.364285714285715,1918.857142857143,2301.6666666666665,85161.33333333333,129830.33333333333
204,08,08315,Breisgau-Hochschwarzwald,4627.678571428572,3.099999999999999,1732.357142857143,2312.3333333333335,105597.66666666667,84435.66666666667
205,08,08316,Emmendingen,2861.8214285714284,2.964285714285713,727.4285714285714,1508.7916666666667,70801.33333333333,54221.833333333336
206,08,08317,Ortenaukreis,8586.67857142857,3.3785714285714277,3536.3928571428573,4187.916666666667,186576.66666666666,185112.33333333334
207,08,08325,Rottweil,2366.5,2.9142857142857137,1510.892857142857,1364.5416666666667,60484.833333333336,58054.833333333336
208,08,08326,Schwarzwald-Baar-Kreis,4639.285714285715,3.835714285714286,2082.1428571428573,2326.6666666666665,89140.16666666667,89035.0
209,08,08327,Tuttlingen,2754.5,3.371428571428571,1529.0,1449.8333333333333,61721.0,67849.5
210,08,08335,Konstanz,6081.571428571428,3.7785714285714294,2121.6071428571427,2918.4166666666665,107181.33333333333,103989.83333333333
211,08,08336,Lörrach,5400.285714285715,4.171428571428571,1591.0,2604.0416666666665,77592.5,79881.83333333333
212,08,08337,Waldshut,3356.6785714285716,3.5607142857142855,1110.142857142857,1746.7916666666667,57073.833333333336,55500.333333333336
213,08,08415,Reutlingen,6334.107142857143,3.8785714285714286,1763.9285714285713,2630.7916666666665,122222.66666666667,116372.16666666667
214,08,08416,Tübingen,3837.8214285714284,3.028571428571429,1212.4285714285713,1697.9583333333333,90748.16666666667,84132.0
215,08,08417,Zollernalbkreis,3986.035714285714,3.6964285714285707,2072.5,2039.125,80137.66666666667,70529.66666666667
216,08,08421,Ulm,2802.8571428571427,3.8857142857142852,1439.6785714285713,1237.25,53917.5,95999.5
217,08,08425,Alb-Donau-Kreis,3201.5714285714284,2.7714285714285714,1426.5,1725.5,86842.83333333333,56789.0
218,08,08426,Biberach,2817.0,2.3785714285714286,1758.0357142857142,1536.1666666666667,89615.66666666667,87324.0
219,08,08435,Bodenseekreis,3491.535714285714,2.832142857142857,1629.8214285714287,1947.6666666666667,91784.0,94667.83333333333
220,08,08436,Ravensburg,4695.392857142857,2.8392857142857144,2833.714285714286,2280.9583333333335,121745.0,121750.0
221,08,08437,Sigmaringen,2409.1428571428573,3.2071428571428564,1406.4642857142858,1290.75,55364.0,48631.5
222,09,09161,Ingolstadt,2832.8214285714284,3.4821428571428577,1392.1785714285713,1323.75,63115.166666666664,106338.66666666667
223,09,09162,"München, Landeshauptstadt",38002.96428571428,4.285714285714286,8518.464285714286,16973.875,678242.0,901682.1666666666
224,09,09163,"Rosenheim, Stadt",1664.0357142857142,4.6428571428571415,892.25,741.3333333333334,26544.833333333332,35407.5
225,09,09171,Altötting,2017.5714285714287,3.1857142857142846,754.7857142857143,959.6666666666666,46940.833333333336,48532.833333333336
226,09,09172,Berchtesgadener Land,2091.8928571428573,3.9785714285714278,763.5714285714286,1112.7916666666667,37057.833333333336,36684.166666666664
227,09,09173,Bad Tölz-Wolfratshausen,1823.0,2.5892857142857144,1047.0357142857142,1102.0833333333333,52393.666666666664,38461.0
228,09,09174,Dachau,2172.5714285714284,2.382142857142857,937.6071428571429,1419.0833333333333,70565.16666666667,44066.5
229,09,09175,Ebersberg,1784.5714285714287,2.1964285714285716,1190.1785714285713,1118.8333333333333,62779.5,41859.333333333336
230,09,09176,Eichstätt,1328.9642857142858,1.7392857142857145,769.0714285714286,829.125,58011.5,41914.333333333336
231,09,09177,Erding,1877.4642857142858,2.2392857142857148,767.9285714285714,1187.875,63947.833333333336,46298.833333333336
232,09,09178,Freising,2779.4285714285716,2.5142857142857147,1633.5357142857142,1753.9583333333333,85290.16666666667,84744.0
233,09,09179,Fürstenfeldbruck,3681.8928571428573,3.010714285714286,1144.5357142857142,1989.8333333333333,91884.16666666667,52847.833333333336
234,09,09180,Garmisch-Partenkirchen,1566.5714285714287,3.332142857142857,734.1785714285714,850.0833333333334,33810.5,29388.333333333332
235,09,09181,Landsberg am Lech,1787.0,2.696428571428572,919.3214285714286,1165.5,48689.166666666664,39967.833333333336
236,09,09182,Miesbach,1473.142857142857,2.682142857142857,663.1785714285714,915.25,40386.0,36677.5
237,09,09183,Mühldorf a.Inn,2275.25,3.4714285714285706,780.0714285714286,1054.5,49367.333333333336,42419.666666666664
238,09,09184,"München, Kreis",5193.357142857143,2.735714285714286,2127.8571428571427,2886.0416666666665,145526.66666666666,240640.16666666666
239,09,09185,Neuburg-Schrobenhausen,1329.2142857142858,2.325,722.75,732.3333333333334,43275.5,33322.666666666664
240,09,09186,Pfaffenhofen a.d.Ilm,1560.642857142857,2.064285714285714,972.25,1014.0833333333334,57789.666666666664,44547.333333333336
241,09,09187,"Rosenheim, Kreis",3828.285714285714,2.6571428571428575,1698.5,2178.5833333333335,105001.0,86396.33333333333
242,09,09188,Starnberg,2006.7142857142858,2.9571428571428577,804.5714285714286,1117.7083333333333,50265.0,52695.166666666664
243,09,09189,Traunstein,2955.3928571428573,3.017857142857143,1162.9642857142858,1655.9583333333333,71661.16666666667,69442.16666666667
244,09,09190,Weilheim-Schongau,1954.25,2.596428571428571,1376.857142857143,1152.75,56009.0,50479.666666666664
245,09,09261,"Landshut, Stadt",1945.4642857142858,4.7178571428571425,649.4285714285714,864.9166666666666,30470.666666666668,38176.0
246,09,09262,"Passau, Stadt",1455.4642857142858,5.075000000000001,779.8571428571429,561.4166666666666,19220.166666666668,40141.5
247,09,09263,Straubing,1429.107142857143,5.257142857142858,809.1428571428571,612.5,19881.333333333332,30465.0
248,09,09271,Deggendorf,2167.535714285714,3.1285714285714286,1051.8214285714287,1293.4166666666667,50897.0,50967.166666666664
249,09,09272,Freyung-Grafenau,1365.1785714285713,3.0678571428571426,628.0357142857143,905.5416666666666,32196.333333333332,26497.5
250,09,09273,Kelheim,2008.392857142857,2.792857142857143,965.0,1183.5416666666667,54443.0,40674.0
251,09,09274,"Landshut, Kreis",2649.1785714285716,2.8285714285714283,1047.0,1499.0416666666667,70043.83333333333,51876.666666666664
252,09,09275,"Passau, Kreis",3585.8214285714284,3.3214285714285716,1524.3214285714287,2117.6666666666665,77981.0,61982.666666666664
253,09,09276,Regen,1580.4642857142858,3.6142857142857148,600.9642857142857,848.8333333333334,31478.0,29173.5
254,09,09277,Rottal-Inn,2333.6071428571427,3.457142857142857,1094.5714285714287,1120.4583333333333,49500.166666666664,40083.5
255,09,09278,Straubing-Bogen,1681.642857142857,2.839285714285714,727.1428571428571,1036.9583333333333,43737.5,27361.166666666668
256,09,09279,Dingolfing-Landau,2000.25,3.2107142857142863,670.3928571428571,1165.2083333333333,44797.833333333336,50655.833333333336
257,09,09361,Amberg,1162.0357142857142,4.903571428571429,592.6071428571429,481.5416666666667,17134.833333333332,27865.666666666668
258,09,09362,"Regensburg, Stadt",3615.0,4.0357142857142865,2351.035714285714,1748.5,65789.5,126147.33333333333
259,09,09363,Weiden i.d.OPf.,1313.857142857143,5.521428571428571,740.4285714285714,495.2083333333333,17053.833333333332,28221.333333333332
260,09,09371,Amberg-Sulzbach,1629.2857142857142,2.717857142857143,804.8928571428571,913.2916666666666,44316.5,29340.166666666668
261,09,09372,Cham,2207.714285714286,3.0035714285714286,1556.2142857142858,1395.7083333333333,54100.333333333336,54149.0
262,09,09373,Neumarkt i.d.OPf.,1615.5357142857142,2.071428571428571,1134.4285714285713,1053.2083333333333,59127.333333333336,51811.833333333336
263,09,09374,Neustadt a.d.Waldnaab,1719.6785714285713,3.1571428571428575,921.3928571428571,930.25,39678.333333333336,32147.5
264,09,09375,"Regensburg, Kreis",2697.6785714285716,2.3678571428571433,1261.857142857143,1737.5416666666667,84454.83333333333,49767.0
265,09,09376,Schwandorf,2761.8928571428573,3.2107142857142854,1768.357142857143,1564.2916666666667,64572.0,56514.0
266,09,09377,Tirschenreuth,1340.0714285714287,3.264285714285714,733.0,651.0,30010.5,26673.666666666668
267,09,09461,"Bamberg, Stadt",1807.857142857143,4.2821428571428575,1366.8214285714287,784.4166666666666,29594.333333333332,56117.0
268,09,09462,"Bayreuth, Stadt",1926.25,4.7857142857142865,1393.2857142857142,905.4583333333334,27739.166666666668,48021.666666666664
269,09,09463,"Coburg, Stadt",1258.5,5.4607142857142845,818.3571428571429,506.375,17135.166666666668,33833.666666666664
270,09,09464,"Hof, Stadt",1516.607142857143,6.267857142857143,698.9642857142857,546.5833333333334,17520.166666666668,24880.833333333332
271,09,09471,"Bamberg, Kreis",2180.4285714285716,2.4464285714285716,1345.1785714285713,1381.0416666666667,65886.33333333333,39300.166666666664
272,09,09472,"Bayreuth, Kreis",1820.4642857142858,3.0214285714285714,795.1428571428571,1123.25,44081.5,24407.5
273,09,09473,"Coburg, Kreis",1743.892857142857,3.4678571428571425,958.3214285714286,978.7916666666666,38434.5,29047.666666666668
274,09,09474,Forchheim,1873.7142857142858,2.782142857142857,788.75,1082.9166666666667,51058.333333333336,32682.666666666668
275,09,09475,"Hof, Kreis",1719.7142857142858,3.3785714285714286,1049.357142857143,985.4583333333334,38034.333333333336,37031.0
276,09,09476,Kronach,1381.7142857142858,3.582142857142857,658.3928571428571,874.9166666666666,28670.166666666668,25772.833333333332
277,09,09477,Kulmbach,1502.892857142857,3.6285714285714286,882.6785714285714,783.0416666666666,30884.166666666668,28191.0
278,09,09478,Lichtenfels,1489.0,3.8035714285714284,925.75,846.5416666666666,29275.0,28937.5
279,09,09479,Wunsiedel i.Fichtelgebirge,1854.4285714285713,4.814285714285714,747.9642857142857,834.0,28422.333333333332,29750.5
280,09,09561,"Ansbach, Stadt",994.0,4.175,709.2857142857143,463.75,17466.666666666668,27751.666666666668
281,09,09562,Erlangen,2518.964285714286,3.8964285714285714,1023.7142857142857,942.375,48889.166666666664,92051.33333333333
282,09,09563,"Fürth, Stadt",4098.357142857143,5.4071428571428575,982.7142857142857,1559.2916666666667,57557.5,49499.0
283,09,09564,Nürnberg,17568.821428571428,5.882142857142857,6015.5,6442.333333333333,223132.83333333334,313794.8333333333
284,09,09565,Schwabach,856.25,3.7321428571428568,286.14285714285717,383.75,17199.333333333332,16847.333333333332
285,09,09571,"Ansbach, Kreis",2764.1071428571427,2.575,1776.9642857142858,1608.6666666666667,81078.83333333333,62795.5
286,09,09572,Erlangen-Höchstadt,1756.0,2.2392857142857143,678.3214285714286,1073.7916666666667,60399.5,53298.833333333336
287,09,09573,"Fürth, Kreis",1965.5,2.9499999999999993,583.0714285714286,1036.9583333333333,50013.5,25686.166666666668
288,09,09574,Nürnberger Land,2580.0714285714284,2.685714285714286,872.0357142857143,1442.2083333333333,72439.66666666667,55987.833333333336
289,09,09575,Neustadt a.d.Aisch-Bad Windsheim,1318.3214285714287,2.282142857142857,970.8571428571429,760.5,44164.666666666664,34039.333333333336
290,09,09576,Roth,1753.4642857142858,2.4071428571428575,1369.5,1088.0,54801.5,40477.333333333336
291,09,09577,Weißenburg-Gunzenhausen,1760.107142857143,3.285714285714285,905.2857142857143,1015.2083333333334,39633.333333333336,32985.666666666664
292,09,09661,"Aschaffenburg, Stadt",2271.5714285714284,5.571428571428571,668.3214285714286,910.5416666666666,29487.5,47160.666666666664
293,09,09662,"Schweinfurt, Stadt",1861.9285714285713,6.557142857142858,982.8571428571429,712.7083333333334,20766.666666666668,53748.666666666664
294,09,09663,"Würzburg, Stadt",2905.1071428571427,3.832142857142857,2019.2857142857142,1238.3333333333333,52971.166666666664,92345.16666666667
295,09,09671,"Aschaffenburg, Kreis",3089.4285714285716,3.092857142857143,1171.0,1699.25,73410.16666666667,53802.833333333336
296,09,09672,Bad Kissingen,1915.6785714285713,3.3035714285714297,1085.857142857143,1007.125,42321.666666666664,35592.333333333336
297,09,09673,Rhön-Grabfeld,1300.3214285714287,2.842857142857142,825.5714285714286,771.7916666666666,33812.666666666664,33217.166666666664
298,09,09674,Haßberge,1516.4642857142858,3.017857142857142,670.3928571428571,884.7916666666666,36444.166666666664,28549.833333333332
299,09,09675,Kitzingen,1315.892857142857,2.482142857142857,1018.25,835.4166666666666,39212.166666666664,34221.333333333336
300,09,09676,Miltenberg,2387.75,3.2250000000000005,956.7857142857143,1339.875,54305.666666666664,44292.833333333336
301,09,09677,Main-Spessart,1650.0,2.210714285714286,1024.857142857143,1018.8333333333334,54745.833333333336,47946.166666666664
302,09,09678,"Schweinfurt, Kreis",1739.607142857143,2.592857142857143,801.7857142857143,1008.375,49904.666666666664,26812.666666666668
303,09,09679,"Würzburg, Kreis",2045.5357142857142,2.164285714285714,1081.7142857142858,1309.875,68043.16666666667,40643.666666666664
304,09,09761,"Augsburg, Stadt",9524.607142857143,5.671428571428571,2843.3928571428573,3938.7916666666665,123674.33333333333,147525.83333333334
305,09,09762,Kaufbeuren,1048.857142857143,4.260714285714287,379.7857142857143,473.3333333333333,18336.833333333332,19401.666666666668
306,09,09763,Kempten (Allgäu),1464.5357142857142,3.7857142857142856,695.7142857142857,752.0833333333334,29045.833333333332,37479.333333333336
307,09,09764,Memmingen,955.5357142857143,3.8249999999999997,574.8928571428571,514.625,18877.333333333332,31209.166666666668
308,09,09771,Aichach-Friedberg,1875.5,2.4321428571428574,571.5,1113.0,56940.166666666664,37358.166666666664
309,09,09772,"Augsburg, Kreis",3976.6785714285716,2.792857142857143,1637.2857142857142,2327.3333333333335,106426.33333333333,78361.33333333333
310,09,09773,Dillingen a.d.Donau,1262.8214285714287,2.2821428571428575,695.3214285714286,752.9166666666666,42339.166666666664,34633.5
311,09,09774,Günzburg,1782.8214285714287,2.4071428571428575,1377.4285714285713,1181.3333333333333,56925.166666666664,54123.333333333336
312,09,09775,Neu-Ulm,2866.6785714285716,2.7928571428571423,1446.392857142857,1722.0,77074.16666666667,66653.83333333333
313,09,09776,Lindau (Bodensee),1305.3214285714287,2.8928571428571423,1138.107142857143,768.1666666666666,32657.166666666668,32766.833333333332
314,09,09777,Ostallgäu,2101.1071428571427,2.632142857142857,777.0357142857143,1229.0,58706.833333333336,49950.333333333336
315,09,09778,Unterallgäu,1828.1785714285713,2.1928571428571426,1076.2857142857142,1147.625,63385.333333333336,52877.166666666664
316,09,09779,Donau-Ries,1549.25,1.9571428571428573,1462.9642857142858,952.2083333333334,59808.666666666664,63395.333333333336
317,09,09780,Oberallgäu,2299.5,2.5785714285714283,1007.4285714285714,1379.0,65112.333333333336,55750.666666666664
318,10,10041,Regionalverband Saarbrücken,16886.571428571428,9.62857142857143,2807.25,3853.875,119908.5,153691.0
319,10,10042,Landkreis Merzig-Wadern,2541.25,4.567857142857142,795.4642857142857,1020.0833333333334,34731.833333333336,31810.5
320,10,10043,Landkreis Neunkirchen,5329.071428571428,7.399999999999999,938.3928571428571,1627.6666666666667,50351.5,39707.833333333336
321,10,10044,Landkreis Saarlouis,5611.571428571428,5.310714285714286,1806.0714285714287,2246.8333333333335,74376.16666666667,71955.66666666667
322,10,10045,Saarpfalz-Kreis,3992.3571428571427,5.182142857142857,1244.642857142857,1569.375,55099.833333333336,66364.0
323,10,10046,Landkreis St. Wendel,1737.0714285714287,3.607142857142857,678.0357142857143,793.7083333333334,33984.166666666664,27595.333333333332
324,11,11000,Berlin,178091.2857142857,9.01785714285714,23056.285714285714,45778.625,1389338.0,1542297.3333333333
325,12,12051,Brandenburg an der Havel,2998.4285714285716,8.071428571428573,694.8214285714286,757.2083333333334,27599.166666666668,29917.0
326,12,12052,Cottbus,4117.607142857143,7.964285714285715,1082.7857142857142,989.5833333333334,37230.0,46841.833333333336
327,12,12053,Frankfurt (Oder),2405.785714285714,8.185714285714285,472.82142857142856,707.875,21286.666666666668,28607.833333333332
328,12,12054,Potsdam,5516.392857142857,5.753571428571428,1941.6785714285713,1770.9583333333333,72592.33333333333,87469.0
329,12,12060,Barnim,5425.892857142857,5.510714285714286,1479.142857142857,1923.0,75059.33333333333,50868.166666666664
330,12,12061,Dahme-Spreewald,3707.8214285714284,4.039285714285714,1967.392857142857,1468.4583333333333,70315.83333333333,61810.833333333336
331,12,12062,Elbe-Elster,3422.6428571428573,6.42857142857143,1007.5714285714286,1084.2083333333333,39767.833333333336,33245.0
332,12,12063,Havelland,4866.892857142857,5.5214285714285705,1331.9285714285713,1813.5833333333333,66539.16666666667,45119.5
333,12,12064,Märkisch-Oderland,5908.25,5.735714285714287,1285.392857142857,2271.25,77416.66666666667,51379.5
334,12,12065,Oberhavel,5897.964285714285,5.142857142857143,1373.0357142857142,2088.4583333333335,86186.5,58256.333333333336
335,12,12066,Oberspreewald-Lausitz,4393.892857142857,7.628571428571428,999.75,1186.75,42814.5,40482.0
336,12,12067,Oder-Spree,5947.428571428572,6.346428571428572,1177.142857142857,1879.625,70377.83333333333,56196.833333333336
337,12,12068,Ostprignitz-Ruppin,3326.714285714286,6.460714285714287,891.4642857142857,1156.0416666666667,38433.833333333336,35644.666666666664
338,12,12069,Potsdam-Mittelmark,4876.535714285715,4.2178571428571425,1711.4285714285713,2031.2916666666667,87001.0,61758.833333333336
339,12,12070,Prignitz,2978.8571428571427,7.617857142857142,789.8928571428571,870.7916666666666,29385.666666666668,27405.0
340,12,12071,Spree-Neiße,3863.1428571428573,6.435714285714288,783.9642857142857,1263.3333333333333,44126.833333333336,36585.0
341,12,12072,Teltow-Fläming,4442.428571428572,4.771428571428571,2088.1785714285716,1810.75,72490.66666666667,64631.666666666664
342,12,12073,Uckermark,6508.0,10.78214285714286,1081.0357142857142,1549.8333333333333,43175.333333333336,39222.333333333336
343,13,13003,"Rostock, Hansestadt",7936.714285714285,7.325,2439.285714285714,2192.4166666666665,81408.33333333333,93562.0
344,13,13004,"Schwerin, Landeshauptstadt",4486.285714285715,9.210714285714285,1527.142857142857,1041.125,35805.0,50994.5
345,13,13071,Mecklenburgische Seenplatte,11725.17857142857,8.932142857142855,2666.1785714285716,3538.75,97491.16666666667,93628.33333333333
346,13,13072,Landkreis Rostock,6035.071428571428,5.557142857142856,1811.857142857143,2234.2083333333335,83802.33333333333,68333.0
347,13,13073,Vorpommern-Rügen,10149.464285714286,9.02142857142857,2092.8928571428573,3708.75,83749.16666666667,74086.33333333333
348,13,13074,Nordwestmecklenburg,5171.535714285715,6.235714285714286,1630.6785714285713,1889.0416666666667,63452.666666666664,48318.0
349,13,13075,Vorpommern-Greifswald,10354.357142857143,8.921428571428573,2263.3214285714284,3269.875,86391.66666666667,82738.5
350,13,13076,Ludwigslust-Parchim,6568.857142857143,5.785714285714285,2070.285714285714,2480.9583333333335,88285.16666666667,65726.16666666667
351,14,14511,Chemnitz,8813.857142857143,7.07142857142857,2208.5,2106.3333333333335,93223.5,117425.0
352,14,14521,Erzgebirgskreis,8045.25,4.653571428571429,2655.785714285714,2965.125,132198.33333333334,115328.16666666667
353,14,14522,Mittelsachsen,8053.714285714285,5.046428571428572,2218.6071428571427,2699.4166666666665,121857.83333333333,109610.16666666667
354,14,14523,Vogtlandkreis,5993.428571428572,5.221428571428571,2685.6785714285716,2117.5,88159.33333333333,81935.5
355,14,14524,Zwickau,7805.607142857143,4.735714285714287,2110.1785714285716,2801.2916666666665,127417.16666666667,125248.83333333333
356,14,14612,Dresden,18016.035714285714,6.039285714285712,3480.6428571428573,4936.833333333333,230916.66666666666,271575.8333333333
357,14,14625,Bautzen,8148.142857142857,5.242857142857141,3190.6428571428573,2691.875,120477.0,114245.0
358,14,14626,Görlitz,10026.714285714286,8.064285714285715,1375.5714285714287,2847.5,92677.0,87185.66666666667
359,14,14627,Meißen,7056.571428571428,5.617857142857143,2347.6428571428573,2205.875,96650.5,89928.16666666667
360,14,14628,Sächsische Schweiz-Osterzgebirge,6128.642857142857,4.803571428571428,1894.892857142857,2173.25,99006.0,80137.66666666667
361,14,14713,"Leipzig, Stadt",22295.535714285714,7.078571428571427,8154.678571428572,6645.875,242991.0,275129.3333333333
362,14,14729,"Leipzig, Kreis",7186.0,5.353571428571429,1831.9642857142858,2431.9583333333335,104719.66666666667,79208.16666666667
363,14,14730,Nordsachsen,6986.071428571428,6.557142857142856,2052.464285714286,2228.25,82226.16666666667,74679.5
364,15,15001,Dessau-Roßlau,3206.8571428571427,8.114285714285712,710.8928571428571,889.8333333333334,29990.166666666668,33761.333333333336
365,15,15002,Halle (Saale),10399.92857142857,8.87857142857143,1995.142857142857,2243.9166666666665,87815.0,98195.0
366,15,15003,Magdeburg,10854.035714285714,8.714285714285714,3649.4285714285716,2644.4583333333335,93812.33333333333,108904.16666666667
367,15,15081,Altmarkkreis Salzwedel,2972.3214285714284,6.642857142857144,712.8214285714286,1017.5833333333334,35180.166666666664,27134.5
368,15,15082,Anhalt-Bitterfeld,5927.25,7.3999999999999995,890.0357142857143,1818.0833333333333,61208.833333333336,56399.666666666664
369,15,15083,Börde,4934.464285714285,5.342857142857143,1896.0357142857142,1977.5833333333333,73520.66666666667,61921.5
370,15,15084,Burgenlandkreis,6274.035714285715,6.796428571428571,1964.142857142857,1906.875,72744.66666666667,59045.666666666664
371,15,15085,Harz,6165.928571428572,5.7892857142857155,1579.357142857143,2621.9583333333335,83972.33333333333,72773.33333333333
372,15,15086,Jerichower Land,3334.3928571428573,7.221428571428573,852.5714285714286,1086.25,35782.166666666664,28092.0
373,15,15087,Mansfeld-Südharz,6447.392857142857,9.689285714285713,910.3214285714286,1752.4166666666667,49845.5,41735.5
374,15,15088,Saalekreis,6424.142857142857,6.589285714285715,1204.392857142857,1815.9166666666667,76932.0,69848.33333333333
375,15,15089,Salzlandkreis,7947.214285714285,8.442857142857143,968.8571428571429,2354.5416666666665,72136.83333333333,62701.0
376,15,15090,Stendal,5051.25,9.046428571428573,938.6785714285714,1405.9583333333333,42624.0,35467.5
377,15,15091,Wittenberg,4316.714285714285,6.696428571428572,1057.892857142857,1491.375,50546.166666666664,43223.5
378,16,16051,Erfurt,7049.821428571428,6.253571428571429,1816.0357142857142,2370.4583333333335,85742.33333333333,110189.0
379,16,16052,Gera,3931.75,8.407142857142857,910.1071428571429,1039.4583333333333,34509.0,36769.0
380,16,16053,Jena,3151.464285714286,5.5892857142857135,1752.892857142857,988.5416666666666,42384.0,57769.666666666664
381,16,16054,Suhl,1035.107142857143,5.564285714285716,491.57142857142856,422.9583333333333,13778.333333333334,15765.666666666666
382,16,16055,Weimar,1982.1785714285713,6.200000000000002,587.75,652.1666666666666,23910.5,24446.0
383,16,16056,Eisenach,1580.892857142857,7.217857142857142,535.8928571428571,517.7916666666666,16898.0,22452.833333333332
384,16,16061,Eichsfeld,2312.6071428571427,4.296428571428572,554.9285714285714,1145.8333333333333,41909.833333333336,35756.0
385,16,16062,Nordhausen,3184.1428571428573,7.492857142857145,367.9642857142857,998.7083333333334,32150.833333333332,29797.5
386,16,16063,Wartburgkreis,2915.035714285714,4.578571428571429,1045.107142857143,1304.9583333333333,49999.166666666664,41161.166666666664
387,16,16064,Unstrut-Hainich-Kreis,3978.035714285714,7.2749999999999995,797.2857142857143,1331.125,41172.666666666664,35658.666666666664
388,16,16065,Kyffhäuserkreis,3062.214285714286,8.107142857142858,318.5357142857143,1012.1666666666666,28016.5,19696.833333333332
389,16,16066,Schmalkalden-Meiningen,3100.3928571428573,4.589285714285715,1433.4642857142858,1374.4166666666667,51981.0,43915.666666666664
390,16,16067,Gotha,4083.5,5.600000000000001,1064.0714285714287,1603.2083333333333,56679.166666666664,50370.166666666664
391,16,16068,Sömmerda,2217.3214285714284,6.167857142857143,499.07142857142856,883.5416666666666,26974.166666666668,23628.666666666668
392,16,16069,Hildburghausen,1349.392857142857,3.8642857142857134,905.5357142857143,667.7083333333334,27845.0,19350.833333333332
393,16,16070,Ilm-Kreis,2982.214285714286,5.357142857142859,924.6785714285714,1230.75,42466.666666666664,38358.5
394,16,16071,Weimarer Land,1935.2857142857142,4.403571428571429,644.0714285714286,912.7916666666666,34414.5,26075.333333333332
395,16,16072,Sonneberg,1327.0,4.317857142857142,798.7857142857143,716.7916666666666,23878.166666666668,21184.166666666668
396,16,16073,Saalfeld-Rudolstadt,3049.1071428571427,5.678571428571429,1126.642857142857,1169.375,41676.166666666664,35465.166666666664
397,16,16074,Saale-Holzland-Kreis,1937.75,4.428571428571428,1112.357142857143,823.1666666666666,34155.666666666664,27027.166666666668
398,16,16075,Saale-Orla-Kreis,2068.6785714285716,4.825,1045.8214285714287,964.625,33840.666666666664,29995.666666666668
399,16,16076,Greiz,2469.9285714285716,5.028571428571428,735.0357142857143,1009.0416666666666,37722.666666666664,29908.666666666668
400,16,16077,Altenburger Land,3192.9285714285716,7.07857142857143,833.9642857142857,921.5,33725.833333333336,27808.0
