,ags5,no of hairdressers,no of restraunts,no of branches,no of commertial units,no of shopping malls,no of clubs,no of slaughterhouse,no of education centers,no of shopping,no of free time,no of tourism points,no of food and drink,no of public institution,no of traffic centers,no of health centers,no of business
0,1001,82,131,361,5856,6,185,0,93,754,62,32,145,37,115,378,941
1,1002,213,343,621,14017,9,611,0,238,1543,173,62,393,107,185,1106,2189
2,1003,219,277,674,12357,14,491,2,162,1521,115,102,361,87,193,904,1921
3,1004,81,115,296,4639,7,120,1,57,616,50,14,126,34,109,272,762
4,1051,155,250,386,8984,3,248,5,110,1118,121,326,292,62,195,476,1375
5,1053,165,168,456,11296,1,383,13,128,1281,165,90,246,128,213,625,1871
6,1054,200,521,625,15149,0,420,8,163,1822,190,1132,564,110,327,718,2297
7,1055,215,440,590,13505,0,375,5,130,1701,183,687,411,128,249,834,2064
8,1056,277,346,754,18973,5,487,9,255,2247,181,106,397,102,335,961,3153
9,1057,112,182,323,7584,0,266,11,131,905,176,177,221,67,123,454,1281
10,1058,237,284,650,16222,11,494,9,227,1915,403,184,370,124,283,1015,2721
11,1059,162,243,552,13291,3,340,16,215,1468,272,197,312,99,290,713,2392
12,1060,237,270,683,17052,6,432,6,171,2056,199,84,313,91,294,844,3154
13,1061,113,167,327,8045,1,208,8,113,978,114,48,184,70,134,435,1319
14,1062,212,200,552,16807,1,430,6,142,1717,184,59,231,92,230,824,2731
15,2000,1521,2630,4108,151292,71,5845,1,1729,13152,730,401,2584,550,1466,7041,19260
16,3101,289,285,691,15114,9,778,1,341,1882,206,64,327,85,221,993,2195
17,3102,88,120,242,4127,2,235,4,91,629,68,27,104,37,97,353,626
18,3103,126,141,361,4972,3,300,1,128,649,85,44,160,25,80,388,731
19,3151,179,156,422,7640,0,323,7,177,1049,275,95,184,66,123,470,1332
20,3153,147,309,435,8660,2,435,4,185,1278,159,375,326,71,144,582,1425
21,3154,93,85,248,4262,0,229,4,105,613,101,41,97,37,73,293,675
22,3155,144,168,397,8008,1,373,13,170,1147,270,74,216,51,134,514,1428
23,3157,121,115,311,6764,1,224,5,177,917,119,24,134,49,116,388,1142
24,3158,131,106,285,6279,1,311,5,126,827,103,38,118,38,83,384,1065
25,3159,330,437,952,19409,3,967,23,505,2735,409,294,481,127,305,1483,3266
26,3241,1098,1422,2891,70017,22,3292,21,1377,8438,881,345,1454,420,953,4216,12091
27,3251,242,279,679,15353,1,496,8,207,1911,353,80,315,79,248,716,2465
28,3252,202,219,462,9282,2,399,4,199,1406,131,146,252,58,131,672,1718
29,3254,278,345,816,15575,3,709,6,384,2234,154,110,406,177,258,938,2895
30,3255,79,102,224,4157,0,118,4,87,656,106,47,118,26,73,267,769
31,3256,117,148,378,7708,0,301,12,163,964,228,75,170,57,148,391,1308
32,3257,193,200,467,9453,0,371,3,162,1385,183,117,266,84,180,653,1914
33,3351,187,233,537,10756,0,557,12,209,1339,204,131,285,74,160,622,1731
34,3352,182,295,525,11440,0,375,11,269,1447,361,329,295,79,181,647,1725
35,3353,272,230,607,16976,3,600,14,224,1994,231,138,340,93,232,833,2805
36,3354,49,74,152,3349,0,259,1,84,426,109,82,100,17,63,224,453
37,3355,194,196,465,11056,0,607,6,185,1348,177,121,227,84,149,786,1791
38,3356,111,131,295,6746,0,258,4,153,826,144,47,150,41,99,392,1071
39,3357,152,201,471,10933,0,327,5,208,1265,226,99,246,48,208,501,1665
40,3358,140,204,434,8679,1,415,8,143,1130,207,228,279,54,176,490,1365
41,3359,185,224,575,12413,0,356,5,233,1367,197,78,277,66,187,621,1820
42,3360,99,119,289,5691,1,283,5,88,711,74,119,175,38,103,372,817
43,3361,141,167,384,8804,0,345,2,147,1015,147,71,179,54,118,451,1365
44,3401,83,80,229,3883,1,103,0,81,557,62,10,71,25,68,243,652
45,3402,50,85,192,3006,1,126,0,58,364,35,28,73,19,35,168,399
46,3403,173,264,498,11556,5,390,1,183,1308,77,37,242,59,110,858,1608
47,3404,181,304,524,11190,1,483,0,170,1321,134,40,270,72,152,763,1523
48,3405,95,124,229,3960,1,142,1,61,591,63,38,111,24,55,296,591
49,3451,139,165,316,8659,0,247,2,123,1019,142,114,179,45,138,425,1320
50,3452,179,349,581,11712,4,426,3,235,1498,229,577,301,101,143,605,1589
51,3453,133,204,491,10806,0,249,15,194,1302,175,66,165,57,149,377,1581
52,3454,290,463,1076,21058,4,511,16,395,2307,385,188,444,152,323,888,2896
53,3455,113,180,300,6318,0,200,6,116,857,144,189,191,44,99,395,856
54,3456,125,206,408,8525,1,216,5,169,1065,111,67,177,57,145,427,1161
55,3457,145,228,515,10597,2,299,13,198,1207,130,221,222,104,143,526,1380
56,3458,119,142,282,8657,0,272,5,135,966,170,45,162,42,139,429,1367
57,3459,324,454,978,21438,0,641,15,379,2652,273,161,441,182,325,1147,3296
58,3460,129,238,408,10034,0,228,10,152,1077,103,48,194,40,163,362,1319
59,3461,95,122,258,4991,0,190,3,123,608,123,55,103,51,86,290,766
60,3462,60,140,186,3800,0,126,1,67,525,99,405,143,34,63,197,550
61,4011,534,773,1441,36043,18,1349,1,521,3940,325,107,709,219,362,2317,5031
62,4012,110,168,319,5984,2,206,1,59,853,73,38,192,33,113,415,861
63,5111,689,1132,1563,53857,17,1629,0,578,5465,350,259,1071,243,526,2842,7358
64,5112,335,537,1006,19723,7,776,2,339,2699,233,54,478,178,335,1254,3174
65,5113,499,750,1411,31951,7,1355,1,510,3744,324,110,671,195,399,1889,4688
66,5114,212,284,569,13374,2,479,0,185,1901,163,21,331,86,193,937,2180
67,5116,248,369,706,15156,6,473,0,275,2165,150,33,364,65,227,1014,2575
68,5117,161,205,438,9576,2,302,0,136,1167,93,35,203,47,147,590,1447
69,5119,169,250,573,9460,6,296,0,141,1304,147,27,199,62,159,553,1547
70,5120,117,131,285,6883,2,298,0,114,852,72,23,150,30,95,415,1195
71,5122,169,169,378,10121,2,366,1,133,1367,92,19,177,48,160,588,1621
72,5124,309,348,789,19844,2,921,4,234,2538,214,40,432,105,321,1273,3396
73,5154,300,458,840,20270,2,653,10,280,2738,273,126,470,162,326,966,2918
74,5158,438,542,1231,31618,6,928,4,478,3861,321,124,599,148,458,1700,5046
75,5162,427,520,1078,26885,12,942,15,396,3424,314,92,524,160,354,1425,4425
76,5166,284,416,773,19517,1,563,16,242,2777,253,75,429,91,283,1033,3446
77,5170,446,554,1209,24823,2,863,8,435,3643,412,111,544,171,387,1355,4033
78,5314,319,480,835,21702,2,1456,0,348,2449,240,114,458,172,208,1855,3391
79,5315,997,1869,2453,72430,24,2899,0,1013,8095,527,305,1751,348,717,4382,10597
80,5316,161,188,399,7378,2,283,0,142,1116,73,23,205,55,103,576,1285
81,5334,558,786,1482,34237,7,1138,7,540,4350,399,157,693,180,463,2027,5354
82,5358,305,329,641,14698,3,578,8,267,1804,206,72,303,144,249,735,2388
83,5362,433,559,1079,25286,2,784,18,436,3208,289,101,508,179,389,1359,4513
84,5366,219,240,524,11692,3,436,14,207,1450,176,104,261,113,191,633,2171
85,5370,311,366,712,14891,3,418,8,206,2075,239,40,318,110,249,785,2494
86,5374,259,280,702,16678,2,580,33,312,2105,240,120,330,139,250,989,2864
87,5378,285,329,647,17900,1,543,14,266,2337,162,91,385,106,252,1182,3241
88,5382,559,668,1412,34382,3,1238,19,591,4474,375,165,690,208,498,2071,6130
89,5512,108,148,253,5258,1,195,1,99,753,87,17,126,46,90,348,898
90,5513,205,263,551,10466,1,457,1,238,1562,155,23,271,101,180,707,1705
91,5515,247,432,738,19490,5,603,1,330,2006,203,78,410,114,180,1368,2602
92,5554,328,552,1099,23633,4,636,23,353,2913,380,141,554,130,420,1001,3391
93,5558,200,249,610,13530,1,445,13,251,1646,177,86,299,80,293,710,2012
94,5562,461,743,1577,28679,8,1201,13,578,4091,429,94,658,203,494,1775,4536
95,5566,399,651,1230,26345,3,783,12,476,3154,461,167,611,177,382,1314,3662
96,5570,237,344,769,16128,1,506,14,299,2080,228,96,302,89,244,850,2270
97,5711,318,409,848,20321,2,740,5,348,2158,207,50,418,103,272,1201,3120
98,5754,330,417,871,22631,0,574,30,362,2810,258,100,526,112,383,964,3383
99,5758,266,265,698,16552,0,961,2,253,2053,184,60,297,87,225,755,2591
100,5762,138,194,447,8926,0,300,28,196,1158,237,133,246,97,129,476,1409
101,5766,380,432,830,20816,0,530,19,362,2697,313,247,522,113,343,1169,3471
102,5770,355,366,992,19813,8,479,8,333,2384,326,126,442,101,305,1012,3049
103,5774,308,407,793,18688,4,725,18,323,2090,342,114,431,130,273,874,2849
104,5911,318,483,854,18296,7,680,2,329,2313,270,48,439,120,286,1218,2779
105,5913,419,714,1420,28456,8,1218,3,405,3593,386,79,604,183,426,1726,4542
106,5914,183,209,510,9296,2,269,1,195,1211,73,23,195,57,155,615,1551
107,5915,149,212,435,8405,2,772,2,150,1027,71,26,194,65,130,525,1201
108,5916,119,166,320,5950,1,251,0,130,887,104,10,141,49,100,420,972
109,5954,332,397,788,18457,4,712,2,301,2404,158,72,427,106,282,1169,2879
110,5958,300,403,878,17641,2,672,18,298,2308,98,470,531,216,285,933,2612
111,5962,407,506,1108,23637,2,777,8,392,3042,195,117,527,182,381,1308,3811
112,5966,133,186,385,8703,0,340,8,148,1067,159,131,203,82,147,411,1305
113,5970,306,356,830,17051,2,654,21,364,2256,215,129,361,117,286,931,2632
114,5974,291,418,848,17797,8,664,20,333,2337,113,148,466,127,276,1007,2617
115,5978,358,438,1045,19696,1,773,9,389,2745,143,69,430,115,316,1267,3145
116,6411,142,305,405,11270,4,578,0,196,1272,101,44,283,65,139,805,1809
117,6412,681,1424,1654,59405,9,2791,4,1111,5174,325,310,1286,289,484,3040,7267
118,6413,119,180,318,7522,2,315,0,117,882,41,31,137,41,97,431,1132
119,6414,315,489,738,20241,4,853,1,311,2218,116,69,498,79,230,1260,3231
120,6431,368,457,745,18235,4,536,17,272,2765,84,139,503,99,347,1020,3489
121,6432,379,390,736,18070,1,572,6,283,2767,64,58,390,76,356,1049,3670
122,6433,285,406,571,14094,3,435,9,246,2092,77,85,315,71,241,769,2787
123,6434,307,334,579,19866,6,621,6,259,2080,92,141,329,67,224,1214,2947
124,6435,536,640,1104,27000,7,1089,29,421,3777,187,183,672,158,471,1326,4412
125,6436,283,320,557,17721,3,568,6,217,1859,65,92,304,56,190,863,2643
126,6437,91,151,280,6059,0,206,19,110,1062,34,89,186,28,114,325,1159
127,6438,426,486,835,24432,5,688,7,357,3093,104,93,446,98,316,1147,3847
128,6439,243,326,406,12582,0,502,3,172,1523,41,138,472,65,170,688,2121
129,6440,400,438,786,20542,1,786,35,320,2867,111,112,478,110,361,1122,3346
130,6531,313,397,729,17247,2,769,21,307,2226,308,75,413,167,319,1156,2696
131,6532,342,359,691,16991,3,779,29,274,2254,324,88,398,112,297,913,2663
132,6533,261,312,528,11879,1,402,22,152,1494,103,60,306,72,219,640,1953
133,6534,291,349,636,14991,1,923,38,280,1872,338,105,390,133,230,1020,2187
134,6535,118,165,351,7404,0,369,18,122,990,248,92,201,52,143,403,1161
135,6611,234,291,624,12777,7,622,1,220,1466,113,62,290,90,210,932,1799
136,6631,276,310,657,14528,3,481,22,302,1926,331,221,393,204,258,778,2278
137,6632,154,139,387,7251,3,293,22,114,1022,185,93,160,78,147,443,1063
138,6633,252,249,593,13176,4,458,25,208,1791,316,122,326,118,245,766,2289
139,6634,227,218,506,10908,0,466,38,178,1550,356,109,285,91,236,670,1768
140,6635,191,304,501,10904,0,357,29,172,1523,304,391,405,107,181,639,1694
141,6636,107,145,316,6426,0,255,23,96,988,227,102,207,84,137,429,1018
142,7111,143,233,403,8207,3,301,1,114,1004,72,55,217,64,105,571,1213
143,7131,142,255,321,8567,0,295,9,100,1117,153,212,307,136,150,492,1498
144,7132,153,149,310,7803,0,244,15,111,1058,91,58,162,76,144,430,1371
145,7133,218,235,379,10079,0,419,9,140,1441,127,105,240,98,164,615,1641
146,7134,112,139,231,5816,0,219,12,69,887,45,59,153,46,90,303,944
147,7135,79,178,172,4742,0,137,9,56,619,50,337,252,115,92,208,672
148,7137,268,330,577,13397,2,413,10,153,1736,152,162,343,132,222,666,2113
149,7138,223,246,490,11900,0,372,8,134,1563,132,98,266,75,199,686,2028
150,7140,127,199,271,6990,0,218,12,73,890,97,144,195,129,121,360,1196
151,7141,148,228,281,7965,0,251,10,109,1018,77,137,265,55,139,462,1198
152,7143,284,294,542,13934,2,365,34,169,1767,205,87,273,101,242,661,2313
153,7211,150,211,391,7113,4,346,2,116,977,76,62,239,44,99,535,959
154,7231,150,229,286,8272,0,253,14,111,1068,55,307,313,146,121,422,1185
155,7232,112,171,284,6277,0,304,10,91,771,51,127,217,202,108,280,1039
156,7233,71,108,158,4068,0,159,9,50,529,41,96,126,134,83,200,638
157,7235,177,213,272,8282,0,374,9,124,1031,102,208,256,142,135,448,1339
158,7311,54,61,141,2394,2,71,0,41,369,22,9,70,21,44,195,337
159,7312,118,211,386,6178,3,229,1,99,892,48,30,214,42,110,420,1007
160,7313,62,94,184,3488,0,150,0,55,467,23,17,102,14,61,278,520
161,7314,170,217,417,7358,3,269,1,146,1030,48,19,215,52,116,588,1261
162,7315,218,326,531,14792,4,800,0,146,1466,114,40,369,90,152,959,1861
163,7316,79,116,173,3959,2,146,1,60,526,19,39,131,26,59,274,625
164,7317,69,83,160,3023,0,91,0,38,466,14,9,86,14,56,198,499
165,7318,83,101,207,3470,1,111,0,45,488,25,23,130,20,61,230,577
166,7319,90,147,246,5109,1,225,3,70,731,30,29,175,30,78,334,793
167,7320,47,56,129,2163,41,92,1,45,335,9,9,70,13,37,153,331
168,7331,171,177,285,8134,1,290,3,131,1123,39,84,178,52,129,416,1226
169,7332,187,253,335,9000,1,308,10,134,1174,41,164,369,66,132,482,1442
170,7333,93,99,168,4257,0,156,11,77,493,20,43,123,24,80,258,752
171,7334,179,141,304,6851,1,258,7,112,990,11,39,184,38,120,397,1266
172,7335,158,190,254,6077,0,198,7,99,839,31,51,199,35,116,363,1187
173,7336,103,102,149,3759,0,155,8,71,495,12,39,114,18,87,214,728
174,7337,146,209,246,7837,0,273,5,85,1056,36,192,313,31,111,392,1167
175,7338,194,197,256,7726,0,246,6,109,1083,32,23,182,52,119,495,1396
176,7339,245,295,465,13394,2,506,6,183,1720,145,140,341,95,185,761,2200
177,7340,155,163,150,5541,0,202,12,107,826,22,98,206,47,110,282,1006
178,8111,621,887,1404,43565,11,2105,1,592,4426,324,182,1009,286,609,2572,6747
179,8115,421,449,1023,22720,11,667,19,361,2888,125,110,479,127,401,1232,4031
180,8116,552,588,1295,33700,5,882,20,504,4313,174,173,744,171,500,1874,6003
181,8117,310,308,720,15921,2,506,22,306,2253,71,113,449,87,280,919,2803
182,8118,535,620,1193,30893,3,808,26,554,4044,190,138,600,186,455,1716,5562
183,8119,497,513,1016,27285,1,696,34,453,3621,152,138,604,149,473,1507,4692
184,8121,157,173,384,8573,3,303,0,133,1063,56,33,225,52,143,505,1368
185,8125,440,399,742,21084,1,724,45,352,2694,80,144,520,175,376,973,3891
186,8126,116,134,268,6807,1,201,23,132,863,28,91,168,52,118,300,1211
187,8127,220,226,561,12386,1,400,35,223,1637,75,131,311,96,235,588,2252
188,8128,138,189,434,8420,0,283,22,156,1185,37,187,284,60,182,498,1334
189,8135,141,153,378,7171,1,277,30,175,957,43,48,180,57,136,446,1242
190,8136,384,417,877,18841,3,654,43,338,2601,121,155,565,124,323,1076,3276
191,8211,86,125,192,5137,1,150,2,45,572,30,76,154,31,64,361,799
192,8212,324,480,759,20156,4,680,1,241,2265,143,80,592,139,259,1485,2996
193,8215,558,609,1007,26582,2,815,19,408,3518,93,122,712,166,452,1592,4449
194,8216,286,312,610,13209,2,424,5,194,1726,60,132,401,86,249,749,2145
195,8221,157,305,405,11274,3,553,0,136,1205,95,107,347,55,102,1046,1589
196,8222,367,556,737,20094,5,1044,2,296,2161,138,60,528,101,212,1312,2817
197,8225,154,196,400,8618,1,329,23,138,1150,35,114,188,84,178,463,1526
198,8226,719,706,1331,33607,3,1039,31,386,4396,169,244,764,200,457,2082,5969
199,8231,144,157,381,7722,3,275,0,125,1055,50,25,195,43,121,514,1094
200,8235,208,196,411,9926,1,311,14,193,1296,57,225,305,93,184,634,1735
201,8236,232,164,434,12612,0,359,21,180,1601,40,67,242,100,211,623,2187
202,8237,143,196,412,8153,1,256,16,164,1043,41,270,318,56,151,446,1318
203,8311,224,331,553,16622,4,1052,5,297,1795,125,87,362,72,184,1563,2299
204,8315,292,427,676,18581,0,679,36,291,2244,89,689,688,108,283,1180,3175
205,8316,192,228,432,10903,0,434,20,196,1400,41,239,327,55,170,656,1836
206,8317,488,673,1201,28521,2,1004,91,473,3726,121,622,945,123,476,1694,4567
207,8325,182,196,410,9967,0,340,20,167,1310,50,86,259,52,179,534,1695
208,8326,237,307,686,14040,2,385,24,200,1750,88,228,357,74,242,818,2257
209,8327,165,163,370,9264,0,291,20,139,1145,42,67,217,51,177,425,1454
210,8335,330,479,836,19544,4,790,23,304,2348,119,256,577,93,303,1269,2948
211,8336,301,407,648,13849,4,560,10,265,1799,78,287,474,142,255,879,2168
212,8337,227,299,551,10766,1,336,33,200,1579,54,298,416,56,213,689,1759
213,8415,336,361,742,19149,2,492,27,308,2373,114,111,453,101,311,1025,3202
214,8416,197,270,501,13797,0,527,12,276,1484,82,83,314,95,202,1080,2202
215,8417,309,272,622,13603,1,439,28,232,1904,79,67,358,79,232,749,2136
216,8421,126,214,352,8601,2,399,2,128,951,66,54,211,41,108,613,1164
217,8425,193,223,493,11297,0,352,43,254,1497,40,109,309,82,197,546,2070
218,8426,182,237,537,11274,0,337,22,260,1513,49,114,309,85,181,597,2034
219,8435,249,380,537,14649,2,496,23,181,1922,81,491,493,80,242,909,2383
220,8436,293,357,813,18775,1,566,30,374,2599,101,235,441,104,284,1178,3329
221,8437,136,195,404,8418,2,273,18,152,1205,42,95,254,57,179,448,1583
222,9161,133,200,463,7410,4,270,5,96,988,71,48,230,66,107,482,1195
223,9162,1396,2235,3400,123827,16,5267,2,1772,11041,596,494,1972,434,857,7656,16735
224,9163,91,108,264,5519,1,182,0,51,698,25,23,122,34,58,360,867
225,9171,125,123,348,6375,1,225,13,91,994,42,77,181,43,123,403,1088
226,9172,116,205,345,8046,1,457,11,91,1128,52,752,298,60,133,521,1212
227,9173,149,191,397,10507,0,354,21,101,1313,54,224,247,60,169,633,1981
228,9174,137,168,406,9710,11,322,18,130,1196,28,49,206,119,181,490,1757
229,9175,118,167,376,10053,1,373,18,115,1164,40,55,168,41,156,574,1781
230,9176,113,148,349,6873,0,245,35,116,911,28,131,227,147,148,349,1207
231,9177,113,158,419,8612,2,253,22,118,1063,35,62,187,84,174,409,1696
232,9178,150,182,517,11221,3,403,14,153,1429,44,79,221,74,225,583,2156
233,9179,190,207,555,14085,6,414,6,181,1786,47,43,220,67,221,871,2715
234,9180,106,271,358,8156,1,257,9,80,1225,49,700,356,45,128,537,1405
235,9181,132,147,387,9319,1,369,17,105,1105,32,46,159,35,144,550,1827
236,9182,126,223,349,9665,0,316,10,83,1195,60,425,300,48,160,499,1644
237,9183,109,144,371,7242,0,226,16,84,1093,27,38,164,48,163,384,1414
238,9184,257,428,919,41640,5,1037,11,373,3029,137,151,412,124,349,1451,5069
239,9185,97,112,323,5862,5,222,14,68,885,35,33,139,30,140,285,1067
240,9186,139,142,359,7819,0,220,22,91,1076,32,56,159,35,167,351,1415
241,9187,264,408,700,20214,0,628,51,212,2618,87,413,501,125,342,1178,3740
242,9188,144,206,326,14729,0,413,8,135,1364,45,88,215,61,134,966,2230
243,9189,198,305,559,13274,1,461,16,134,1852,59,717,404,83,246,721,2253
244,9190,155,180,453,10113,0,386,23,129,1312,53,89,236,56,162,662,1856
245,9261,99,114,266,4770,2,178,1,49,645,27,24,130,22,64,358,688
246,9262,66,132,260,4568,2,168,2,53,580,27,36,132,40,63,325,598
247,9263,85,90,248,3627,2,115,0,39,544,20,22,99,13,76,248,488
248,9271,128,160,444,8019,1,310,7,93,1298,21,86,223,32,161,389,1485
249,9272,68,121,286,5291,0,194,25,73,798,27,253,217,36,123,254,937
250,9273,120,164,382,7474,2,233,16,96,1091,33,178,229,108,147,354,1344
251,9274,147,153,415,9257,0,258,26,111,1300,23,50,209,54,204,375,1748
252,9275,216,254,590,12470,0,373,27,160,1922,64,564,408,68,263,768,2146
253,9276,102,135,272,5684,3,195,18,67,854,34,505,273,28,122,258,883
254,9277,121,132,425,8137,0,234,17,91,1133,23,93,193,37,165,409,1431
255,9278,85,126,252,5949,0,196,34,77,790,13,115,208,27,156,245,1014
256,9279,102,98,262,5404,0,193,15,55,826,23,50,158,27,127,289,836
257,9361,59,66,210,2995,0,110,1,37,524,19,18,81,22,57,237,448
258,9362,167,280,584,11307,5,535,0,159,1270,81,65,296,59,167,770,1483
259,9363,58,77,236,3592,1,97,0,35,532,23,14,105,16,50,230,510
260,9371,80,137,225,5796,0,261,56,85,861,22,83,204,70,130,317,1198
261,9372,148,216,437,8853,1,260,52,104,1386,47,347,383,80,184,404,1552
262,9373,135,170,423,8430,1,280,67,104,1211,41,85,247,182,192,416,1505
263,9374,96,138,243,5778,1,154,43,86,893,24,105,233,58,118,289,1086
264,9375,177,227,445,10936,1,387,42,133,1486,29,74,289,74,210,611,1941
265,9376,164,231,459,8982,4,318,62,107,1397,35,117,303,74,182,452,1505
266,9377,82,114,241,4786,0,138,34,65,780,14,125,200,49,86,248,843
267,9461,102,171,288,5933,0,241,1,91,808,43,76,211,40,90,482,777
268,9462,99,137,322,5284,1,239,1,80,640,52,28,173,39,79,403,758
269,9463,69,81,183,3097,0,119,1,45,483,21,22,113,16,58,246,487
270,9464,61,83,219,3363,0,133,1,46,497,22,24,113,20,65,212,487
271,9471,176,187,378,8162,2,247,19,109,1141,33,84,297,53,177,403,1510
272,9472,101,162,284,6502,0,341,46,91,903,39,254,288,25,115,306,1158
273,9473,101,110,224,5104,0,192,17,73,697,23,63,163,43,119,247,823
274,9474,124,143,345,7156,0,216,31,111,966,35,136,270,35,155,412,1258
275,9475,112,149,296,6571,0,240,18,89,906,23,98,243,38,114,320,1074
276,9476,100,111,238,4701,0,188,15,69,712,9,46,189,22,92,234,695
277,9477,89,99,268,5045,1,197,13,77,695,20,65,182,22,100,280,872
278,9478,77,121,231,4385,1,151,15,58,683,25,96,175,18,85,235,730
279,9479,101,123,295,5289,2,248,14,77,811,27,77,208,30,83,287,796
280,9561,57,83,208,2794,3,128,2,49,448,26,20,95,23,48,247,460
281,9562,110,187,366,6952,5,341,1,123,837,62,57,208,43,96,612,1090
282,9563,126,161,348,7261,2,247,2,96,963,54,21,177,34,119,457,1306
283,9564,543,811,1390,33128,10,1585,0,456,3992,209,169,877,150,430,2090,5385
284,9565,44,57,118,2740,1,68,0,29,384,13,10,62,13,37,198,458
285,9571,175,239,494,11167,1,496,66,188,1643,63,268,393,92,215,549,2069
286,9572,124,130,380,7894,0,277,11,119,1098,42,54,200,41,142,516,1430
287,9573,140,127,263,6746,1,230,18,86,948,27,42,153,30,137,365,1324
288,9574,146,199,457,11674,1,403,36,153,1599,42,91,332,78,216,636,2093
289,9575,82,140,290,6420,0,263,36,101,903,29,96,211,23,155,348,1083
290,9576,128,147,336,8342,1,290,41,101,1218,40,97,256,77,170,391,1502
291,9577,70,127,312,6246,0,277,32,92,932,32,138,220,104,111,322,1041
292,9661,124,171,289,6034,1,237,1,73,827,40,21,182,40,88,343,848
293,9662,81,130,310,3676,1,131,0,51,598,25,19,167,17,66,228,517
294,9663,142,234,475,9956,0,462,0,128,1182,68,54,278,59,119,816,1398
295,9671,266,265,430,12092,5,430,10,123,1688,35,113,324,50,202,511,2134
296,9672,121,137,330,6603,0,295,6,112,956,32,138,229,83,109,467,1163
297,9673,88,127,285,5334,0,212,6,100,737,19,98,177,39,116,295,868
298,9674,95,112,245,5228,0,172,7,88,728,23,66,191,29,103,276,905
299,9675,93,155,288,6190,0,203,11,97,850,29,136,255,81,115,313,1088
300,9676,153,230,362,8770,0,264,22,90,1310,37,96,298,49,128,425,1527
301,9677,158,170,421,8347,0,381,19,136,1213,29,121,267,48,140,409,1475
302,9678,106,125,287,6067,0,258,10,110,842,29,26,170,65,113,285,1204
303,9679,134,135,365,9655,0,355,7,135,1154,39,94,213,83,140,559,1795
304,9761,290,407,802,16810,6,751,2,220,1919,111,49,387,86,218,1124,2453
305,9762,61,70,191,3108,0,111,0,36,453,25,13,83,19,57,211,483
306,9763,73,106,309,4913,2,165,1,64,614,37,23,127,23,79,336,742
307,9764,53,60,202,3379,1,124,3,39,491,26,12,90,19,61,226,467
308,9771,132,119,373,8849,0,261,25,108,1112,32,35,184,41,146,402,1694
309,9772,256,220,662,15127,1,592,25,188,1828,64,52,307,60,257,769,2821
310,9773,97,99,263,5769,0,212,27,80,861,25,38,126,45,98,291,973
311,9774,125,164,393,8180,0,299,28,118,1071,37,54,233,65,181,395,1345
312,9775,182,227,470,9712,2,347,13,144,1310,50,48,243,56,190,532,1675
313,9776,90,145,238,6430,1,251,8,77,757,49,275,186,40,96,399,967
314,9777,139,262,408,10268,0,363,27,124,1228,54,520,350,77,182,534,1666
315,9778,145,190,382,9730,1,344,28,123,1165,45,151,255,118,170,517,1614
316,9779,132,170,462,8378,0,606,48,124,1093,38,89,234,104,170,419,1398
317,9780,165,282,441,12103,0,434,28,121,1537,92,1306,501,78,160,639,1898
318,10041,385,622,819,20132,2,903,5,228,2548,99,68,546,164,341,1410,3258
319,10042,132,177,289,5730,0,200,7,77,781,24,67,216,94,103,372,941
320,10043,205,211,361,7190,1,263,1,80,1009,25,20,210,60,142,479,1189
321,10044,309,363,564,11376,3,337,9,130,1675,43,69,431,89,211,722,1888
322,10045,205,251,424,8514,1,288,10,105,1181,32,47,213,75,187,584,1456
323,10046,123,153,214,4721,0,170,8,49,652,17,36,143,54,98,325,788
324,11000,2434,4706,7425,230503,123,10644,0,3577,22100,1739,1026,3762,783,2241,13837,30852
325,12051,83,80,254,3584,2,156,1,59,527,51,27,81,21,77,232,580
326,12052,149,112,403,6021,6,236,1,106,799,49,31,132,25,106,369,970
327,12053,65,48,222,3727,6,419,0,58,414,59,17,39,16,61,213,561
328,12054,160,202,431,10477,16,559,0,192,1068,96,83,226,48,118,577,1649
329,12060,161,183,466,10055,4,736,4,142,1244,132,83,185,48,221,509,1837
330,12061,173,202,521,10620,2,320,5,154,1214,177,165,216,57,200,445,1888
331,12062,134,156,357,6788,2,251,14,115,1091,23,53,147,38,150,354,1240
332,12063,154,133,421,8372,3,322,5,143,1018,135,73,155,60,150,375,1491
333,12064,196,147,481,11284,2,783,6,167,1382,152,92,180,66,228,577,2142
334,12065,207,209,507,10895,6,354,6,156,1375,145,75,233,55,215,579,2120
335,12066,119,149,388,6045,1,240,14,120,972,32,100,174,32,153,332,1083
336,12067,233,180,511,10738,6,835,10,170,1266,128,110,246,63,204,537,1868
337,12068,132,149,304,6429,2,226,5,97,827,91,118,153,84,130,306,1128
338,12069,197,224,456,13122,1,441,13,228,1497,163,117,267,106,247,596,2195
339,12070,89,126,268,5012,1,145,4,95,709,73,65,132,23,87,265,890
340,12071,140,164,318,6882,0,256,17,123,1015,29,100,191,34,169,347,1333
341,12072,160,166,470,11026,1,316,11,136,1217,126,103,203,55,203,403,1662
342,12073,121,135,329,7449,3,762,5,137,899,95,115,149,40,160,361,1188
343,13003,188,200,584,10338,5,708,0,195,1221,136,103,234,45,162,757,1487
344,13004,119,115,399,6035,6,359,0,109,720,51,46,125,27,113,361,962
345,13071,305,337,880,16063,5,752,10,360,2044,313,269,402,256,308,949,2671
346,13072,236,259,691,12922,2,502,8,283,1662,219,290,265,143,279,649,2322
347,13073,261,417,757,14211,6,607,7,289,1928,272,635,533,128,277,799,2417
348,13074,155,220,415,8727,2,375,3,206,1044,102,176,195,89,170,460,1444
349,13075,258,344,781,13621,6,598,10,318,1755,332,413,389,150,287,801,2214
350,13076,224,243,616,12919,3,588,10,301,1635,233,183,300,155,274,665,2383
351,14511,328,226,817,15218,8,1052,5,318,1857,97,52,323,64,280,953,2357
352,14521,488,435,1009,22278,4,891,61,392,3459,100,296,666,212,399,1239,3842
353,14522,427,311,931,19022,4,750,52,364,2742,74,184,535,148,369,1080,3356
354,14523,361,303,826,15856,6,603,39,265,2380,70,183,404,103,325,934,2732
355,14524,450,331,1085,19645,9,770,28,334,3017,99,117,454,102,349,1222,3603
356,14612,502,520,1460,31463,25,1643,7,582,3346,237,222,792,172,417,1934,4518
357,14625,350,343,949,17737,11,717,48,373,2435,83,135,508,163,393,1010,3169
358,14626,293,326,798,15496,4,698,40,325,2099,102,181,488,124,275,943,2777
359,14627,286,265,715,14666,5,482,19,279,1948,71,150,407,82,274,804,2525
360,14628,295,302,659,15017,3,592,29,297,1961,78,229,458,125,321,786,2597
361,14713,466,555,1515,33817,23,2616,2,416,3547,227,147,516,111,447,2290,5088
362,14729,283,261,677,14931,2,656,22,308,2146,49,83,302,107,265,890,2805
363,14730,236,200,617,11519,2,487,14,268,1720,45,95,257,93,238,668,2154
364,15001,104,85,337,4461,4,200,0,74,630,30,30,83,33,76,307,776
365,15002,216,208,677,10947,7,686,0,224,1367,96,41,259,60,177,916,1794
366,15003,272,250,797,12853,6,696,0,184,1464,141,46,234,56,179,872,1979
367,15081,104,106,269,4998,0,248,3,119,768,60,55,114,34,108,262,893
368,15082,171,188,536,8563,1,401,7,170,1210,46,59,164,62,181,531,1520
369,15083,198,149,496,9271,1,434,8,250,1128,147,71,148,93,241,490,1633
370,15084,218,228,564,9747,1,433,8,254,1351,40,144,230,51,211,638,1622
371,15085,299,362,793,13232,4,593,12,258,1847,169,352,386,70,252,782,2274
372,15086,96,97,280,5517,0,197,8,112,719,94,36,89,55,117,267,872
373,15087,172,160,446,7558,1,330,20,155,1081,35,66,143,47,157,445,1370
374,15088,195,177,522,9250,3,383,3,164,1127,19,71,184,103,207,483,1596
375,15089,255,219,601,9924,3,445,4,227,1599,95,68,202,69,226,671,1736
376,15090,154,115,368,6846,3,392,6,151,999,100,44,118,50,141,334,1160
377,15091,155,149,427,7237,2,301,5,168,1133,26,90,165,67,152,384,1234
378,16051,230,246,678,12198,8,754,4,166,1588,96,70,289,77,197,828,2031
379,16052,138,108,342,5531,6,353,2,68,796,26,23,153,27,111,416,968
380,16053,109,139,319,6088,9,373,0,95,609,46,37,144,27,86,447,842
381,16054,50,34,151,2434,2,117,0,25,318,16,23,47,12,43,175,399
382,16055,70,91,241,4236,2,219,0,62,512,24,63,114,19,73,275,743
383,16056,64,75,200,2631,2,95,0,34,400,17,48,93,16,60,204,433
384,16061,170,105,240,6431,0,234,15,119,909,96,52,137,52,135,331,1205
385,16062,101,118,291,4703,3,184,9,90,706,23,41,134,23,104,312,838
386,16063,171,188,341,7056,2,207,10,148,1044,77,96,230,59,163,380,1207
387,16064,148,153,298,5950,1,208,8,114,902,25,54,187,68,128,391,1085
388,16065,98,104,263,4108,1,172,10,82,661,9,50,129,35,84,273,707
389,16066,188,186,356,8437,1,339,8,111,1274,34,143,259,68,207,470,1476
390,16067,191,163,353,7636,0,344,4,127,1173,34,90,233,97,181,452,1345
391,16068,75,54,175,3749,0,181,3,74,573,16,28,104,53,75,191,764
392,16069,81,88,182,3900,1,161,3,62,494,12,70,117,30,80,212,705
393,16070,137,136,308,6574,2,306,1,104,976,23,111,209,76,172,359,1183
394,16071,100,96,189,4733,2,185,9,101,635,12,50,134,79,117,239,949
395,16072,74,86,187,3663,0,145,0,60,504,15,34,114,10,83,229,601
396,16073,131,192,364,6641,4,253,5,109,1001,33,120,272,135,137,407,1249
397,16074,103,104,219,5078,0,227,13,100,667,19,59,144,89,127,273,917
398,16075,122,128,262,5600,0,182,12,104,860,23,69,196,95,133,286,1142
399,16076,132,140,279,6686,0,277,12,113,1002,22,57,194,64,159,367,1209
400,16077,122,119,268,4857,1,171,18,90,807,23,33,123,59,102,314,912
