ags5,kreis,total area,Residential area percentage,industrial / commertial area percentage,dump area percentage,mining area percentage,"open pit, mine, quarry area percentage",mixed use area percentage,special functional character land percentage,"sport, leisure, recreation area percentage",cemetry area percentage,road area percentage,space area percentage,rail traffic area percentage,air traffic area percentage,shipping area percentage,agri area percentage,forrest area percentage,wood area percentage,health area percentage,moor area percentage,swamp area percentage,without vegetation area percentage,flowing water percentage,harbor basin percentage,standing water percentage,sea percentage
1001,"Flensburg, Stadt",56.7,24.66,8.03,0.05,0.0,0.0,3.58,3.76,6.02,0.83,1.99,0.74,0.99,1.5,0.18,17.78,8.61,3.16,0.0,0.04,0.0,4.04,0.0,0.0,0.44,13.6
1002,"Kiel, Landeshauptstadt",118.7,24.15,6.88,0.0,0.0,0.0,2.9,5.09,9.82,0.71,2.96,0.9,0.79,0.94,1.06,21.31,8.92,2.36,0.0,0.3,0.73,1.6,1.27,0.3,1.05,5.93
1003,"Lübeck, Hansestadt",214.2,15.39,5.4,0.0,0.0,0.17,2.44,2.06,4.88,0.44,1.34,0.55,0.55,0.66,0.52,29.7,16.29,2.64,0.3,0.02,0.05,3.44,5.76,0.06,6.97,0.34
1004,"Neumünster, Stadt",71.7,23.64,9.93,0.0,0.0,0.0,4.33,2.67,5.49,0.63,1.1,0.77,0.68,0.54,0.0,36.18,6.12,1.62,0.0,2.5,0.0,1.82,0.01,0.0,1.96,0.0
1051,Dithmarschen,1428.2,3.14,0.91,0.0,0.0,0.1,3.33,0.29,0.55,0.07,0.26,0.07,0.09,0.03,0.04,79.47,3.99,0.62,0.0,1.44,0.05,2.11,2.55,0.04,0.76,0.06
1053,Herzogtum Lauenburg,1263.1,4.21,0.86,0.0,0.0,0.16,2.28,0.29,0.97,0.11,0.28,0.05,0.08,0.01,0.01,57.12,27.4,1.22,0.06,0.31,0.02,0.83,0.54,0.01,3.18,0.0
1054,Nordfriesland,2083.5,3.01,0.77,0.0,0.0,0.07,2.98,0.58,0.58,0.05,0.16,0.06,0.1,0.45,0.02,79.49,4.16,0.57,0.95,0.53,0.15,2.88,0.64,0.0,1.56,0.24
1055,Ostholstein,1393.0,4.28,0.69,0.0,0.0,0.19,2.68,0.5,1.61,0.08,0.39,0.13,0.06,0.01,0.03,71.61,10.63,1.28,0.03,0.38,0.07,1.91,0.02,0.0,2.67,0.75
1056,Pinneberg,664.3,9.96,2.32,0.01,0.0,0.36,4.0,0.94,2.05,0.19,0.37,0.13,0.13,0.19,0.04,62.43,8.02,1.64,0.0,0.56,0.09,1.82,3.79,0.01,0.6,0.38
1057,Plön,1083.6,3.53,0.47,0.0,0.0,0.14,2.66,0.54,1.03,0.06,0.22,0.06,0.02,0.0,0.0,67.2,12.14,1.09,0.04,0.36,0.16,1.03,0.13,0.0,9.0,0.12
1058,Rendsburg-Eckernförde,2189.8,3.39,0.81,0.0,0.0,0.29,2.92,0.43,1.04,0.08,0.46,0.06,0.09,0.13,0.01,69.92,12.5,1.18,0.08,1.5,0.09,1.35,0.67,0.0,2.08,0.92
1059,Schleswig-Flensburg,2071.3,2.87,0.87,0.0,0.0,0.27,3.48,0.41,0.53,0.05,0.24,0.05,0.03,0.28,0.0,75.78,7.15,0.88,0.0,1.24,0.02,0.96,0.2,0.0,0.73,3.95
1060,Segeberg,1344.5,4.66,1.38,0.0,0.0,0.7,2.99,0.67,1.26,0.07,0.43,0.09,0.05,0.06,0.0,65.58,17.5,1.14,0.03,0.99,0.02,0.92,0.01,0.0,1.42,0.0
1061,Steinburg,1055.7,3.31,1.13,0.0,0.0,0.61,3.51,0.25,0.5,0.08,0.34,0.05,0.06,0.13,0.02,73.3,9.37,0.97,0.09,0.39,0.15,1.07,4.21,0.0,0.45,0.0
1062,Stormarn,766.2,7.8,1.78,0.0,0.0,0.17,2.92,0.56,1.81,0.13,0.71,0.11,0.1,0.0,0.0,64.87,14.54,1.65,0.0,0.78,0.01,0.91,0.06,0.0,1.08,0.0
2000,Hamburg,755.1,21.27,8.17,0.0,0.0,0.03,1.8,2.51,6.89,0.87,0.98,0.3,0.77,0.97,0.01,18.34,4.42,2.0,0.27,0.33,0.17,0.92,4.83,0.0,0.77,23.4
3101,Braunschweig,192.7,17.13,7.53,0.04,0.0,0.03,3.03,2.96,7.32,0.51,1.37,0.67,1.13,0.96,0.01,39.05,12.56,1.41,0.04,0.02,0.0,2.6,0.52,0.03,1.11,0.0
3102,Salzgitter,224.5,8.13,7.99,0.31,0.04,0.16,2.79,0.7,2.61,0.31,0.78,0.43,0.3,0.24,0.01,52.85,16.26,1.25,0.0,0.0,0.0,2.74,0.33,0.03,1.75,0.0
3103,Wolfsburg,204.6,11.24,5.37,0.13,0.0,0.06,2.77,1.13,4.4,0.39,0.87,0.9,0.23,0.0,0.05,41.8,23.8,1.36,0.05,0.09,0.0,3.63,0.48,0.02,1.2,0.0
3151,Gifhorn,1567.6,2.91,0.73,0.0,0.0,0.37,2.31,0.19,0.77,0.07,0.12,0.06,0.07,0.03,0.0,53.09,35.26,0.56,0.72,0.94,0.0,1.09,0.27,0.0,0.45,0.0
3153,Goslar,966.7,3.43,1.37,0.09,0.0,0.23,1.56,0.37,0.91,0.12,0.26,0.12,0.14,0.02,0.0,29.88,56.89,0.99,0.06,0.46,0.0,1.81,0.01,0.0,1.29,0.0
3154,Helmstedt,676.1,2.97,1.09,0.03,0.02,1.16,2.45,0.25,0.85,0.11,0.29,0.09,0.11,0.02,0.0,62.13,24.75,0.97,0.0,0.06,0.0,2.0,0.0,0.0,0.66,0.0
3155,Northeim,1268.8,2.44,0.87,0.0,0.0,0.1,2.17,0.21,0.75,0.09,0.19,0.06,0.13,0.06,0.0,51.72,38.94,1.06,0.0,0.03,0.0,0.74,0.13,0.0,0.28,0.0
3157,Peine,536.5,5.67,2.45,0.03,0.0,0.26,3.49,0.37,1.07,0.13,0.2,0.15,0.13,0.06,0.01,72.32,9.3,1.2,0.01,0.06,0.0,1.37,0.31,0.02,1.4,0.0
3158,Wolfenbüttel,724.3,3.53,0.87,0.0,0.0,0.06,2.33,0.28,0.82,0.1,0.28,0.05,0.11,0.02,0.0,70.21,18.77,0.72,0.0,0.01,0.0,1.45,0.0,0.0,0.38,0.0
3159,Göttingen,1755.5,3.57,1.31,0.03,0.0,0.26,2.31,0.45,0.88,0.12,0.23,0.1,0.11,0.0,0.0,45.53,42.71,0.83,0.01,0.06,0.0,0.95,0.14,0.0,0.4,0.0
3241,Hannover,2297.1,7.51,2.75,0.12,0.03,0.63,2.83,0.88,2.62,0.27,0.54,0.32,0.3,0.39,0.0,54.47,19.55,0.83,0.09,2.36,0.0,1.25,0.31,0.01,1.94,0.0
3251,Diepholz,1991.0,3.01,1.25,0.0,0.0,0.76,3.64,0.21,0.53,0.06,0.24,0.04,0.11,0.08,0.0,73.96,9.69,0.36,0.11,4.32,0.0,0.62,0.09,0.0,0.91,0.0
3252,Hameln-Pyrmont,797.5,4.08,1.32,0.01,0.0,0.23,2.92,0.55,1.12,0.14,0.18,0.09,0.13,0.04,0.0,54.48,32.53,0.6,0.0,0.01,0.0,0.76,0.37,0.01,0.44,0.0
3254,Hildesheim,1208.4,4.54,1.59,0.02,0.01,0.28,2.8,0.4,1.17,0.15,0.31,0.11,0.2,0.05,0.0,60.88,24.42,0.81,0.0,0.01,0.0,1.45,0.18,0.0,0.62,0.0
3255,Holzminden,694.2,2.63,0.95,0.0,0.0,0.2,1.95,0.26,0.65,0.08,0.11,0.03,0.07,0.05,0.0,43.9,46.8,0.74,0.05,0.15,0.0,0.64,0.46,0.01,0.29,0.0
3256,Nienburg/Weser,1400.8,2.06,1.16,0.01,0.0,1.68,3.56,0.23,0.41,0.07,0.12,0.03,0.07,0.01,0.01,67.03,17.63,0.69,0.21,2.74,0.0,0.83,0.52,0.01,0.95,0.0
3257,Schaumburg,675.7,6.58,1.71,0.11,0.0,0.19,3.8,0.42,0.83,0.15,0.28,0.15,0.12,0.32,0.0,56.69,26.04,0.8,0.0,0.03,0.0,0.79,0.37,0.01,0.62,0.0
3351,Celle,1550.8,3.69,1.01,0.03,0.01,0.06,1.88,0.5,0.75,0.09,0.08,0.06,0.09,0.58,0.0,38.28,47.11,0.36,2.66,0.98,0.0,1.03,0.15,0.0,0.63,0.0
3352,Cuxhaven,2059.0,3.27,0.8,0.0,0.0,0.23,3.14,0.21,0.67,0.07,0.31,0.05,0.07,0.3,0.0,75.36,8.13,0.64,0.51,3.68,0.0,1.06,0.74,0.04,0.72,0.0
3353,Harburg,1248.5,6.43,1.16,0.01,0.0,0.26,2.7,0.31,1.73,0.09,0.38,0.11,0.36,0.01,0.0,53.04,28.88,0.57,1.3,0.45,0.0,0.98,0.61,0.01,0.62,0.0
3354,Lüchow-Dannenberg,1227.3,1.59,0.46,0.0,0.0,0.09,1.99,0.11,0.35,0.05,0.05,0.02,0.04,0.01,0.0,53.75,38.27,0.29,0.55,0.11,0.0,0.93,0.92,0.01,0.4,0.0
3355,Lüneburg,1327.8,3.94,0.91,0.01,0.0,0.1,1.91,0.38,1.01,0.1,0.14,0.07,0.09,0.02,0.01,53.32,33.39,0.79,0.75,0.19,0.0,1.2,1.14,0.02,0.53,0.0
3356,Osterholz,652.7,5.67,0.96,0.0,0.0,0.14,3.97,0.65,1.04,0.06,0.25,0.06,0.05,0.03,0.0,67.71,13.52,0.53,0.51,2.17,0.0,1.21,1.16,0.0,0.3,0.0
3357,Rotenburg (Wümme),2074.8,2.6,0.92,0.0,0.0,0.36,2.69,0.29,0.65,0.07,0.12,0.05,0.1,0.06,0.0,69.59,16.09,0.55,0.35,4.65,0.0,0.54,0.04,0.0,0.27,0.0
3358,Heidekreis,1881.5,2.37,0.83,0.01,0.0,0.1,1.86,0.58,0.81,0.06,0.15,0.12,0.07,0.03,0.0,41.16,42.13,0.35,6.16,1.31,0.0,1.26,0.18,0.0,0.45,0.0
3359,Stade,1267.4,3.94,1.48,0.0,0.0,0.52,3.36,0.28,0.56,0.1,0.23,0.04,0.07,0.01,0.0,72.86,7.02,0.74,0.05,1.68,0.0,1.5,5.12,0.0,0.43,0.0
3360,Uelzen,1462.6,1.98,0.51,0.0,0.0,0.07,1.92,0.19,0.51,0.06,0.06,0.03,0.1,0.02,0.0,54.78,36.99,0.41,1.04,0.3,0.0,0.64,0.22,0.0,0.18,0.0
3361,Verden,789.3,4.7,1.65,0.01,0.01,0.11,3.63,0.3,1.03,0.1,0.38,0.09,0.16,0.01,0.01,70.61,12.9,0.56,0.16,1.28,0.0,0.83,1.03,0.01,0.45,0.0
3401,Delmenhorst,62.5,26.73,6.23,0.0,0.0,0.0,5.49,3.24,2.93,0.51,1.04,0.35,0.34,0.0,0.0,46.32,2.42,0.77,0.0,0.03,0.0,2.64,0.35,0.0,0.61,0.0
3402,Emden,112.3,8.81,9.55,0.16,0.0,0.0,2.33,0.73,1.79,0.24,1.0,0.67,0.43,0.31,0.04,58.88,0.58,0.77,0.0,0.01,0.0,8.02,4.63,0.01,1.07,0.0
3403,Oldenburg,103.1,33.3,7.93,0.0,0.0,0.0,2.91,4.36,5.83,0.5,2.15,0.93,0.26,0.0,0.01,30.11,4.04,1.73,0.31,1.15,0.0,1.5,0.94,0.0,1.99,0.0
3404,Osnabrück,119.8,22.23,8.79,0.0,0.0,0.47,4.11,2.51,5.28,0.83,1.16,0.64,1.29,0.11,0.15,31.28,18.11,0.87,0.0,0.0,0.0,1.36,0.19,0.07,0.55,0.0
3405,Wilhelmshaven,107.1,13.33,13.88,0.0,0.0,0.0,3.13,3.33,5.11,0.35,1.18,0.55,0.19,0.01,1.32,39.47,3.57,0.56,0.0,0.0,0.0,9.46,1.97,0.97,1.62,0.03
3451,Ammerland,730.6,5.8,2.15,0.0,0.0,0.53,4.55,0.32,1.17,0.05,0.53,0.11,0.06,0.04,0.0,70.74,9.83,0.67,0.0,1.09,0.0,0.78,0.14,0.01,1.44,0.0
3452,Aurich,1287.3,5.79,1.16,0.01,0.0,0.49,3.57,0.33,0.67,0.07,0.44,0.08,0.03,0.12,0.03,76.54,3.44,0.71,0.03,1.13,0.0,3.87,0.56,0.04,0.88,0.02
3453,Cloppenburg,1420.4,3.32,2.3,0.01,0.0,2.43,4.01,0.35,0.49,0.05,0.41,0.07,0.03,0.02,0.0,70.49,12.4,0.4,0.07,1.87,0.0,0.59,0.17,0.0,0.52,0.0
3454,Emsland,2883.7,3.25,2.1,0.02,0.0,1.5,3.01,0.35,0.71,0.06,0.49,0.1,0.04,0.02,0.01,63.98,18.05,0.66,0.3,2.76,0.0,1.41,0.56,0.03,0.6,0.0
3455,Friesland,609.5,6.07,1.45,0.04,0.0,0.09,3.21,1.22,0.85,0.05,0.52,0.2,0.1,0.2,0.0,75.13,6.49,0.51,0.01,0.9,0.0,1.49,0.45,0.02,1.02,0.01
3456,Grafschaft Bentheim,981.8,3.73,2.14,0.0,0.0,1.42,3.21,0.24,0.8,0.07,0.61,0.1,0.06,0.06,0.0,67.64,15.54,0.52,0.94,1.15,0.0,0.86,0.25,0.0,0.63,0.0
3457,Leer,1085.7,6.01,1.28,0.02,0.0,0.14,3.37,0.62,0.48,0.06,0.75,0.06,0.07,0.09,0.0,74.95,1.75,0.97,0.0,2.04,0.0,2.97,3.43,0.07,0.86,0.0
3458,Oldenburg,1064.8,4.24,1.7,0.01,0.0,0.32,3.41,0.27,0.94,0.04,0.34,0.08,0.05,0.11,0.0,66.74,18.82,0.43,0.23,0.82,0.0,0.77,0.18,0.0,0.53,0.0
3459,Osnabrück,2121.8,4.36,1.68,0.0,0.0,0.37,3.55,0.28,0.71,0.08,0.35,0.07,0.08,0.05,0.0,65.45,20.76,0.45,0.02,0.46,0.0,0.64,0.16,0.0,0.47,0.0
3460,Vechta,814.2,4.29,2.86,0.0,0.0,1.81,4.71,0.35,0.85,0.06,0.29,0.15,0.03,0.03,0.0,68.22,12.97,0.4,0.01,1.71,0.0,0.85,0.01,0.0,0.41,0.0
3461,Wesermarsch,824.8,3.71,1.58,0.01,0.0,0.28,3.72,0.19,0.62,0.04,0.35,0.04,0.08,0.02,0.03,81.79,1.12,0.45,0.0,0.63,0.0,2.14,2.63,0.03,0.52,0.0
3462,Wittmund,656.8,3.35,0.77,0.0,0.0,0.11,3.49,0.24,0.4,0.05,0.17,0.06,0.02,0.33,0.01,78.91,5.64,0.56,0.04,0.91,0.0,3.93,0.26,0.07,0.71,0.01
4011,Bremen,317.9,21.71,12.57,0.0,0.0,0.01,3.99,2.76,8.74,0.78,2.06,0.63,1.0,0.76,1.86,29.4,1.76,1.92,0.04,0.05,0.0,3.39,3.93,1.17,1.48,0.0
4012,Bremerhaven,101.5,18.76,10.58,0.0,0.0,0.0,3.11,2.35,7.15,0.72,1.82,0.76,1.37,0.0,1.08,20.65,3.75,1.48,0.01,0.51,0.0,6.63,17.03,1.57,0.65,0.0
5111,Düsseldorf,217.4,21.89,9.71,0.0,0.0,0.0,5.77,3.41,8.21,1.32,1.75,0.94,1.12,2.88,0.56,20.35,11.72,3.68,0.0,0.01,0.0,0.77,3.92,0.26,1.73,0.0
5112,Duisburg,232.8,21.61,13.34,0.12,0.02,0.0,4.83,2.54,8.46,1.21,1.44,0.41,2.26,0.0,1.54,19.15,8.61,4.8,0.05,0.0,0.0,1.04,5.36,0.65,2.56,0.0
5113,Essen,210.3,32.86,10.72,0.1,0.06,0.0,3.77,3.18,8.41,1.61,1.18,0.49,0.74,0.15,0.06,15.78,13.74,4.45,0.0,0.0,0.03,0.27,0.94,0.09,1.35,0.0
5114,Krefeld,137.8,22.66,12.3,0.0,0.0,0.04,5.28,2.23,7.4,0.99,0.86,0.42,0.74,0.13,0.0,33.94,7.65,2.33,0.15,0.0,0.0,0.28,0.84,0.5,1.25,0.0
5116,Mönchengladbach,170.5,20.81,7.63,0.0,0.0,0.43,6.45,3.28,5.3,1.01,1.04,0.52,0.43,0.69,0.0,38.99,9.19,3.48,0.0,0.0,0.01,0.48,0.0,0.0,0.25,0.0
5117,Mülheim an der Ruhr,91.3,28.56,9.32,0.0,0.01,0.0,3.84,1.85,5.92,1.22,0.83,0.26,0.66,1.21,0.8,22.85,17.66,3.04,0.01,0.0,0.03,0.1,1.36,0.09,0.44,0.0
5119,Oberhausen,77.1,36.53,11.08,0.04,0.0,0.0,4.54,2.7,7.2,1.3,1.7,0.62,2.24,0.0,0.04,10.28,12.51,6.79,0.0,0.0,0.0,1.23,0.95,0.01,0.22,0.0
5120,Remscheid,74.5,21.89,8.27,0.0,0.0,0.0,4.54,1.68,2.87,0.72,0.5,0.24,0.24,0.0,0.0,24.17,30.29,3.1,0.0,0.0,0.0,0.34,0.05,0.0,1.1,0.0
5122,Solingen,89.5,27.94,6.87,0.0,0.0,0.0,6.19,1.66,3.27,1.01,0.28,0.25,0.13,0.0,0.0,21.64,26.57,3.22,0.0,0.02,0.0,0.12,0.48,0.0,0.37,0.0
5124,Wuppertal,168.4,22.07,7.99,0.11,0.0,0.64,6.36,2.16,5.88,0.92,0.86,0.23,0.7,0.0,0.0,21.2,25.77,4.09,0.01,0.0,0.0,0.13,0.36,0.0,0.56,0.0
5154,Kleve,1233.0,5.37,3.01,0.0,0.0,0.38,4.49,0.71,1.11,0.12,0.17,0.11,0.05,0.35,0.02,65.47,13.77,1.46,0.01,0.0,0.02,0.33,1.12,0.02,1.91,0.0
5158,Mettmann,407.2,17.81,6.66,0.0,0.0,0.51,4.33,1.73,3.7,0.53,0.9,0.21,0.25,0.07,0.0,38.79,18.53,3.77,0.01,0.05,0.0,0.45,0.44,0.0,1.26,0.0
5162,Rhein-Kreis Neuss,576.4,12.44,5.9,0.0,0.0,1.69,3.77,0.99,3.0,0.39,0.71,0.21,0.32,0.03,0.36,54.76,7.58,3.56,0.01,0.0,0.0,1.88,1.25,0.11,1.05,0.0
5166,Viersen,563.3,9.55,4.22,0.0,0.0,0.35,5.45,2.24,1.89,0.26,0.36,0.13,0.11,0.05,0.0,53.55,17.6,2.02,0.38,0.01,0.07,0.48,0.0,0.0,1.29,0.0
5170,Wesel,1042.8,8.25,3.27,0.16,0.06,0.47,4.42,0.73,1.71,0.22,0.28,0.13,0.11,0.07,0.03,55.87,16.96,2.34,0.07,0.06,0.07,0.43,1.5,0.07,2.72,0.0
5314,Bonn,141.1,27.32,5.03,0.0,0.0,0.0,3.43,5.63,5.01,0.98,1.3,0.34,0.52,0.0,0.05,14.25,29.45,2.69,0.0,0.0,0.0,0.16,3.63,0.0,0.21,0.0
5315,Köln,405.0,21.04,11.48,0.0,0.0,0.19,4.17,3.41,9.89,1.31,1.92,0.49,1.76,1.79,0.26,17.84,14.57,3.72,0.2,0.0,0.01,1.24,3.02,0.23,1.47,0.0
5316,Leverkusen,78.9,29.2,9.79,0.0,0.0,0.06,3.83,2.4,5.09,0.88,1.36,0.56,0.74,0.01,0.0,25.06,11.49,4.44,0.0,0.0,0.0,0.98,2.16,0.15,1.84,0.0
5334,Aachen,706.9,12.54,3.88,0.12,0.0,0.25,3.3,1.39,1.76,0.47,0.37,0.16,0.17,0.07,0.0,40.35,30.98,2.45,0.24,0.02,0.01,0.6,0.0,0.0,0.87,0.0
5358,Düren,941.5,5.65,2.22,0.1,0.0,4.56,2.91,1.17,0.98,0.17,0.21,0.09,0.08,0.18,0.0,57.97,19.79,2.05,0.2,0.04,0.0,0.54,0.18,0.0,0.91,0.0
5362,Rhein-Erft-Kreis,704.7,10.64,6.15,0.05,0.0,3.95,2.93,0.96,1.94,0.29,0.55,0.2,0.34,0.23,0.0,53.52,11.4,4.07,0.0,0.0,0.02,1.45,0.19,0.01,1.1,0.0
5366,Euskirchen,1248.7,4.6,1.25,0.0,0.0,0.27,2.11,0.57,0.69,0.08,0.13,0.07,0.06,0.05,0.0,49.34,37.78,2.08,0.24,0.02,0.01,0.16,0.01,0.0,0.48,0.0
5370,Heinsberg,627.9,9.15,2.86,0.07,0.03,1.28,5.11,1.28,1.21,0.19,0.21,0.07,0.06,0.58,0.0,64.06,10.43,1.89,0.16,0.0,0.01,0.56,0.09,0.0,0.68,0.0
5374,Oberbergischer Kreis,918.8,8.54,2.12,0.0,0.0,0.14,3.17,0.55,0.91,0.16,0.14,0.08,0.03,0.06,0.0,40.01,41.06,1.65,0.01,0.0,0.01,0.16,0.07,0.0,1.13,0.0
5378,Rheinisch-Bergischer Kreis,437.3,15.0,2.13,0.0,0.0,0.0,3.32,0.84,1.36,0.23,0.24,0.12,0.05,0.0,0.0,36.01,37.26,1.79,0.25,0.0,0.01,0.09,0.12,0.0,1.17,0.0
5382,Rhein-Sieg-Kreis,1153.2,10.95,2.52,0.0,0.0,0.36,3.14,0.96,1.41,0.2,0.28,0.09,0.16,0.31,0.0,44.73,30.77,2.24,0.23,0.0,0.01,0.26,0.74,0.01,0.62,0.0
5512,Bottrop,100.6,18.2,6.0,1.04,0.66,0.65,4.08,1.45,4.44,0.74,0.83,0.55,0.53,0.15,0.01,30.48,22.81,4.62,0.52,0.0,0.01,1.11,0.18,0.06,0.89,0.0
5513,Gelsenkirchen,104.9,26.58,14.55,0.0,0.11,0.0,5.21,3.11,10.81,1.73,1.59,1.04,1.13,0.0,0.5,12.18,8.28,8.43,0.0,0.01,0.11,3.34,0.55,0.23,0.48,0.0
5515,Münster,303.3,13.03,4.18,0.0,0.0,0.0,3.92,3.07,3.55,0.19,0.59,0.23,0.41,0.0,0.16,48.1,16.58,2.57,0.84,0.0,0.0,0.94,0.73,0.03,0.88,0.0
5554,Borken,1421.0,5.42,2.68,0.0,0.0,0.04,4.82,0.39,1.11,0.11,0.16,0.08,0.02,0.04,0.0,68.21,14.76,1.11,0.05,0.26,0.08,0.18,0.03,0.0,0.45,0.0
5558,Coesfeld,1112.0,4.18,1.79,0.0,0.0,0.06,3.85,0.37,0.83,0.09,0.1,0.05,0.06,0.05,0.0,70.75,15.51,1.25,0.31,0.01,0.01,0.18,0.21,0.0,0.33,0.0
5562,Recklinghausen,761.3,13.76,5.23,0.26,0.07,0.24,3.75,1.35,2.61,0.5,0.53,0.24,0.26,0.05,0.06,37.18,26.69,3.59,0.33,0.02,0.1,0.98,0.78,0.03,1.39,0.0
5566,Steinfurt,1795.8,6.22,2.39,0.0,0.03,0.23,3.8,0.49,0.83,0.11,0.17,0.09,0.07,0.3,0.02,68.38,14.16,1.59,0.1,0.04,0.0,0.19,0.3,0.01,0.5,0.0
5570,Warendorf,1319.4,4.4,1.69,0.01,0.0,0.19,3.77,0.48,0.84,0.15,0.08,0.05,0.13,0.03,0.0,73.53,12.72,1.23,0.01,0.02,0.0,0.16,0.09,0.0,0.41,0.0
5711,Bielefeld,258.8,21.28,6.22,0.0,0.0,0.04,4.91,2.3,3.98,0.85,0.73,0.25,0.34,0.19,0.0,34.8,20.51,2.98,0.0,0.01,0.0,0.17,0.0,0.0,0.43,0.0
5754,Gütersloh,969.2,7.99,3.48,0.0,0.0,0.09,5.47,0.6,1.15,0.16,0.21,0.08,0.07,0.35,0.0,64.21,13.77,1.34,0.09,0.0,0.0,0.28,0.03,0.0,0.64,0.0
5758,Herford,450.4,15.52,4.27,0.0,0.0,0.08,5.59,0.85,1.29,0.38,0.33,0.08,0.27,0.0,0.0,59.26,8.99,2.37,0.0,0.01,0.0,0.13,0.26,0.02,0.3,0.0
5762,Höxter,1201.4,3.01,1.35,0.0,0.0,0.11,2.19,0.42,0.64,0.08,0.04,0.03,0.07,0.05,0.0,60.37,29.58,1.51,0.0,0.01,0.04,0.07,0.2,0.0,0.24,0.0
5766,Lippe,1246.2,7.36,2.01,0.02,0.0,0.19,3.32,0.73,1.01,0.2,0.06,0.08,0.04,0.09,0.0,51.07,30.36,1.67,1.16,0.0,0.02,0.12,0.06,0.0,0.42,0.0
5770,Minden-Lübbecke,1152.4,7.99,2.27,0.0,0.01,0.19,5.21,0.58,0.69,0.19,0.14,0.07,0.12,0.07,0.09,66.26,11.74,1.92,0.0,0.44,0.0,0.2,0.72,0.02,1.08,0.0
5774,Paderborn,1246.8,4.91,2.07,0.0,0.0,0.14,2.71,0.8,0.94,0.11,0.18,0.09,0.07,0.22,0.0,54.99,29.18,1.73,0.8,0.04,0.01,0.17,0.02,0.0,0.8,0.0
5911,Bochum,145.7,32.12,11.54,0.0,0.0,0.0,4.61,3.48,8.84,1.93,1.92,0.53,1.06,0.0,0.0,17.51,8.35,5.82,0.0,0.0,0.0,1.39,0.22,0.0,0.69,0.0
5913,Dortmund,280.7,26.72,8.71,0.06,0.0,0.02,4.6,3.17,6.91,1.47,1.53,0.61,1.16,0.71,0.34,23.48,11.53,5.57,0.0,0.0,0.0,2.71,0.12,0.12,0.43,0.0
5914,Hagen,160.5,15.04,7.03,0.0,0.0,0.86,3.29,1.53,3.03,0.63,0.67,0.3,1.28,0.06,0.0,17.33,43.32,3.5,0.0,0.0,0.0,0.35,0.59,0.0,1.17,0.0
5915,Hamm,226.4,13.6,5.51,0.18,0.21,0.0,3.78,1.5,2.92,0.42,0.3,0.25,0.91,0.13,0.25,54.93,9.0,3.09,0.03,0.02,0.02,1.74,0.73,0.05,0.43,0.0
5916,Herne,51.4,34.69,12.06,0.1,0.04,0.0,5.6,3.83,11.83,1.67,1.63,0.56,2.65,0.0,0.18,9.59,3.48,8.31,0.0,0.0,0.02,1.98,1.38,0.21,0.21,0.0
5954,Ennepe-Ruhr-Kreis,409.6,14.63,4.67,0.0,0.0,0.02,3.94,0.99,2.04,0.44,0.33,0.13,0.23,0.0,0.0,37.35,30.81,2.97,0.0,0.0,0.01,0.06,0.53,0.0,0.83,0.0
5958,Hochsauerlandkreis,1960.2,3.71,1.44,0.02,0.0,0.34,1.32,0.28,0.74,0.08,0.06,0.05,0.04,0.05,0.0,34.01,55.84,1.43,0.08,0.0,0.0,0.05,0.09,0.0,0.35,0.0
5962,Märkischer Kreis,1061.1,7.76,2.93,0.01,0.0,0.29,2.52,0.61,0.84,0.22,0.13,0.1,0.07,0.07,0.0,30.59,50.87,1.98,0.05,0.01,0.02,0.1,0.25,0.0,0.56,0.0
5966,Olpe,712.1,5.09,1.87,0.0,0.0,0.13,1.7,0.33,0.72,0.08,0.15,0.1,0.06,0.04,0.0,26.4,59.64,2.26,0.02,0.01,0.0,0.05,0.09,0.0,1.25,0.0
5970,Siegen-Wittgenstein,1132.9,6.7,2.1,0.01,0.0,0.05,1.27,0.43,0.49,0.17,0.11,0.05,0.11,0.12,0.0,20.29,65.96,1.84,0.0,0.0,0.0,0.04,0.05,0.0,0.19,0.0
5974,Soest,1328.6,5.36,2.23,0.0,0.0,0.61,3.04,0.55,0.85,0.13,0.17,0.1,0.07,0.01,0.0,63.73,20.48,1.36,0.0,0.0,0.01,0.12,0.15,0.0,1.02,0.0
5978,Unna,543.2,13.8,5.28,0.13,0.02,0.02,3.42,1.42,2.06,0.37,0.49,0.15,0.35,0.14,0.03,54.38,12.76,3.32,0.0,0.01,0.01,1.06,0.5,0.03,0.26,0.0
6411,Kreisfreie Stadt Darmstadt,122.1,12.45,5.51,0.11,0.0,0.0,2.9,3.1,4.41,0.58,1.22,0.32,1.07,0.06,0.0,16.86,47.67,1.48,0.0,0.0,0.0,1.95,0.0,0.0,0.31,0.0
6412,Kreisfreie Stadt Frankfurt am Main,248.3,18.98,9.22,0.0,0.0,0.0,4.46,2.51,11.74,1.07,2.42,0.42,1.25,5.9,0.37,20.62,15.5,3.29,0.0,0.0,0.0,0.49,1.4,0.12,0.24,0.0
6413,Kreisfreie Stadt Offenbach am Main,44.9,20.9,8.3,0.0,0.0,0.0,3.12,2.39,9.66,0.83,1.67,0.67,1.0,0.0,0.02,11.44,34.81,2.5,0.02,0.0,0.0,0.65,1.45,0.13,0.42,0.0
6414,Landeshauptstadt Wiesbaden,203.9,13.77,5.56,0.14,0.0,0.06,2.59,3.08,6.19,0.49,0.89,0.3,0.51,0.79,0.0,30.59,29.08,2.92,0.0,0.0,0.01,0.81,1.96,0.16,0.08,0.0
6431,Bergstraße,719.5,6.89,2.15,0.0,0.0,0.09,1.96,0.46,1.5,0.15,0.64,0.09,0.18,0.09,0.0,39.93,41.25,1.95,0.0,0.04,0.09,1.18,0.86,0.0,0.5,0.0
6432,Darmstadt-Dieburg,658.6,7.42,2.3,0.0,0.0,0.38,2.33,0.8,1.36,0.15,0.61,0.1,0.28,0.08,0.0,44.85,35.87,1.49,0.0,0.14,0.1,1.39,0.0,0.0,0.36,0.0
6433,Groß-Gerau,453.0,8.5,4.35,0.04,0.0,0.04,1.56,0.7,2.61,0.19,1.12,0.17,0.43,0.97,0.08,45.64,24.88,2.69,0.0,0.0,0.13,2.22,2.49,0.07,1.14,0.0
6434,Hochtaunus,481.8,7.91,1.46,0.0,0.0,0.07,2.31,1.43,2.31,0.21,0.25,0.11,0.08,0.07,0.0,29.78,51.94,1.82,0.0,0.0,0.0,0.17,0.0,0.0,0.08,0.0
6435,Main-Kinzig,1397.3,5.28,1.79,0.0,0.0,0.1,1.88,0.49,1.35,0.14,0.4,0.1,0.14,0.02,0.05,40.46,44.95,1.94,0.0,0.01,0.0,0.38,0.2,0.01,0.33,0.0
6436,Main-Taunus,222.5,14.48,4.42,0.0,0.0,0.18,2.83,1.13,3.84,0.39,0.99,0.19,0.25,0.0,0.12,40.85,25.5,3.7,0.0,0.0,0.0,0.46,0.48,0.02,0.19,0.0
6437,Odenwaldkreis,624.0,3.33,0.79,0.0,0.0,0.02,2.17,0.19,0.62,0.1,0.13,0.04,0.04,0.04,0.0,33.16,58.27,0.81,0.0,0.0,0.0,0.21,0.0,0.0,0.07,0.0
6438,Offenbach,356.2,12.35,5.71,0.0,0.0,0.16,3.07,1.17,3.34,0.34,1.1,0.14,0.35,0.19,0.01,22.28,45.41,1.92,0.0,0.0,0.0,1.03,0.34,0.0,1.11,0.0
6439,Rheingau-Taunus,811.4,4.26,0.76,0.01,0.0,0.01,1.41,0.52,1.09,0.11,0.24,0.07,0.08,0.04,0.0,30.0,58.21,1.53,0.0,0.01,0.0,0.28,1.31,0.01,0.06,0.0
6440,Wetterau,1100.7,4.6,1.5,0.0,0.0,0.23,2.43,0.61,1.33,0.13,0.42,0.06,0.19,0.06,0.0,55.75,30.01,1.45,0.0,0.0,0.01,0.96,0.02,0.0,0.24,0.0
6531,Gießen,854.6,5.97,2.06,0.01,0.0,0.13,1.81,0.6,1.66,0.14,0.48,0.11,0.13,0.04,0.0,47.99,35.97,1.89,0.02,0.0,0.01,0.45,0.08,0.0,0.45,0.0
6532,Lahn-Dill,1066.3,5.6,1.91,0.01,0.0,0.37,1.83,0.34,1.17,0.15,0.33,0.1,0.1,0.11,0.0,32.44,51.8,2.84,0.03,0.0,0.0,0.41,0.17,0.0,0.29,0.0
6533,Limburg-Weilburg,738.4,5.25,1.52,0.01,0.0,0.33,2.41,0.5,0.98,0.15,0.33,0.06,0.2,0.02,0.0,48.68,36.24,2.53,0.0,0.0,0.0,0.35,0.28,0.0,0.16,0.0
6534,Marburg-Biedenkopf,1262.4,4.17,1.12,0.0,0.0,0.17,2.0,0.59,0.77,0.14,0.19,0.06,0.07,0.03,0.0,45.96,42.55,1.42,0.0,0.0,0.04,0.39,0.15,0.0,0.18,0.0
6535,Vogelsberg,1458.9,1.6,0.73,0.0,0.0,0.09,2.01,0.14,0.57,0.07,0.15,0.04,0.04,0.02,0.0,51.95,40.16,1.73,0.02,0.0,0.0,0.39,0.06,0.0,0.22,0.0
6611,Kreisfreie Stadt Kassel,106.8,25.88,8.76,0.0,0.0,0.14,4.13,3.02,9.88,1.0,0.77,0.48,1.55,0.0,0.02,12.37,23.76,3.67,0.0,0.0,0.0,2.83,1.12,0.02,0.61,0.0
6631,Fulda,1380.4,3.61,1.29,0.07,0.04,0.16,2.25,0.3,0.75,0.11,0.35,0.09,0.12,0.04,0.0,51.14,37.02,1.74,0.0,0.06,0.0,0.74,0.04,0.0,0.08,0.0
6632,Hersfeld-Rotenburg,1097.7,3.08,0.96,0.19,0.06,0.12,1.57,0.21,0.43,0.11,0.27,0.05,0.15,0.02,0.0,42.29,47.73,1.84,0.0,0.0,0.0,0.47,0.23,0.0,0.2,0.0
6633,Kassel,1293.4,4.94,1.31,0.0,0.0,0.11,1.61,0.32,1.01,0.12,0.16,0.07,0.06,0.21,0.0,46.45,40.31,1.99,0.01,0.0,0.0,0.92,0.3,0.0,0.1,0.0
6634,Schwalm-Eder,1539.0,3.17,0.93,0.0,0.0,0.3,1.94,0.34,0.53,0.11,0.2,0.05,0.07,0.12,0.0,52.38,36.96,1.88,0.02,0.01,0.02,0.33,0.22,0.0,0.44,0.0
6635,Waldeck-Frankenberg,1848.7,2.35,0.84,0.0,0.0,0.07,1.44,0.22,0.64,0.08,0.09,0.05,0.03,0.04,0.0,44.66,46.57,1.28,0.06,0.0,0.0,0.55,0.12,0.0,0.89,0.0
6636,Werra-Meißner,1024.8,2.59,0.83,0.0,0.0,0.12,1.78,0.25,0.53,0.09,0.22,0.05,0.08,0.04,0.0,44.59,45.65,2.29,0.01,0.0,0.0,0.3,0.24,0.0,0.36,0.0
7111,Stadt Koblenz,105.3,9.29,5.35,0.0,0.0,0.13,7.43,3.99,2.94,0.64,0.68,0.48,0.68,0.07,0.23,25.15,32.82,3.64,0.0,0.0,0.0,1.38,4.9,0.14,0.07,0.0
7131,Ahrweiler,787.0,3.15,0.83,0.01,0.0,0.21,2.97,0.26,0.93,0.07,0.11,0.13,0.05,0.06,0.01,32.81,53.97,2.55,0.1,0.0,0.01,0.64,0.58,0.03,0.52,0.0
7132,Altenkirchen (Ww),642.4,5.32,1.48,0.01,0.0,0.01,3.72,0.31,0.5,0.14,0.02,0.04,0.08,0.01,0.0,32.82,53.13,0.96,0.0,0.0,0.0,1.09,0.27,0.0,0.09,0.0
7133,Bad Kreuznach,863.9,2.97,1.31,0.01,0.0,0.17,3.26,0.29,1.0,0.12,0.07,0.07,0.05,0.04,0.0,45.82,39.46,3.84,0.0,0.0,0.0,1.15,0.28,0.0,0.06,0.0
7134,Birkenfeld,776.8,2.69,0.68,0.01,0.0,0.22,2.26,0.83,0.58,0.11,0.03,0.03,0.04,0.05,0.0,34.58,55.31,1.98,0.01,0.04,0.01,0.36,0.1,0.0,0.1,0.0
7135,Cochem-Zell,692.5,1.7,0.74,0.0,0.0,0.07,2.46,0.47,0.63,0.04,0.05,0.04,0.04,0.57,0.02,37.9,50.24,2.64,0.0,0.0,0.0,1.02,1.29,0.01,0.07,0.0
7137,Mayen-Koblenz,817.7,3.9,2.65,0.01,0.01,0.96,3.75,0.37,0.76,0.1,0.2,0.12,0.08,0.18,0.05,49.48,32.28,2.52,0.16,0.0,0.0,1.03,1.25,0.02,0.12,0.0
7138,Neuwied,627.0,5.69,2.39,0.0,0.0,0.24,4.25,0.37,0.9,0.15,0.15,0.07,0.1,0.04,0.02,35.12,46.5,1.54,0.0,0.0,0.0,0.92,1.22,0.01,0.32,0.0
7140,Rhein-Hunsrück-Kreis,991.1,2.08,1.01,0.0,0.0,0.07,2.58,0.25,0.57,0.08,0.13,0.07,0.02,0.31,0.0,43.98,46.56,1.2,0.0,0.0,0.0,0.58,0.44,0.01,0.05,0.0
7141,Rhein-Lahn-Kreis,782.2,2.66,0.76,0.05,0.0,0.23,2.81,0.32,0.77,0.1,0.01,0.02,0.11,0.03,0.01,41.0,47.56,1.69,0.0,0.0,0.0,0.61,1.2,0.02,0.05,0.0
7143,Westerwaldkreis,989.1,4.37,2.0,0.01,0.0,1.02,3.99,0.29,0.85,0.14,0.1,0.06,0.06,0.05,0.0,41.06,42.81,1.35,0.0,0.0,0.0,1.24,0.02,0.0,0.58,0.0
7211,Stadt Trier,117.1,8.56,5.31,0.0,0.0,0.03,6.83,2.43,2.91,0.36,0.29,0.3,0.82,0.0,0.09,21.73,40.68,5.47,0.0,0.0,0.08,1.01,2.71,0.09,0.33,0.0
7231,Bernkastel-Wittlich,1167.9,1.9,1.19,0.01,0.0,0.3,2.55,0.27,0.43,0.05,0.09,0.05,0.03,0.07,0.01,37.5,50.7,3.17,0.0,0.0,0.01,0.78,0.76,0.01,0.14,0.0
7232,Eifelkreis Bitburg-Prüm,1626.9,1.79,0.72,0.01,0.0,0.12,2.38,0.28,0.42,0.04,0.05,0.03,0.01,0.3,0.0,54.77,36.64,1.75,0.03,0.0,0.01,0.5,0.1,0.0,0.06,0.0
7233,Vulkaneifel,911.7,1.87,0.58,0.01,0.0,0.54,2.36,0.23,0.69,0.05,0.05,0.02,0.05,0.01,0.0,43.76,46.28,2.42,0.11,0.03,0.0,0.72,0.05,0.0,0.18,0.0
7235,Trier-Saarburg,1102.2,2.88,0.93,0.01,0.0,0.15,2.69,0.24,0.66,0.05,0.08,0.03,0.06,0.07,0.01,39.53,46.52,4.48,0.0,0.01,0.03,0.68,0.75,0.0,0.15,0.0
7311,Stadt Frankenthal (Pfalz),43.9,10.78,8.0,0.0,0.0,0.0,6.36,1.16,3.62,0.55,1.0,0.32,0.21,0.0,0.02,59.95,1.0,3.67,0.0,0.0,0.0,1.78,1.23,0.0,0.41,0.0
7312,Stadt Kaiserslautern,139.7,9.07,4.99,0.0,0.0,0.0,3.56,3.54,1.75,0.42,0.44,0.4,0.59,0.0,0.0,9.19,63.29,1.19,0.0,0.0,0.0,1.23,0.0,0.0,0.32,0.0
7313,Stadt Landau in der Pfalz,82.9,5.65,3.6,0.0,0.0,0.0,5.52,0.78,1.68,0.19,0.23,0.12,0.12,0.33,0.0,45.61,31.31,3.2,0.0,0.0,0.0,1.68,0.0,0.0,0.04,0.0
7314,Stadt Ludwigshafen a. Rh.,77.4,15.36,17.02,0.09,0.0,0.0,8.3,2.49,7.2,0.75,1.14,0.93,1.01,0.0,1.3,30.48,3.31,4.33,0.0,0.0,0.1,1.56,2.17,0.5,1.94,0.0
7315,Stadt Mainz,97.7,14.83,7.45,0.0,0.0,0.42,9.43,3.58,4.81,0.83,1.01,0.74,0.49,0.59,0.12,41.39,3.23,4.09,0.0,0.0,0.0,3.85,2.65,0.28,0.19,0.0
7316,Stadt Neustadt a.d. W.,117.1,5.14,2.67,0.0,0.0,0.02,4.91,0.64,2.03,0.18,0.15,0.09,0.16,0.62,0.0,36.11,43.26,2.58,0.0,0.0,0.04,1.26,0.0,0.0,0.15,0.0
7317,Stadt Pirmasens,61.4,8.45,4.47,0.0,0.0,0.0,8.22,1.39,2.35,0.7,0.33,0.24,0.38,0.0,0.0,28.22,41.69,1.88,0.0,0.0,0.0,1.52,0.0,0.0,0.15,0.0
7318,Stadt Speyer,42.7,11.26,11.28,0.0,0.0,0.19,5.74,3.46,4.68,0.44,0.61,0.49,0.16,1.22,0.35,18.96,23.5,4.17,0.0,0.0,0.12,2.5,5.99,0.44,4.45,0.0
7319,Stadt Worms,108.7,6.95,5.34,0.0,0.0,0.25,6.95,0.58,3.03,0.39,0.42,0.37,0.25,0.26,0.19,62.73,3.01,2.88,0.0,0.0,0.0,3.18,2.92,0.08,0.23,0.0
7320,Stadt Zweibrücken,70.6,9.28,5.62,0.0,0.0,0.0,4.48,1.57,2.21,0.2,0.23,0.33,0.08,0.4,0.0,48.27,23.6,1.39,0.0,0.0,0.0,2.25,0.0,0.0,0.07,0.0
7331,Alzey-Worms,588.1,2.95,1.1,0.0,0.0,0.11,4.11,0.23,0.87,0.13,0.17,0.05,0.07,0.0,0.0,79.95,4.51,2.48,0.0,0.0,0.41,1.96,0.35,0.0,0.56,0.0
7332,Bad Dürkheim,594.6,3.45,1.05,0.0,0.0,0.05,3.2,0.19,1.34,0.11,0.1,0.09,0.04,0.05,0.0,34.79,51.94,2.14,0.0,0.0,0.0,1.27,0.0,0.0,0.21,0.0
7333,Donnersbergkreis,645.4,1.83,0.7,0.0,0.0,0.54,2.9,0.3,0.66,0.1,0.08,0.03,0.03,0.0,0.0,56.48,33.29,2.21,0.0,0.0,0.0,0.76,0.0,0.0,0.08,0.0
7334,Germersheim,463.3,3.66,2.65,0.01,0.0,0.14,3.59,0.77,0.85,0.11,0.2,0.07,0.07,0.0,0.16,39.68,40.45,2.08,0.0,0.0,0.11,1.36,1.89,0.45,1.7,0.0
7335,Kaiserslautern,640.0,3.71,1.18,0.03,0.0,0.04,2.99,0.97,0.9,0.11,0.15,0.05,0.05,1.14,0.0,35.01,51.37,1.26,0.02,0.01,0.03,0.82,0.0,0.0,0.15,0.0
7336,Kusel,573.6,2.5,0.57,0.02,0.0,0.54,3.44,0.2,0.47,0.12,0.06,0.03,0.03,0.04,0.0,52.77,36.38,2.36,0.0,0.0,0.03,0.32,0.04,0.0,0.1,0.0
7337,Südliche Weinstraße,640.0,2.25,0.9,0.02,0.0,0.08,3.58,0.25,0.85,0.1,0.04,0.03,0.01,0.02,0.0,43.22,45.62,1.98,0.0,0.0,0.01,0.93,0.0,0.0,0.11,0.0
7338,Rhein-Pfalz-Kreis,305.0,7.01,2.4,0.0,0.0,0.2,5.12,0.32,2.13,0.21,0.34,0.11,0.07,0.04,0.0,55.45,17.11,2.81,0.0,0.0,0.33,1.89,2.21,0.0,2.24,0.0
7339,Mainz-Bingen,605.4,4.2,1.75,0.01,0.01,0.11,4.36,0.52,1.75,0.15,0.16,0.11,0.14,0.11,0.01,61.89,14.8,3.77,0.0,0.0,0.05,3.59,2.32,0.02,0.15,0.0
7340,Südwestpfalz,953.6,2.29,0.6,0.01,0.0,0.0,2.3,0.14,0.59,0.08,0.05,0.02,0.02,0.18,0.0,26.75,65.01,1.2,0.0,0.0,0.0,0.64,0.0,0.0,0.13,0.0
8111,Stuttgart,207.4,24.09,6.68,0.0,0.0,0.0,3.91,4.13,5.72,1.07,1.65,0.5,1.11,0.31,0.42,23.21,23.88,2.24,0.04,0.0,0.0,0.02,0.65,0.05,0.29,0.0
8115,Böblingen,617.8,7.44,3.66,0.0,0.0,0.19,2.95,1.02,1.86,0.28,0.84,0.16,0.1,0.03,0.0,43.66,35.28,2.31,0.11,0.0,0.02,0.02,0.0,0.0,0.08,0.0
8116,Esslingen,641.3,9.17,4.12,0.0,0.0,0.05,3.99,1.04,1.52,0.27,0.66,0.14,0.14,0.68,0.04,44.58,30.38,2.11,0.49,0.04,0.01,0.03,0.38,0.0,0.15,0.0
8117,Göppingen,642.3,5.3,2.4,0.0,0.0,0.08,3.66,0.63,0.85,0.15,0.26,0.09,0.08,0.06,0.0,49.67,34.1,1.79,0.71,0.0,0.01,0.07,0.05,0.0,0.05,0.0
8118,Ludwigsburg,686.8,8.39,4.46,0.0,0.0,0.2,3.84,0.92,1.73,0.25,0.48,0.13,0.4,0.02,0.01,56.93,18.77,2.5,0.04,0.0,0.02,0.04,0.77,0.0,0.1,0.0
8119,Rems-Murr-Kreis,858.1,5.7,2.65,0.0,0.0,0.07,3.56,0.68,1.01,0.17,0.36,0.08,0.1,0.04,0.0,42.67,41.19,1.47,0.0,0.0,0.01,0.02,0.09,0.0,0.1,0.0
8121,Heilbronn,99.9,11.18,7.61,0.0,0.21,0.21,5.14,1.8,2.35,0.46,0.51,0.28,0.53,0.09,0.75,49.44,14.72,2.72,0.23,0.0,0.0,0.12,1.46,0.1,0.09,0.0
8125,Heilbronn,1099.9,4.5,2.42,0.0,0.01,0.12,3.33,0.5,1.05,0.17,0.34,0.12,0.07,0.03,0.0,57.66,26.55,2.43,0.0,0.0,0.04,0.08,0.4,0.0,0.16,0.0
8126,Hohenlohekreis,776.8,2.24,1.49,0.0,0.0,0.13,3.19,0.27,0.53,0.06,0.16,0.07,0.01,0.03,0.0,59.55,29.59,2.2,0.03,0.0,0.01,0.03,0.3,0.0,0.11,0.0
8127,Schwäbisch Hall,1484.1,2.02,1.39,0.0,0.0,0.15,3.45,0.24,0.5,0.07,0.18,0.06,0.05,0.07,0.0,56.5,33.45,1.45,0.04,0.0,0.03,0.02,0.17,0.0,0.16,0.0
8128,Main-Tauber-Kreis,1304.1,1.66,1.25,0.0,0.0,0.04,2.22,0.3,0.46,0.06,0.16,0.06,0.03,0.08,0.0,59.29,30.42,2.98,0.59,0.01,0.0,0.02,0.27,0.0,0.07,0.0
8135,Heidenheim,627.1,3.6,1.77,0.0,0.0,0.38,2.65,0.36,1.55,0.09,0.2,0.07,0.04,0.08,0.0,42.74,43.22,1.07,1.98,0.0,0.01,0.01,0.1,0.0,0.06,0.0
8136,Ostalbkreis,1511.4,3.4,1.63,0.0,0.0,0.09,3.26,0.42,0.61,0.08,0.2,0.06,0.04,0.1,0.0,48.03,40.12,1.29,0.34,0.0,0.02,0.03,0.02,0.0,0.27,0.0
8211,Baden-Baden,140.2,5.61,2.2,0.0,0.0,0.14,2.64,0.79,1.56,0.17,0.41,0.17,0.17,0.19,0.0,21.21,61.9,1.47,0.42,0.16,0.04,0.04,0.0,0.0,0.71,0.0
8212,Karlsruhe,173.4,15.57,9.92,0.0,0.0,0.01,2.99,3.43,7.05,0.5,2.03,0.47,0.84,0.0,1.08,22.41,26.46,3.47,0.46,0.0,0.17,0.04,1.27,0.59,1.27,0.0
8215,Karlsruhe,1085.3,5.91,3.11,0.0,0.0,0.13,3.03,0.81,1.37,0.15,0.48,0.11,0.13,0.04,0.0,44.93,34.56,2.69,0.01,0.01,0.37,0.02,0.46,0.0,1.68,0.0
8216,Rastatt,738.4,4.37,2.77,0.0,0.0,0.12,2.76,0.49,1.02,0.12,0.31,0.13,0.09,0.38,0.01,30.79,51.79,1.77,0.03,0.06,0.13,0.04,1.37,0.01,1.41,0.0
8221,Heidelberg,108.9,12.08,5.4,0.0,0.0,0.0,2.91,3.44,2.64,0.44,1.39,0.3,0.46,0.15,0.0,25.05,41.28,2.5,0.0,0.0,0.0,0.17,1.74,0.0,0.01,0.0
8222,Mannheim,145.0,18.13,11.65,0.0,0.0,0.0,1.5,4.46,6.43,0.59,2.76,0.57,1.88,1.11,5.13,23.79,13.16,3.75,0.0,0.0,0.02,0.06,3.94,0.67,0.39,0.0
8225,Neckar-Odenwald-Kreis,1126.0,2.54,1.14,0.0,0.0,0.12,2.49,0.43,0.67,0.08,0.12,0.03,0.03,0.05,0.0,46.84,43.27,1.78,0.09,0.0,0.0,0.03,0.25,0.0,0.04,0.0
8226,Rhein-Neckar-Kreis,1061.5,7.38,2.91,0.0,0.0,0.16,2.96,0.64,1.8,0.18,0.54,0.19,0.11,0.08,0.0,42.31,36.91,2.67,0.02,0.0,0.06,0.05,0.61,0.0,0.43,0.0
8231,Pforzheim,98.1,12.12,5.31,0.0,0.0,0.02,4.3,1.81,2.15,0.56,0.66,0.36,0.29,0.0,0.0,18.4,52.23,1.02,0.0,0.0,0.0,0.04,0.62,0.0,0.05,0.0
8235,Calw,797.3,3.26,1.42,0.0,0.0,0.03,2.71,0.48,0.75,0.1,0.11,0.04,0.03,0.04,0.0,26.71,62.78,1.26,0.07,0.06,0.01,0.0,0.11,0.0,0.03,0.0
8236,Enzkreis,573.6,5.58,2.16,0.01,0.0,0.23,3.21,0.46,0.9,0.15,0.17,0.06,0.06,0.05,0.0,45.16,39.61,1.91,0.03,0.0,0.04,0.02,0.12,0.0,0.09,0.0
8237,Freudenstadt,870.4,2.02,1.22,0.0,0.0,0.05,2.71,0.24,0.49,0.07,0.13,0.05,0.07,0.03,0.0,27.54,63.46,1.42,0.17,0.05,0.01,0.01,0.09,0.0,0.16,0.0
8311,Freiburg im Breisgau,153.0,10.9,4.83,0.0,0.0,0.0,3.64,2.5,3.72,0.39,1.31,0.37,0.26,0.35,0.0,24.74,43.39,2.75,0.0,0.0,0.03,0.03,0.14,0.0,0.65,0.0
8315,Breisgau-Hochschwarzwald,1378.3,2.5,1.37,0.0,0.0,0.08,2.47,0.39,0.69,0.07,0.29,0.08,0.05,0.14,0.01,40.84,48.06,1.84,0.0,0.02,0.03,0.04,0.29,0.0,0.73,0.0
8316,Emmendingen,679.8,2.68,1.65,0.0,0.0,0.07,2.95,0.38,0.69,0.11,0.31,0.06,0.05,0.0,0.0,42.13,46.36,1.46,0.01,0.03,0.05,0.05,0.59,0.0,0.35,0.0
8317,Ortenaukreis,1860.3,3.09,2.05,0.0,0.0,0.06,3.17,0.46,0.75,0.1,0.32,0.07,0.11,0.15,0.13,38.46,48.22,1.17,0.08,0.01,0.09,0.09,0.73,0.04,0.66,0.0
8325,Rottweil,769.4,3.14,1.68,0.0,0.0,0.25,3.68,0.31,0.44,0.08,0.32,0.07,0.06,0.05,0.0,44.19,43.8,1.59,0.11,0.0,0.04,0.01,0.12,0.0,0.06,0.0
8326,Schwarzwald-Baar-Kreis,1025.3,3.0,1.59,0.0,0.0,0.05,2.6,0.49,0.87,0.08,0.24,0.08,0.04,0.12,0.0,42.54,46.01,1.46,0.08,0.37,0.05,0.01,0.09,0.0,0.23,0.0
8327,Tuttlingen,734.4,3.56,2.39,0.0,0.0,0.12,2.38,0.29,0.48,0.09,0.2,0.05,0.07,0.22,0.0,37.86,50.07,1.41,0.41,0.07,0.08,0.01,0.17,0.0,0.07,0.0
8335,Konstanz,818.0,4.59,2.17,0.0,0.01,0.24,3.1,0.61,1.29,0.13,0.48,0.15,0.08,0.07,0.01,49.49,33.72,2.0,0.01,0.2,0.97,0.01,0.2,0.0,0.49,0.0
8336,Lörrach,806.7,3.48,1.71,0.0,0.0,0.15,2.79,0.46,0.89,0.09,0.22,0.09,0.16,0.01,0.02,35.62,51.95,1.67,0.0,0.01,0.0,0.02,0.62,0.0,0.04,0.0
8337,Waldshut,1131.1,2.53,1.14,0.0,0.0,0.13,2.81,0.28,0.59,0.07,0.07,0.05,0.04,0.02,0.0,40.04,50.12,1.18,0.01,0.05,0.01,0.04,0.66,0.0,0.14,0.0
8415,Reutlingen,1092.5,3.7,1.82,0.0,0.0,0.12,2.58,0.51,0.69,0.1,0.23,0.07,0.04,0.09,0.0,45.06,39.3,1.51,4.1,0.0,0.0,0.01,0.03,0.0,0.05,0.0
8416,Tübingen,519.1,5.53,2.46,0.0,0.0,0.07,3.39,0.95,1.23,0.25,0.51,0.09,0.09,0.12,0.0,47.11,35.25,2.33,0.04,0.0,0.03,0.08,0.24,0.0,0.2,0.0
8417,Zollernalbkreis,917.6,3.9,1.77,0.0,0.0,0.16,3.32,0.42,0.62,0.1,0.2,0.06,0.04,0.03,0.0,43.65,42.79,1.83,1.01,0.01,0.05,0.01,0.0,0.0,0.05,0.0
8421,Ulm,118.7,10.67,7.25,0.0,0.0,0.14,3.82,3.24,2.71,0.32,1.03,0.19,0.67,0.0,0.0,45.35,20.51,2.63,0.44,0.0,0.03,0.0,0.94,0.0,0.06,0.0
8425,Alb-Donau-Kreis,1358.5,2.39,1.7,0.0,0.0,0.37,2.73,0.36,0.54,0.05,0.34,0.05,0.05,0.06,0.0,58.52,30.03,1.2,0.53,0.56,0.05,0.03,0.23,0.0,0.22,0.0
8426,Biberach,1409.5,2.44,1.49,0.0,0.0,0.32,3.47,0.44,0.51,0.06,0.31,0.06,0.03,0.14,0.0,58.06,28.11,1.22,0.0,2.54,0.22,0.02,0.1,0.0,0.46,0.0
8435,Bodenseekreis,664.8,4.31,1.87,0.0,0.0,0.15,4.18,0.63,1.02,0.13,0.34,0.11,0.06,0.29,0.03,55.25,28.86,1.27,0.0,0.21,0.7,0.02,0.14,0.0,0.44,0.0
8436,Ravensburg,1632.1,2.23,1.21,0.0,0.0,0.19,3.95,0.42,0.66,0.06,0.25,0.06,0.05,0.03,0.0,57.33,29.08,1.21,0.0,1.9,0.6,0.01,0.12,0.0,0.63,0.0
8437,Sigmaringen,1204.2,1.91,1.26,0.0,0.0,0.35,2.68,0.56,0.53,0.05,0.19,0.04,0.04,0.1,0.0,50.04,38.84,1.3,0.05,1.38,0.06,0.01,0.16,0.0,0.47,0.0
9161,Ingolstadt,133.4,14.86,7.65,0.0,0.0,0.14,4.18,1.52,4.01,0.33,0.39,0.56,0.55,0.05,0.0,47.05,14.29,0.47,0.01,0.01,0.04,0.32,1.76,0.0,1.82,0.0
9162,München,310.7,37.39,9.49,0.0,0.0,0.1,4.07,4.74,11.75,1.42,1.53,0.99,2.0,0.0,0.0,18.3,5.97,0.5,0.45,0.01,0.0,0.11,0.6,0.0,0.58,0.0
9163,Rosenheim,37.2,19.56,6.8,0.0,0.0,0.13,6.5,2.69,2.28,0.3,0.24,0.32,0.83,0.0,0.0,41.21,16.04,0.43,0.0,0.11,0.0,0.0,1.16,0.0,1.42,0.0
9171,Altötting,569.3,4.0,2.29,0.0,0.0,0.29,4.11,0.3,0.59,0.05,0.12,0.07,0.07,0.01,0.0,56.15,30.06,0.08,0.0,0.05,0.01,0.03,1.5,0.0,0.23,0.0
9172,Berchtesgadener Land,810.2,1.87,0.59,0.0,0.0,0.1,2.36,0.3,0.35,0.03,0.06,0.05,0.05,0.0,0.0,23.77,49.3,5.8,0.0,0.09,0.01,13.79,0.45,0.0,1.01,0.0
9173,Bad Tölz-Wolfratshausen,1102.7,1.95,0.6,0.0,0.0,0.1,1.77,0.19,0.51,0.04,0.05,0.05,0.02,0.04,0.0,30.4,55.44,2.15,0.0,1.85,0.46,1.25,0.54,0.0,2.59,0.0
9174,Dachau,579.2,3.8,1.44,0.0,0.0,0.15,3.88,0.49,1.15,0.1,0.13,0.06,0.06,0.01,0.0,70.58,17.22,0.24,0.0,0.01,0.01,0.01,0.26,0.0,0.41,0.0
9175,Ebersberg,473.8,3.86,1.25,0.0,0.0,0.17,3.24,0.33,1.03,0.07,0.13,0.09,0.05,0.0,0.0,50.68,38.04,0.11,0.0,0.12,0.0,0.04,0.12,0.0,0.66,0.0
9176,Eichstätt,1208.4,2.46,1.09,0.07,0.0,0.49,2.22,0.18,0.36,0.04,0.05,0.05,0.02,0.02,0.0,50.47,40.89,0.38,0.37,0.01,0.01,0.16,0.41,0.0,0.22,0.0
9177,Erding,870.7,2.38,0.97,0.0,0.0,0.29,4.14,0.35,0.59,0.05,0.11,0.05,0.01,1.26,0.0,74.45,14.02,0.3,0.0,0.06,0.01,0.04,0.31,0.0,0.61,0.0
9178,Freising,799.8,3.06,1.51,0.0,0.0,0.37,3.75,0.45,0.67,0.05,0.2,0.12,0.03,0.94,0.0,67.81,19.19,0.42,0.05,0.03,0.02,0.05,0.58,0.0,0.69,0.0
9179,Fürstenfeldbruck,434.8,7.51,2.01,0.01,0.0,0.27,3.17,0.85,1.76,0.16,0.12,0.13,0.19,0.75,0.0,58.87,22.41,0.3,0.0,0.88,0.0,0.06,0.21,0.0,0.32,0.0
9180,Garmisch-Partenkirchen,928.7,1.88,0.32,0.0,0.0,0.06,0.91,0.3,0.43,0.03,0.05,0.06,0.03,0.01,0.0,18.99,53.03,7.25,0.0,4.18,0.2,10.66,0.27,0.0,1.34,0.0
9181,Landsberg am Lech,757.0,2.98,1.31,0.0,0.0,0.38,2.65,0.54,0.47,0.05,0.13,0.08,0.04,0.23,0.0,53.26,29.31,0.49,0.02,0.28,0.1,0.36,1.33,0.0,5.97,0.0
9182,Miesbach,866.2,2.4,0.51,0.0,0.0,0.08,2.14,0.15,0.57,0.03,0.08,0.06,0.03,0.01,0.0,32.92,55.41,2.2,0.0,0.15,0.06,1.48,0.24,0.0,1.48,0.0
9183,Mühldorf a.Inn,798.2,2.66,1.26,0.0,0.0,0.29,4.24,0.23,0.38,0.05,0.08,0.04,0.07,0.05,0.0,66.47,23.02,0.06,0.0,0.02,0.02,0.01,0.92,0.0,0.11,0.0
9184,München,594.2,7.87,3.24,0.01,0.0,0.29,2.02,1.31,2.19,0.17,0.57,0.17,0.08,0.22,0.0,33.71,45.35,0.41,0.67,0.12,0.0,0.18,0.42,0.0,1.02,0.0
9185,Neuburg-Schrobenhausen,739.7,2.76,1.41,0.0,0.0,0.3,3.56,0.31,0.63,0.05,0.02,0.02,0.04,0.28,0.0,64.93,23.33,0.51,0.1,0.02,0.11,0.01,0.72,0.0,0.89,0.0
9186,Pfaffenhofen a.d.Ilm,761.0,3.25,1.53,0.0,0.0,0.21,3.86,0.27,0.52,0.05,0.17,0.09,0.06,0.82,0.0,62.37,24.77,0.25,0.0,0.01,0.0,0.33,0.36,0.0,1.07,0.0
9187,Rosenheim,1429.1,3.23,1.03,0.0,0.0,0.19,3.91,0.27,0.59,0.05,0.1,0.07,0.03,0.01,0.0,49.72,36.33,0.86,0.0,1.0,0.06,0.25,0.89,0.0,1.4,0.0
9188,Starnberg,430.8,6.84,0.97,0.0,0.0,0.3,2.08,0.74,1.23,0.1,0.15,0.1,0.06,0.42,0.0,34.53,37.57,0.26,0.0,1.15,0.31,0.01,0.07,0.0,13.11,0.0
9189,Traunstein,1447.0,2.06,0.79,0.0,0.0,0.21,3.32,0.13,0.55,0.04,0.03,0.04,0.02,0.01,0.0,45.11,38.96,0.39,0.0,1.01,0.03,1.09,0.43,0.0,5.78,0.0
9190,Weilheim-Schongau,966.3,2.76,0.98,0.0,0.0,0.2,2.53,0.26,0.76,0.04,0.05,0.03,0.03,0.03,0.0,53.78,32.87,0.6,0.0,2.97,0.28,0.07,0.74,0.0,1.01,0.0
9261,Landshut,65.8,17.47,4.91,0.0,0.0,0.03,3.22,2.31,2.68,0.26,0.26,0.53,0.44,0.44,0.0,45.32,19.69,0.14,0.0,0.0,0.0,0.02,1.56,0.0,0.71,0.0
9262,Passau,69.6,13.95,5.09,0.0,0.0,0.0,4.07,1.56,0.93,0.2,0.49,0.32,0.65,0.0,0.29,30.42,34.88,0.82,0.0,0.0,0.0,0.04,6.09,0.09,0.13,0.0
9263,Straubing,67.6,8.79,7.63,0.0,0.0,0.0,5.9,1.72,2.31,0.18,0.22,0.31,0.15,0.0,0.33,65.83,1.12,0.44,0.0,0.0,0.12,0.37,3.27,0.07,1.26,0.0
9271,Deggendorf,861.2,2.88,1.62,0.01,0.0,0.21,4.16,0.26,0.39,0.05,0.13,0.07,0.04,0.01,0.01,58.35,29.44,0.21,0.0,0.03,0.07,0.02,1.3,0.0,0.75,0.0
9272,Freyung-Grafenau,827.7,1.99,0.71,0.0,0.0,0.04,3.25,0.15,0.76,0.03,0.01,0.03,0.0,0.0,0.0,34.19,58.16,0.06,0.0,0.13,0.0,0.14,0.22,0.0,0.12,0.0
9273,Kelheim,976.5,2.45,1.41,0.0,0.0,0.29,2.89,0.21,0.38,0.05,0.12,0.05,0.02,0.0,0.05,51.01,39.72,0.17,0.0,0.04,0.01,0.15,0.72,0.01,0.27,0.0
9274,Landshut,1347.6,2.56,1.1,0.0,0.0,0.29,3.95,0.14,0.35,0.04,0.1,0.03,0.02,0.0,0.0,67.48,23.18,0.1,0.0,0.01,0.01,0.03,0.2,0.0,0.42,0.0
9275,Passau,1530.1,3.17,1.3,0.01,0.01,0.32,4.46,0.19,0.74,0.05,0.07,0.06,0.02,0.02,0.0,58.33,29.6,0.16,0.0,0.01,0.04,0.01,1.1,0.0,0.35,0.0
9276,Regen,974.8,2.02,0.67,0.0,0.0,0.07,2.75,0.17,0.47,0.03,0.02,0.04,0.03,0.01,0.0,27.79,65.32,0.03,0.0,0.03,0.0,0.03,0.32,0.0,0.21,0.0
9277,Rottal-Inn,1281.2,2.06,0.87,0.0,0.0,0.11,4.78,0.12,0.37,0.04,0.03,0.03,0.01,0.05,0.0,64.5,26.03,0.09,0.0,0.01,0.03,0.03,0.62,0.0,0.21,0.0
9278,Straubing-Bogen,1201.6,1.8,0.93,0.0,0.0,0.14,3.91,0.27,0.37,0.04,0.08,0.03,0.01,0.1,0.0,63.22,27.46,0.19,0.0,0.01,0.02,0.07,0.77,0.0,0.57,0.0
9279,Dingolfing-Landau,877.6,2.53,1.64,0.0,0.0,0.28,4.14,0.13,0.41,0.04,0.11,0.05,0.02,0.01,0.0,67.14,21.88,0.21,0.0,0.03,0.02,0.05,0.69,0.0,0.65,0.0
9361,Amberg,50.1,14.61,7.81,0.0,0.0,0.04,4.36,2.57,2.45,0.28,0.3,0.26,0.12,0.38,0.0,45.36,20.63,0.34,0.0,0.0,0.0,0.04,0.22,0.0,0.26,0.0
9362,Regensburg,80.9,18.39,13.7,0.11,0.0,1.22,6.47,4.32,5.84,0.41,1.16,0.64,1.0,0.0,1.55,34.45,6.49,0.32,0.0,0.0,0.0,0.92,2.59,0.25,0.24,0.0
9363,Weiden i.d.OPf.,70.6,10.63,6.49,0.0,0.0,0.1,3.5,2.22,2.3,0.23,0.48,0.28,0.27,0.1,0.0,39.43,32.2,0.28,0.0,0.0,0.0,0.81,0.41,0.0,0.31,0.0
9371,Amberg-Sulzbach,1253.1,2.01,0.8,0.03,0.0,0.38,2.39,0.5,0.33,0.03,0.09,0.03,0.02,0.03,0.0,43.95,48.33,0.24,0.0,0.01,0.01,0.15,0.1,0.0,0.57,0.0
9372,Cham,1526.8,1.95,0.81,0.0,0.0,0.06,3.7,0.2,0.38,0.03,0.06,0.02,0.02,0.01,0.0,47.06,44.54,0.13,0.0,0.02,0.01,0.12,0.34,0.0,0.53,0.0
9373,Neumarkt i.d.OPf.,1344.0,2.02,1.08,0.0,0.0,0.22,2.78,0.33,0.5,0.03,0.08,0.05,0.02,0.05,0.02,49.14,37.56,0.53,0.02,0.01,0.01,5.11,0.24,0.0,0.19,0.0
9374,Neustadt a.d.Waldnaab,1379.9,1.75,0.83,0.01,0.0,0.16,2.06,0.54,0.29,0.03,0.08,0.03,0.02,0.03,0.0,39.18,47.45,0.35,0.0,0.11,0.02,5.76,0.17,0.0,1.13,0.0
9375,Regensburg,1359.7,3.07,0.99,0.0,0.0,0.15,2.9,0.28,0.42,0.04,0.16,0.03,0.03,0.03,0.0,55.42,34.75,0.25,0.0,0.01,0.01,0.03,0.96,0.0,0.47,0.0
9376,Schwandorf,1451.8,2.7,1.35,0.04,0.0,0.24,2.47,0.24,0.38,0.04,0.15,0.05,0.05,0.01,0.0,44.41,44.94,0.24,0.01,0.09,0.02,0.11,0.47,0.0,2.0,0.0
9377,Tirschenreuth,1084.3,1.61,0.86,0.01,0.0,0.15,2.44,0.17,0.37,0.03,0.05,0.02,0.02,0.01,0.0,44.85,47.7,0.19,0.0,0.0,0.01,0.04,0.11,0.0,1.36,0.0
9461,Bamberg,54.6,14.88,9.81,0.0,0.0,0.0,5.13,7.85,5.82,0.35,0.77,0.22,0.53,1.37,0.38,19.92,27.19,3.06,0.0,0.0,0.0,0.15,2.09,0.33,0.16,0.0
9462,Bayreuth,66.9,13.81,6.08,0.0,0.0,0.04,7.37,4.23,6.38,0.28,0.51,0.45,0.16,0.0,0.0,39.66,20.13,0.22,0.0,0.0,0.0,0.01,0.3,0.0,0.34,0.0
9463,Coburg,48.3,16.47,6.91,0.0,0.0,0.0,5.87,2.57,3.84,0.25,0.73,0.25,0.41,0.6,0.0,36.24,22.32,1.12,0.0,0.0,0.35,0.44,0.19,0.0,1.43,0.0
9464,Hof,58.0,13.68,7.73,0.09,0.0,0.0,4.79,2.14,3.24,0.22,0.21,0.36,0.78,0.74,0.0,49.23,14.04,0.72,0.0,0.0,0.0,0.03,0.47,0.0,1.53,0.0
9471,Bamberg,1079.6,2.57,1.01,0.0,0.0,0.12,2.69,0.17,0.63,0.05,0.15,0.04,0.03,0.01,0.0,50.05,40.67,0.54,0.0,0.0,0.04,0.1,0.39,0.0,0.76,0.0
9472,Bayreuth,1102.0,1.73,0.65,0.01,0.0,0.14,3.03,0.12,0.45,0.03,0.1,0.04,0.02,0.05,0.0,45.44,47.52,0.29,0.0,0.0,0.02,0.07,0.07,0.0,0.22,0.0
9473,Coburg,584.4,3.35,1.64,0.02,0.0,0.06,3.15,0.22,0.7,0.08,0.12,0.03,0.02,0.01,0.0,57.44,32.0,0.43,0.0,0.01,0.02,0.32,0.11,0.0,0.26,0.0
9474,Forchheim,642.8,3.85,1.21,0.01,0.0,0.24,3.24,0.27,0.75,0.13,0.05,0.03,0.02,0.06,0.01,50.03,38.93,0.36,0.0,0.0,0.01,0.02,0.34,0.0,0.45,0.0
9475,Hof,854.9,2.79,1.27,0.0,0.0,0.17,3.02,0.2,0.5,0.05,0.2,0.07,0.05,0.02,0.0,54.27,36.12,0.5,0.0,0.01,0.01,0.06,0.15,0.0,0.52,0.0
9476,Kronach,630.6,2.01,1.05,0.01,0.0,0.09,2.87,0.16,0.45,0.04,0.01,0.03,0.04,0.01,0.0,31.9,60.15,0.48,0.0,0.0,0.0,0.21,0.19,0.0,0.29,0.0
9477,Kulmbach,658.3,2.36,1.38,0.02,0.0,0.26,3.45,0.18,0.45,0.05,0.13,0.05,0.05,0.03,0.0,53.16,37.36,0.5,0.01,0.0,0.01,0.1,0.18,0.0,0.26,0.0
9478,Lichtenfels,512.5,2.69,1.44,0.0,0.0,0.27,2.9,0.28,0.47,0.06,0.13,0.04,0.09,0.03,0.0,50.54,38.63,0.73,0.0,0.01,0.06,0.24,0.43,0.0,0.98,0.0
9479,Wunsiedel i.Fichtelgebirge,529.4,2.78,1.41,0.0,0.0,0.09,2.83,0.27,0.54,0.04,0.15,0.05,0.09,0.01,0.0,43.55,46.58,0.43,0.0,0.07,0.01,0.09,0.13,0.0,0.87,0.0
9561,Ansbach,99.9,5.67,3.61,0.0,0.0,0.08,4.88,3.42,1.03,0.1,0.41,0.24,0.14,0.66,0.0,49.45,29.31,0.57,0.0,0.0,0.04,0.0,0.04,0.0,0.34,0.0
9562,Erlangen,77.0,18.08,6.55,0.0,0.0,0.0,4.18,3.09,2.74,0.32,1.55,0.52,0.1,0.0,0.08,36.86,22.68,0.31,0.0,0.0,0.0,0.0,1.26,0.0,1.7,0.0
9563,Fürth,63.4,20.59,9.87,0.0,0.0,0.0,5.21,1.47,4.71,0.51,0.71,0.16,0.49,0.0,0.21,41.77,11.72,0.76,0.0,0.0,0.03,0.0,1.64,0.0,0.14,0.0
9564,Nürnberg,186.5,25.66,13.38,0.0,0.0,0.04,3.27,3.12,7.04,0.8,0.95,0.57,1.96,1.38,0.39,21.78,17.18,0.71,0.0,0.0,0.0,0.1,0.83,0.11,0.73,0.0
9565,Schwabach,40.8,16.42,6.42,0.0,0.0,0.51,4.63,1.05,1.64,0.39,0.69,0.15,0.15,0.0,0.0,38.18,28.94,0.42,0.0,0.0,0.0,0.0,0.34,0.0,0.17,0.0
9571,Ansbach,1969.5,1.88,1.24,0.01,0.0,0.08,3.26,0.22,0.46,0.04,0.12,0.06,0.02,0.02,0.0,62.37,28.75,0.6,0.09,0.02,0.06,0.01,0.16,0.0,0.54,0.0
9572,Erlangen-Höchstadt,461.9,5.12,1.65,0.0,0.0,0.06,2.46,0.31,0.8,0.09,0.23,0.08,0.01,0.02,0.0,42.96,42.86,0.21,0.0,0.01,0.02,0.1,0.23,0.0,2.8,0.0
9573,Fürth,307.4,7.34,2.12,0.0,0.0,0.09,3.4,0.28,1.08,0.12,0.1,0.05,0.06,0.02,0.0,58.55,25.86,0.23,0.0,0.0,0.0,0.01,0.12,0.0,0.55,0.0
9574,Nürnberger Land,671.4,4.18,1.41,0.0,0.0,0.29,2.89,0.31,0.66,0.07,0.31,0.07,0.05,0.02,0.0,36.53,52.26,0.37,0.0,0.0,0.0,0.06,0.21,0.0,0.3,0.0
9575,Neustadt a.d.Aisch-Bad Windsheim,1264.7,1.63,1.14,0.0,0.0,0.09,2.64,0.24,0.39,0.04,0.02,0.03,0.02,0.11,0.0,63.17,29.52,0.36,0.0,0.0,0.0,0.11,0.06,0.0,0.42,0.0
9576,Roth,871.9,2.79,1.45,0.0,0.0,0.23,2.75,0.44,0.51,0.05,0.24,0.08,0.01,0.16,0.02,43.67,45.86,0.51,0.01,0.01,0.03,0.01,0.3,0.0,0.86,0.0
9577,Weißenburg-Gunzenhausen,970.8,1.84,1.09,0.04,0.0,0.46,3.05,0.16,0.52,0.06,0.03,0.06,0.05,0.01,0.0,55.43,34.2,0.49,0.42,0.06,0.11,0.02,0.16,0.0,1.72,0.0
9661,Aschaffenburg,62.5,10.95,8.24,0.0,0.0,0.08,6.17,2.07,6.41,0.51,0.34,0.35,0.82,0.08,0.58,28.95,30.53,1.39,0.0,0.0,0.0,0.14,2.07,0.19,0.14,0.0
9662,Schweinfurt,35.7,17.02,14.66,0.0,0.0,0.22,5.19,4.37,7.79,0.48,1.26,0.64,0.64,0.0,0.64,26.91,15.39,0.93,0.0,0.0,0.0,0.36,1.91,0.11,1.46,0.0
9663,Würzburg,87.6,17.68,8.04,0.02,0.0,0.0,4.33,4.51,6.09,0.46,0.79,0.62,0.97,0.21,0.32,31.62,16.98,4.09,0.0,0.0,0.0,2.08,0.99,0.16,0.07,0.0
9671,Aschaffenburg,494.7,4.28,2.04,0.0,0.0,0.15,2.81,0.28,0.92,0.1,0.26,0.08,0.03,0.03,0.01,28.88,58.17,0.78,0.0,0.02,0.0,0.34,0.27,0.0,0.52,0.0
9672,Bad Kissingen,1014.2,2.02,0.84,0.0,0.0,0.09,1.96,0.63,0.7,0.06,0.09,0.05,0.01,0.03,0.0,40.13,48.86,1.39,0.01,0.0,0.02,2.9,0.13,0.0,0.09,0.0
9673,Rhön-Grabfeld,942.3,1.76,0.9,0.0,0.0,0.12,1.98,0.2,0.53,0.05,0.06,0.05,0.01,0.03,0.0,53.55,38.03,1.14,1.09,0.13,0.01,0.2,0.08,0.0,0.1,0.0
9674,Haßberge,956.2,1.81,1.25,0.02,0.0,0.12,2.37,0.19,0.5,0.06,0.06,0.04,0.01,0.04,0.02,50.55,41.28,0.59,0.0,0.0,0.03,0.09,0.37,0.0,0.59,0.0
9675,Kitzingen,684.2,2.27,2.1,0.03,0.0,0.1,3.01,0.35,0.97,0.12,0.26,0.11,0.04,0.09,0.02,66.06,22.15,0.85,0.0,0.0,0.02,0.22,0.71,0.0,0.52,0.0
9676,Miltenberg,706.7,3.16,1.64,0.0,0.0,0.15,2.42,0.24,0.97,0.07,0.08,0.03,0.04,0.01,0.01,29.28,59.69,0.96,0.0,0.03,0.0,0.16,0.83,0.0,0.23,0.0
9677,Main-Spessart,1154.0,1.89,1.09,0.01,0.0,0.24,1.86,0.18,0.49,0.05,0.03,0.04,0.05,0.02,0.02,36.34,55.51,1.1,0.02,0.0,0.01,0.23,0.74,0.0,0.1,0.0
9678,Schweinfurt,806.1,2.76,1.28,0.02,0.0,0.07,2.43,0.23,0.85,0.07,0.16,0.03,0.01,0.02,0.0,64.11,26.32,0.57,0.29,0.0,0.02,0.04,0.18,0.0,0.55,0.0
9679,Würzburg,913.2,3.0,1.4,0.01,0.0,0.39,2.52,0.23,0.66,0.07,0.22,0.06,0.04,0.17,0.01,66.97,22.41,1.28,0.01,0.0,0.0,0.08,0.36,0.0,0.09,0.0
9761,Augsburg,146.9,16.97,8.96,0.02,0.0,0.01,4.68,2.56,6.52,0.59,0.62,0.45,0.63,0.16,0.0,29.2,26.0,0.35,0.0,0.01,0.0,0.06,1.71,0.0,0.48,0.0
9762,Kaufbeuren,40.0,15.04,6.96,0.0,0.0,0.5,4.42,3.59,1.42,0.45,0.22,0.3,0.12,3.59,0.0,35.64,25.39,0.37,0.0,0.0,0.05,0.1,0.62,0.0,1.17,0.0
9763,Kempten (Allgäu),63.3,11.12,6.29,0.0,0.0,0.0,5.9,2.29,2.78,0.3,0.77,0.16,0.49,0.0,0.0,55.28,12.65,0.05,0.0,0.22,0.16,0.0,1.14,0.0,0.41,0.0
9764,Memmingen,70.1,8.97,6.41,0.0,0.0,0.34,4.48,1.16,1.38,0.26,0.43,0.11,0.09,0.0,0.0,50.66,25.03,0.19,0.0,0.0,0.0,0.0,0.41,0.0,0.1,0.0
9771,Aichach-Friedberg,780.3,3.56,1.47,0.0,0.0,0.2,3.2,0.22,0.49,0.05,0.11,0.06,0.04,0.11,0.0,63.74,25.57,0.35,0.0,0.01,0.01,0.01,0.21,0.0,0.58,0.0
9772,Augsburg,1067.3,4.95,2.09,0.01,0.0,0.21,3.05,0.57,0.77,0.08,0.19,0.06,0.04,0.42,0.0,52.14,33.71,0.31,0.02,0.04,0.02,0.65,0.38,0.0,0.29,0.0
9773,Dillingen a.d.Donau,792.2,2.82,1.54,0.01,0.0,0.22,3.33,0.24,0.43,0.06,0.04,0.03,0.03,0.01,0.0,64.93,22.87,0.36,0.08,0.22,0.26,0.09,0.63,0.0,1.81,0.0
9774,Günzburg,759.2,3.48,2.09,0.0,0.0,0.22,3.52,0.33,0.59,0.07,0.08,0.09,0.05,0.02,0.0,57.71,29.52,0.23,0.0,0.28,0.04,0.01,0.5,0.0,1.17,0.0
9775,Neu-Ulm,471.0,5.87,3.0,0.0,0.0,0.13,3.43,0.41,1.07,0.11,0.34,0.1,0.06,0.06,0.0,53.15,29.84,0.43,0.0,0.02,0.02,0.02,0.7,0.0,1.24,0.0
14511,Chemnitz,221.1,15.95,7.17,0.0,0.0,0.04,7.59,1.7,6.74,0.38,1.06,0.54,0.66,0.0,0.0,37.77,16.96,1.51,0.13,0.0,0.0,1.31,0.15,0.0,0.37,0.0
9776,Lindau (Bodensee),323.4,3.68,1.25,0.0,0.0,0.09,4.64,0.33,1.06,0.1,0.09,0.05,0.12,0.01,0.0,60.09,27.17,0.16,0.0,0.61,0.14,0.01,0.16,0.0,0.23,0.0
9777,Ostallgäu,1394.5,1.85,0.85,0.0,0.0,0.19,2.59,0.18,0.41,0.04,0.05,0.03,0.02,0.02,0.0,57.7,30.37,1.32,0.0,1.22,0.24,0.72,0.19,0.0,1.97,0.0
9778,Unterallgäu,1226.3,2.22,1.32,0.0,0.0,0.36,3.46,0.24,0.5,0.04,0.11,0.05,0.02,0.13,0.0,64.74,25.73,0.14,0.0,0.03,0.01,0.01,0.41,0.0,0.47,0.0
9779,Donau-Ries,1253.6,2.34,1.52,0.02,0.0,0.19,3.05,0.17,0.55,0.04,0.07,0.03,0.05,0.03,0.0,63.21,26.23,0.47,0.46,0.05,0.27,0.01,0.59,0.0,0.65,0.0
9780,Oberallgäu,1516.0,1.54,0.51,0.0,0.0,0.08,2.22,0.15,0.48,0.03,0.1,0.05,0.02,0.03,0.0,51.02,35.27,2.91,0.0,0.47,0.07,3.96,0.38,0.0,0.71,0.0
10041,Regionalverband Saarbrücken,411.0,15.19,5.17,0.56,0.28,0.14,1.69,1.45,2.18,0.62,0.55,0.29,0.49,0.28,0.02,19.62,44.28,5.36,0.0,0.0,0.0,1.28,0.34,0.01,0.21,0.0
10042,Landkreis Merzig-Wadern,556.7,7.07,1.4,0.01,0.0,0.21,0.7,0.5,0.94,0.12,0.28,0.07,0.06,0.0,0.02,39.54,41.72,4.47,0.0,0.0,0.0,2.09,0.38,0.01,0.4,0.0
10043,Landkreis Neunkirchen,249.8,15.06,3.64,0.34,0.01,0.04,1.09,0.95,1.49,0.44,0.3,0.16,0.29,0.0,0.0,34.44,32.23,7.21,0.0,0.0,0.01,1.89,0.02,0.0,0.4,0.0
10044,Landkreis Saarlouis,459.4,12.33,4.2,0.31,0.1,0.37,1.05,0.79,1.37,0.24,0.34,0.12,0.2,0.06,0.08,41.04,28.69,6.08,0.0,0.0,0.09,1.49,0.56,0.02,0.48,0.0
10045,Saarpfalz-Kreis,418.3,10.04,3.37,0.03,0.0,0.15,1.1,0.78,1.35,0.23,0.29,0.12,0.13,0.02,0.0,38.37,35.92,5.59,0.0,0.0,0.03,2.11,0.15,0.0,0.24,0.0
10046,Landkreis St. Wendel,476.1,7.31,1.35,0.0,0.0,0.22,0.78,0.44,1.13,0.14,0.21,0.11,0.04,0.05,0.0,42.21,38.51,5.58,0.0,0.01,0.05,1.35,0.0,0.0,0.51,0.0
11000,Berlin,891.1,33.06,8.67,0.0,0.0,0.01,2.67,5.63,13.56,1.3,1.15,0.74,1.88,0.5,0.07,3.7,17.76,1.38,0.0,0.11,0.05,1.7,3.36,0.04,2.64,0.0
12051,Brandenburg an der Havel,229.7,5.41,5.66,0.13,0.0,0.0,2.52,1.02,3.08,0.17,0.22,0.21,0.27,0.37,0.03,25.73,30.8,3.03,0.1,0.01,2.37,3.26,2.48,0.01,13.13,0.0
12052,Cottbus,165.6,9.68,6.12,0.0,0.0,0.13,4.82,1.55,4.31,0.4,0.38,0.41,0.61,0.0,0.0,28.89,22.79,2.94,0.76,0.0,0.01,15.0,0.46,0.0,0.72,0.0
12053,Frankfurt (Oder),147.9,7.39,4.81,0.0,0.0,0.24,1.41,0.94,3.48,0.24,0.57,0.47,0.34,0.02,0.03,42.48,28.74,1.75,0.0,0.0,0.25,3.5,1.11,0.04,2.17,0.0
12054,Potsdam,188.3,9.64,3.4,0.03,0.0,0.18,4.95,3.12,6.02,0.35,0.47,0.3,0.4,0.0,0.01,28.65,26.43,2.32,0.93,0.0,1.65,1.34,1.6,0.0,8.22,0.0
12060,Barnim,1479.6,4.95,1.74,0.01,0.0,0.14,0.95,0.33,1.15,0.11,0.15,0.05,0.06,0.3,0.01,33.85,48.55,0.81,0.37,0.0,0.78,1.7,0.34,0.0,3.62,0.0
12061,Dahme-Spreewald,2274.5,3.01,1.23,0.0,0.0,0.1,1.51,0.14,0.85,0.06,0.15,0.06,0.06,0.67,0.02,37.34,47.62,0.89,0.53,0.01,0.68,1.54,0.2,0.0,3.31,0.0
12062,Elbe-Elster,1899.6,1.49,1.36,0.01,0.0,0.22,2.78,0.2,0.46,0.06,0.03,0.01,0.13,0.36,0.0,51.15,37.67,0.93,0.6,0.0,0.06,1.27,0.14,0.0,1.05,0.0
12063,Havelland,1727.3,3.47,1.49,0.02,0.0,0.06,1.33,0.18,0.73,0.07,0.11,0.04,0.15,0.06,0.01,57.69,28.58,0.97,0.76,0.0,0.82,1.55,0.65,0.0,1.26,0.0
12064,Märkisch-Oderland,2158.7,4.17,1.57,0.01,0.0,0.21,1.15,0.28,0.79,0.08,0.07,0.04,0.07,0.24,0.0,60.73,25.19,1.23,0.14,0.02,0.34,1.62,0.63,0.0,1.4,0.0
12065,Oberhavel,1808.2,4.54,1.32,0.01,0.0,0.09,1.11,0.22,0.73,0.07,0.14,0.05,0.09,0.02,0.01,42.0,43.17,0.91,0.24,0.14,0.59,1.81,0.37,0.0,2.39,0.0
12066,Oberspreewald-Lausitz,1223.1,2.54,1.79,0.02,0.0,0.43,2.41,0.17,1.46,0.1,0.22,0.12,0.17,0.25,0.0,33.16,43.58,3.38,0.21,0.0,0.33,3.84,0.09,0.0,5.76,0.0
12067,Oder-Spree,2256.8,3.29,1.59,0.01,0.0,0.05,1.07,0.29,0.92,0.07,0.12,0.04,0.1,0.03,0.01,36.54,50.33,0.48,0.22,0.12,0.37,1.2,0.56,0.0,2.61,0.0
12068,Ostprignitz-Ruppin,2526.6,1.9,1.11,0.0,0.0,0.04,0.88,0.14,0.57,0.06,0.09,0.03,0.05,0.08,0.0,54.49,34.13,1.09,1.84,0.01,0.38,0.77,0.08,0.0,2.27,0.0
12069,Potsdam-Mittelmark,2592.1,2.74,1.42,0.0,0.0,0.1,1.86,0.26,0.77,0.12,0.19,0.05,0.09,0.06,0.0,44.98,42.27,1.18,0.69,0.0,0.7,0.56,0.47,0.0,1.5,0.0
12070,Prignitz,2138.6,2.07,1.05,0.0,0.0,0.08,1.02,0.09,0.41,0.07,0.07,0.02,0.07,0.06,0.0,67.39,24.57,0.6,0.32,0.0,0.19,0.87,0.7,0.0,0.37,0.0
12071,Spree-Neiße,1657.0,2.01,2.13,0.0,0.0,2.49,3.14,0.11,0.82,0.09,0.12,0.04,0.16,0.18,0.0,33.63,46.46,1.74,1.18,0.02,0.19,3.37,0.13,0.0,1.98,0.0
12072,Teltow-Fläming,2104.2,2.11,1.62,0.01,0.0,0.05,1.96,0.64,0.67,0.07,0.14,0.03,0.1,0.32,0.0,45.64,40.49,1.83,2.43,0.0,0.39,0.52,0.01,0.0,0.96,0.0
12073,Uckermark,3077.0,1.87,1.24,0.02,0.0,0.06,0.91,0.09,0.51,0.06,0.06,0.03,0.06,0.0,0.01,60.39,25.02,1.38,0.42,0.16,1.1,2.49,0.33,0.0,3.77,0.0
13003,"Rostock, Hansestadt",181.4,8.73,7.98,0.02,0.0,0.0,4.22,2.55,8.22,0.42,0.95,1.11,0.51,0.02,1.66,19.4,28.23,2.9,0.05,2.09,1.77,1.83,0.13,0.84,0.44,5.96
13004,"Schwerin, Landeshauptstadt",130.5,6.47,5.6,0.0,0.0,0.0,4.87,1.51,5.2,0.45,0.9,0.51,0.14,0.0,0.02,19.31,19.57,1.92,4.35,0.07,1.17,0.07,0.08,0.0,27.79,0.0
13071,Mecklenburgische Seenplatte,5495.6,0.44,1.07,0.0,0.0,0.11,2.0,0.15,0.78,0.06,0.05,0.04,0.02,0.07,0.0,58.22,26.22,0.62,0.13,0.39,1.75,0.11,0.09,0.0,7.67,0.0
13072,Landkreis Rostock,3431.3,0.48,1.2,0.0,0.0,0.12,2.94,0.19,0.77,0.05,0.11,0.06,0.03,0.26,0.0,71.03,18.12,0.65,0.12,0.31,1.12,0.1,0.09,0.0,2.23,0.01
13073,Vorpommern-Rügen,3215.0,0.58,1.18,0.0,0.0,0.05,3.19,0.17,0.95,0.07,0.1,0.08,0.03,0.06,0.05,68.0,18.73,0.86,0.21,0.4,2.39,0.45,0.07,0.01,0.73,1.65
13074,Nordwestmecklenburg,2127.1,0.6,1.31,0.0,0.0,0.34,3.32,0.12,0.76,0.05,0.13,0.08,0.02,0.01,0.04,73.27,14.02,0.72,0.05,0.53,1.03,0.11,0.01,0.01,3.43,0.03
13075,Vorpommern-Greifswald,3945.6,0.53,1.1,0.0,0.0,0.08,2.74,0.19,0.72,0.07,0.06,0.06,0.02,0.15,0.02,61.62,22.73,0.5,0.56,1.4,1.7,0.17,0.22,0.01,1.33,4.01
13076,Ludwigslust-Parchim,4766.8,0.33,1.08,0.0,0.0,0.16,2.58,0.09,0.51,0.05,0.09,0.04,0.02,0.11,0.0,61.61,28.84,0.26,0.56,0.18,0.78,0.06,0.2,0.0,2.44,0.0
14521,Erzgebirgskreis,1827.9,5.28,1.79,0.03,0.0,0.08,3.34,0.2,1.19,0.08,0.1,0.07,0.08,0.05,0.0,38.04,47.75,0.7,0.02,0.01,0.09,0.36,0.12,0.0,0.6,0.0
14522,Mittelsachsen,2116.9,4.44,2.03,0.0,0.0,0.21,3.78,0.18,0.97,0.08,0.18,0.06,0.11,0.0,0.0,68.13,18.09,0.63,0.01,0.0,0.01,0.33,0.35,0.0,0.42,0.0
14523,Vogtlandkreis,1412.4,5.08,1.96,0.0,0.01,0.07,3.16,0.18,1.39,0.1,0.19,0.1,0.14,0.02,0.0,43.61,42.04,0.65,0.14,0.02,0.0,0.26,0.04,0.0,0.85,0.0
14524,Zwickau,949.8,8.75,3.64,0.05,0.0,0.2,4.21,0.33,2.21,0.16,0.59,0.17,0.23,0.08,0.0,57.96,19.31,0.7,0.1,0.0,0.0,0.55,0.2,0.0,0.56,0.0
14612,Dresden,328.5,18.35,6.92,0.02,0.0,0.13,5.59,2.24,5.46,0.51,1.08,0.6,0.75,0.69,0.09,28.13,24.3,1.58,0.0,0.0,0.0,1.75,1.22,0.04,0.55,0.0
14625,Bautzen,2395.6,4.33,1.93,0.01,0.0,0.28,2.17,0.2,0.86,0.07,0.18,0.06,0.1,0.15,0.0,44.34,36.82,1.46,0.89,0.0,0.4,1.11,0.04,0.0,4.6,0.0
14626,Görlitz,2111.4,4.11,1.78,0.09,0.0,1.32,2.74,0.24,1.07,0.09,0.19,0.06,0.12,0.09,0.0,43.93,35.41,1.62,1.85,0.0,0.25,1.95,0.11,0.0,2.98,0.0
14627,Meißen,1454.6,4.4,2.42,0.02,0.0,0.19,3.23,0.24,1.22,0.07,0.23,0.08,0.17,0.19,0.02,67.68,15.93,1.06,0.55,0.0,0.11,0.59,0.53,0.01,1.05,0.0
14628,Sächsische Schweiz-Osterzgebirge,1654.2,4.26,1.41,0.03,0.0,0.13,2.92,0.2,1.24,0.05,0.2,0.07,0.1,0.03,0.0,49.09,38.58,0.56,0.0,0.01,0.0,0.4,0.3,0.0,0.41,0.0
14713,Leipzig,297.8,17.71,9.61,0.0,0.0,0.11,6.25,2.08,10.23,0.63,1.77,1.05,1.74,0.0,0.01,31.62,8.59,2.51,0.23,0.0,0.02,2.95,0.53,0.0,2.36,0.0
14729,Leipzig,1651.3,4.46,2.63,0.06,0.0,1.27,2.9,0.15,1.35,0.07,0.38,0.08,0.14,0.01,0.0,62.01,16.8,1.78,0.25,0.0,0.12,1.71,0.28,0.0,3.54,0.0
14730,Nordsachsen,2028.5,2.88,1.93,0.0,0.0,0.14,2.05,0.18,0.93,0.06,0.2,0.05,0.11,0.7,0.0,64.4,21.9,1.14,0.12,0.12,0.11,0.94,0.45,0.0,1.59,0.0
15001,Dessau-Roßlau,244.8,0.9,3.67,0.01,0.0,0.07,7.74,0.7,3.17,0.27,0.27,0.27,0.28,0.27,0.01,36.11,36.76,4.79,0.48,0.0,0.35,1.13,1.92,0.04,0.79,0.0
15002,Halle (Saale),135.0,15.32,8.53,0.0,0.0,0.06,6.95,2.87,9.16,0.74,1.13,0.91,1.66,0.0,0.21,26.31,13.02,5.79,0.0,0.0,0.01,4.23,1.35,0.05,1.7,0.0
15003,Magdeburg,201.0,10.76,8.82,0.15,0.0,0.3,7.93,2.01,9.05,0.73,1.44,0.73,1.14,0.37,0.31,38.97,5.51,3.53,0.0,0.0,0.17,2.54,3.24,0.12,2.16,0.0
15081,Altmarkkreis Salzwedel,2293.3,0.03,1.08,0.0,0.0,0.07,2.7,0.12,0.5,0.07,0.04,0.01,0.07,0.03,0.0,61.77,29.87,0.73,1.72,0.0,0.04,0.82,0.01,0.0,0.32,0.0
15082,Anhalt-Bitterfeld,1454.3,0.28,2.75,0.01,0.0,0.31,4.59,0.15,1.2,0.11,0.14,0.11,0.14,0.07,0.01,62.64,19.87,3.15,0.01,0.0,0.34,1.06,0.41,0.01,2.65,0.0
15083,Börde,2366.9,0.68,1.68,0.11,0.04,0.55,3.14,0.17,0.8,0.09,0.26,0.05,0.1,0.01,0.0,68.37,19.56,1.11,1.94,0.0,0.03,0.62,0.33,0.0,0.35,0.0
15084,Burgenlandkreis,1413.7,1.07,2.19,0.01,0.0,2.0,4.34,0.22,1.26,0.1,0.17,0.09,0.19,0.07,0.0,72.33,12.6,1.87,0.01,0.0,0.0,0.77,0.32,0.0,0.38,0.0
15085,Harz,2104.6,0.93,1.57,0.07,0.0,0.39,3.3,0.17,0.96,0.1,0.15,0.04,0.09,0.03,0.0,53.63,36.35,1.1,0.0,0.01,0.02,0.47,0.06,0.0,0.55,0.0
15086,Jerichower Land,1576.9,0.04,1.4,0.02,0.0,0.2,3.12,0.25,0.69,0.06,0.1,0.03,0.07,0.05,0.0,56.51,31.74,1.27,0.11,0.0,0.14,2.81,0.81,0.0,0.6,0.0
15087,Mansfeld-Südharz,1448.9,0.66,1.81,0.23,0.0,0.3,3.82,0.16,1.12,0.09,0.17,0.05,0.1,0.04,0.0,60.31,27.88,1.66,0.0,0.0,0.03,0.72,0.03,0.0,0.81,0.0
15088,Saalekreis,1433.7,1.43,3.51,0.03,0.0,0.65,4.03,0.2,1.2,0.09,0.31,0.11,0.27,0.1,0.0,73.98,6.96,2.74,0.02,0.0,0.09,1.54,0.27,0.0,2.48,0.0
15089,Salzlandkreis,1427.1,0.81,2.94,0.27,0.0,0.62,4.5,0.26,1.46,0.14,0.31,0.08,0.15,0.19,0.0,77.33,5.12,2.22,0.0,0.0,0.16,1.2,0.8,0.01,1.42,0.0
15090,Stendal,2423.3,0.06,1.22,0.01,0.0,0.1,2.79,0.18,0.57,0.06,0.09,0.02,0.15,0.06,0.0,66.95,21.8,0.87,1.15,0.01,0.34,1.72,1.24,0.0,0.6,0.0
15091,Wittenberg,1930.5,0.35,1.46,0.0,0.0,0.13,3.53,0.11,0.68,0.06,0.09,0.05,0.07,0.05,0.0,48.4,38.93,1.95,0.8,0.0,0.14,1.25,0.75,0.01,1.18,0.0
16051,Erfurt,269.9,4.99,5.79,0.0,0.0,0.77,7.51,1.18,4.34,0.27,1.09,0.42,0.78,0.86,0.0,60.06,8.5,1.41,0.0,0.0,0.03,0.52,0.16,0.0,1.31,0.0
16052,Gera,152.2,5.38,4.11,0.01,0.0,0.21,8.91,1.23,4.12,0.2,0.43,0.14,0.51,0.24,0.0,54.34,19.13,0.25,0.0,0.0,0.0,0.33,0.24,0.0,0.21,0.0
16053,Jena,114.8,9.22,3.69,0.0,0.0,0.0,5.36,1.58,6.1,0.23,0.71,0.1,0.46,0.0,0.0,34.22,36.51,0.9,0.0,0.0,0.0,0.31,0.55,0.0,0.05,0.0
16054,Suhl,103.0,3.36,2.87,0.0,0.0,0.0,6.11,0.84,5.58,0.1,0.44,0.08,0.11,0.33,0.0,11.28,68.56,0.25,0.0,0.0,0.0,0.0,0.0,0.0,0.08,0.0
16055,Weimar,84.5,6.8,3.51,0.0,0.0,0.06,6.66,1.75,6.61,0.46,0.44,0.47,0.47,0.04,0.0,42.99,22.71,1.36,0.0,0.0,0.01,5.44,0.12,0.0,0.13,0.0
16056,Eisenach,104.2,3.97,3.56,0.0,0.0,0.06,5.12,0.59,2.44,0.14,0.86,0.12,0.61,0.0,0.0,41.69,38.7,0.88,0.01,0.0,0.0,0.87,0.23,0.0,0.14,0.0
16061,Eichsfeld,943.1,0.88,1.52,0.08,0.0,0.14,3.43,0.18,0.67,0.08,0.42,0.03,0.12,0.01,0.0,58.32,32.09,0.85,0.0,0.0,0.01,1.08,0.01,0.0,0.09,0.0
16062,Nordhausen,713.9,1.62,1.9,0.16,0.11,0.39,2.84,0.33,1.2,0.1,0.4,0.04,0.22,0.05,0.0,56.53,30.99,1.13,0.0,0.0,0.01,1.21,0.01,0.0,0.77,0.0
16063,Wartburgkreis,1307.5,1.44,1.42,0.05,0.04,0.19,2.95,0.19,0.89,0.06,0.12,0.04,0.09,0.03,0.0,50.26,39.37,0.98,0.08,0.0,0.01,1.25,0.26,0.0,0.27,0.0
16064,Unstrut-Hainich-Kreis,979.7,1.66,1.72,0.06,0.01,0.22,2.42,0.18,0.93,0.06,0.06,0.03,0.09,0.12,0.0,70.34,19.74,0.78,0.0,0.0,0.04,1.29,0.03,0.0,0.22,0.0
16065,Kyffhäuserkreis,1037.9,0.99,1.32,0.13,0.02,0.19,2.26,0.2,0.87,0.06,0.16,0.04,0.12,0.03,0.0,67.42,24.46,0.61,0.12,0.01,0.06,0.6,0.09,0.0,0.24,0.0
16066,Schmalkalden-Meiningen,1210.7,1.19,1.39,0.02,0.01,0.15,3.28,0.19,0.87,0.06,0.15,0.04,0.1,0.01,0.0,40.61,50.57,0.76,0.05,0.0,0.0,0.26,0.1,0.0,0.18,0.0
16067,Gotha,936.1,1.3,2.19,0.01,0.0,0.3,3.77,0.35,1.36,0.08,0.14,0.06,0.18,0.07,0.0,59.24,29.1,0.73,0.16,0.01,0.02,0.33,0.0,0.0,0.59,0.0
16068,Sömmerda,806.9,0.84,1.57,0.0,0.0,0.25,2.69,0.1,0.82,0.06,0.15,0.05,0.21,0.06,0.0,82.89,8.44,0.56,0.0,0.0,0.07,0.37,0.1,0.0,0.77,0.0
16069,Hildburghausen,938.4,0.52,1.25,0.0,0.0,0.13,3.01,0.12,0.51,0.04,0.16,0.02,0.06,0.0,0.0,44.66,48.17,0.87,0.0,0.0,0.01,0.07,0.04,0.0,0.37,0.0
16070,Ilm-Kreis,843.7,0.33,1.69,0.07,0.01,0.19,4.48,0.22,1.01,0.07,0.36,0.06,0.12,0.07,0.0,44.99,45.21,0.59,0.01,0.01,0.0,0.14,0.02,0.0,0.34,0.0
16071,Weimarer Land,804.5,1.07,1.66,0.02,0.0,0.13,3.49,0.15,1.04,0.07,0.21,0.06,0.15,0.05,0.0,72.01,17.84,0.72,0.0,0.0,0.01,0.99,0.07,0.0,0.24,0.0
16072,Sonneberg,433.6,0.77,1.41,0.01,0.0,0.15,4.65,0.21,0.84,0.08,0.05,0.03,0.13,0.0,0.0,27.93,62.21,0.88,0.01,0.0,0.01,0.13,0.02,0.0,0.48,0.0
16073,Saalfeld-Rudolstadt,1036.0,0.67,1.36,0.08,0.0,0.2,3.62,0.16,1.1,0.06,0.11,0.03,0.22,0.0,0.0,34.72,55.65,0.7,0.0,0.0,0.0,0.39,0.21,0.0,0.73,0.0
16074,Saale-Holzland-Kreis,815.3,1.07,1.62,0.0,0.0,0.27,3.6,0.17,1.0,0.06,0.24,0.06,0.08,0.08,0.0,52.39,38.22,0.49,0.0,0.0,0.05,0.22,0.2,0.0,0.19,0.0
16075,Saale-Orla-Kreis,1151.3,0.56,1.41,0.0,0.0,0.23,3.1,0.11,0.62,0.04,0.33,0.03,0.1,0.03,0.0,48.78,41.8,0.3,0.0,0.01,0.01,0.45,0.12,0.0,1.98,0.0
16076,Greiz,846.0,1.07,1.97,0.02,0.0,0.32,5.06,0.15,1.43,0.07,0.1,0.02,0.14,0.02,0.0,60.73,27.02,0.3,0.0,0.0,0.02,0.43,0.15,0.0,0.96,0.0
16077,Altenburger Land,569.4,2.08,2.48,0.01,0.0,0.65,4.52,0.26,1.39,0.1,0.23,0.1,0.24,0.32,0.0,73.41,11.73,0.68,0.0,0.0,0.34,0.41,0.08,0.0,0.97,0.0
