ags2,ags5,kreis,number_of_hairdressers,number_of_restaurants,number_of_shops,number_of_companies,number_of_shopping_malls,number_of_clubs,number_of_education_places,number_of_shopping_places,number_of_free_time_places,number_of_tourism_places,number_of_tourism_places,number_of_food_and_drink_places,number_of_public_institution_places,number_of_traffic_places,number_of_health_places,number_of_business_places
01,01001,"Flensburg, Stadt",82,131,361,5856,6,185,93,754,62,32,32,145,37,115,378,941
01,01002,"Kiel, Landeshauptstadt",213,343,621,14017,9,611,238,1543,173,62,62,393,107,185,1106,2189
01,01003,"Lübeck, Hansestadt",219,277,674,12357,14,491,162,1521,115,102,102,361,87,193,904,1921
01,01004,"Neumünster, Stadt",81,115,296,4639,7,120,57,616,50,14,14,126,34,109,272,762
01,01051,Dithmarschen,155,250,386,8984,3,248,110,1118,121,326,326,292,62,195,476,1375
01,01053,Herzogtum Lauenburg,165,168,456,11296,1,383,128,1281,165,90,90,246,128,213,625,1871
01,01054,Nordfriesland,200,521,625,15149,0,420,163,1822,190,1132,1132,564,110,327,718,2297
01,01055,Ostholstein,215,440,590,13505,0,375,130,1701,183,687,687,411,128,249,834,2064
01,01056,Pinneberg,277,346,754,18973,5,487,255,2247,181,106,106,397,102,335,961,3153
01,01057,Plön,112,182,323,7584,0,266,131,905,176,177,177,221,67,123,454,1281
01,01058,Rendsburg-Eckernförde,237,284,650,16222,11,494,227,1915,403,184,184,370,124,283,1015,2721
01,01059,Schleswig-Flensburg,162,243,552,13291,3,340,215,1468,272,197,197,312,99,290,713,2392
01,01060,Segeberg,237,270,683,17052,6,432,171,2056,199,84,84,313,91,294,844,3154
01,01061,Steinburg,113,167,327,8045,1,208,113,978,114,48,48,184,70,134,435,1319
01,01062,Stormarn,212,200,552,16807,1,430,142,1717,184,59,59,231,92,230,824,2731
02,02000,Hamburg,1521,2630,4108,151292,71,5845,1729,13152,730,401,401,2584,550,1466,7041,19260
03,03101,Braunschweig,289,285,691,15114,9,778,341,1882,206,64,64,327,85,221,993,2195
03,03102,Salzgitter,88,120,242,4127,2,235,91,629,68,27,27,104,37,97,353,626
03,03103,Wolfsburg,126,141,361,4972,3,300,128,649,85,44,44,160,25,80,388,731
03,03151,Gifhorn,179,156,422,7640,0,323,177,1049,275,95,95,184,66,123,470,1332
03,03153,Goslar,147,309,435,8660,2,435,185,1278,159,375,375,326,71,144,582,1425
03,03154,Helmstedt,93,85,248,4262,0,229,105,613,101,41,41,97,37,73,293,675
03,03155,Northeim,144,168,397,8008,1,373,170,1147,270,74,74,216,51,134,514,1428
03,03157,Peine,121,115,311,6764,1,224,177,917,119,24,24,134,49,116,388,1142
03,03158,Wolfenbüttel,131,106,285,6279,1,311,126,827,103,38,38,118,38,83,384,1065
03,03159,Göttingen,330,437,952,19409,3,967,505,2735,409,294,294,481,127,305,1483,3266
03,03241,Hannover,1098,1422,2891,70017,22,3292,1377,8438,881,345,345,1454,420,953,4216,12091
03,03251,Diepholz,242,279,679,15353,1,496,207,1911,353,80,80,315,79,248,716,2465
03,03252,Hameln-Pyrmont,202,219,462,9282,2,399,199,1406,131,146,146,252,58,131,672,1718
03,03254,Hildesheim,278,345,816,15575,3,709,384,2234,154,110,110,406,177,258,938,2895
03,03255,Holzminden,79,102,224,4157,0,118,87,656,106,47,47,118,26,73,267,769
03,03256,Nienburg/Weser,117,148,378,7708,0,301,163,964,228,75,75,170,57,148,391,1308
03,03257,Schaumburg,193,200,467,9453,0,371,162,1385,183,117,117,266,84,180,653,1914
03,03351,Celle,187,233,537,10756,0,557,209,1339,204,131,131,285,74,160,622,1731
03,03352,Cuxhaven,182,295,525,11440,0,375,269,1447,361,329,329,295,79,181,647,1725
03,03353,Harburg,272,230,607,16976,3,600,224,1994,231,138,138,340,93,232,833,2805
03,03354,Lüchow-Dannenberg,49,74,152,3349,0,259,84,426,109,82,82,100,17,63,224,453
03,03355,Lüneburg,194,196,465,11056,0,607,185,1348,177,121,121,227,84,149,786,1791
03,03356,Osterholz,111,131,295,6746,0,258,153,826,144,47,47,150,41,99,392,1071
03,03357,Rotenburg (Wümme),152,201,471,10933,0,327,208,1265,226,99,99,246,48,208,501,1665
03,03358,Heidekreis,140,204,434,8679,1,415,143,1130,207,228,228,279,54,176,490,1365
03,03359,Stade,185,224,575,12413,0,356,233,1367,197,78,78,277,66,187,621,1820
03,03360,Uelzen,99,119,289,5691,1,283,88,711,74,119,119,175,38,103,372,817
03,03361,Verden,141,167,384,8804,0,345,147,1015,147,71,71,179,54,118,451,1365
03,03401,Delmenhorst,83,80,229,3883,1,103,81,557,62,10,10,71,25,68,243,652
03,03402,Emden,50,85,192,3006,1,126,58,364,35,28,28,73,19,35,168,399
03,03403,Oldenburg,173,264,498,11556,5,390,183,1308,77,37,37,242,59,110,858,1608
03,03404,Osnabrück,181,304,524,11190,1,483,170,1321,134,40,40,270,72,152,763,1523
03,03405,Wilhelmshaven,95,124,229,3960,1,142,61,591,63,38,38,111,24,55,296,591
03,03451,Ammerland,139,165,316,8659,0,247,123,1019,142,114,114,179,45,138,425,1320
03,03452,Aurich,179,349,581,11712,4,426,235,1498,229,577,577,301,101,143,605,1589
03,03453,Cloppenburg,133,204,491,10806,0,249,194,1302,175,66,66,165,57,149,377,1581
03,03454,Emsland,290,463,1076,21058,4,511,395,2307,385,188,188,444,152,323,888,2896
03,03455,Friesland,113,180,300,6318,0,200,116,857,144,189,189,191,44,99,395,856
03,03456,Grafschaft Bentheim,125,206,408,8525,1,216,169,1065,111,67,67,177,57,145,427,1161
03,03457,Leer,145,228,515,10597,2,299,198,1207,130,221,221,222,104,143,526,1380
03,03458,Oldenburg,119,142,282,8657,0,272,135,966,170,45,45,162,42,139,429,1367
03,03459,Osnabrück,324,454,978,21438,0,641,379,2652,273,161,161,441,182,325,1147,3296
03,03460,Vechta,129,238,408,10034,0,228,152,1077,103,48,48,194,40,163,362,1319
03,03461,Wesermarsch,95,122,258,4991,0,190,123,608,123,55,55,103,51,86,290,766
03,03462,Wittmund,60,140,186,3800,0,126,67,525,99,405,405,143,34,63,197,550
04,04011,Bremen,534,773,1441,36043,18,1349,521,3940,325,107,107,709,219,362,2317,5031
04,04012,Bremerhaven,110,168,319,5984,2,206,59,853,73,38,38,192,33,113,415,861
05,05111,Düsseldorf,689,1132,1563,53857,17,1629,578,5465,350,259,259,1071,243,526,2842,7358
05,05112,Duisburg,335,537,1006,19723,7,776,339,2699,233,54,54,478,178,335,1254,3174
05,05113,Essen,499,750,1411,31951,7,1355,510,3744,324,110,110,671,195,399,1889,4688
05,05114,Krefeld,212,284,569,13374,2,479,185,1901,163,21,21,331,86,193,937,2180
05,05116,Mönchengladbach,248,369,706,15156,6,473,275,2165,150,33,33,364,65,227,1014,2575
05,05117,Mülheim an der Ruhr,161,205,438,9576,2,302,136,1167,93,35,35,203,47,147,590,1447
05,05119,Oberhausen,169,250,573,9460,6,296,141,1304,147,27,27,199,62,159,553,1547
05,05120,Remscheid,117,131,285,6883,2,298,114,852,72,23,23,150,30,95,415,1195
05,05122,Solingen,169,169,378,10121,2,366,133,1367,92,19,19,177,48,160,588,1621
05,05124,Wuppertal,309,348,789,19844,2,921,234,2538,214,40,40,432,105,321,1273,3396
05,05154,Kleve,300,458,840,20270,2,653,280,2738,273,126,126,470,162,326,966,2918
05,05158,Mettmann,438,542,1231,31618,6,928,478,3861,321,124,124,599,148,458,1700,5046
05,05162,Rhein-Kreis Neuss,427,520,1078,26885,12,942,396,3424,314,92,92,524,160,354,1425,4425
05,05166,Viersen,284,416,773,19517,1,563,242,2777,253,75,75,429,91,283,1033,3446
05,05170,Wesel,446,554,1209,24823,2,863,435,3643,412,111,111,544,171,387,1355,4033
05,05314,Bonn,319,480,835,21702,2,1456,348,2449,240,114,114,458,172,208,1855,3391
05,05315,Köln,997,1869,2453,72430,24,2899,1013,8095,527,305,305,1751,348,717,4382,10597
05,05316,Leverkusen,161,188,399,7378,2,283,142,1116,73,23,23,205,55,103,576,1285
05,05334,Aachen,558,786,1482,34237,7,1138,540,4350,399,157,157,693,180,463,2027,5354
05,05358,Düren,305,329,641,14698,3,578,267,1804,206,72,72,303,144,249,735,2388
05,05362,Rhein-Erft-Kreis,433,559,1079,25286,2,784,436,3208,289,101,101,508,179,389,1359,4513
05,05366,Euskirchen,219,240,524,11692,3,436,207,1450,176,104,104,261,113,191,633,2171
05,05370,Heinsberg,311,366,712,14891,3,418,206,2075,239,40,40,318,110,249,785,2494
05,05374,Oberbergischer Kreis,259,280,702,16678,2,580,312,2105,240,120,120,330,139,250,989,2864
05,05378,Rheinisch-Bergischer Kreis,285,329,647,17900,1,543,266,2337,162,91,91,385,106,252,1182,3241
05,05382,Rhein-Sieg-Kreis,559,668,1412,34382,3,1238,591,4474,375,165,165,690,208,498,2071,6130
05,05512,Bottrop,108,148,253,5258,1,195,99,753,87,17,17,126,46,90,348,898
05,05513,Gelsenkirchen,205,263,551,10466,1,457,238,1562,155,23,23,271,101,180,707,1705
05,05515,Münster,247,432,738,19490,5,603,330,2006,203,78,78,410,114,180,1368,2602
05,05554,Borken,328,552,1099,23633,4,636,353,2913,380,141,141,554,130,420,1001,3391
05,05558,Coesfeld,200,249,610,13530,1,445,251,1646,177,86,86,299,80,293,710,2012
05,05562,Recklinghausen,461,743,1577,28679,8,1201,578,4091,429,94,94,658,203,494,1775,4536
05,05566,Steinfurt,399,651,1230,26345,3,783,476,3154,461,167,167,611,177,382,1314,3662
05,05570,Warendorf,237,344,769,16128,1,506,299,2080,228,96,96,302,89,244,850,2270
05,05711,Bielefeld,318,409,848,20321,2,740,348,2158,207,50,50,418,103,272,1201,3120
05,05754,Gütersloh,330,417,871,22631,0,574,362,2810,258,100,100,526,112,383,964,3383
05,05758,Herford,266,265,698,16552,0,961,253,2053,184,60,60,297,87,225,755,2591
05,05762,Höxter,138,194,447,8926,0,300,196,1158,237,133,133,246,97,129,476,1409
05,05766,Lippe,380,432,830,20816,0,530,362,2697,313,247,247,522,113,343,1169,3471
05,05770,Minden-Lübbecke,355,366,992,19813,8,479,333,2384,326,126,126,442,101,305,1012,3049
05,05774,Paderborn,308,407,793,18688,4,725,323,2090,342,114,114,431,130,273,874,2849
05,05911,Bochum,318,483,854,18296,7,680,329,2313,270,48,48,439,120,286,1218,2779
05,05913,Dortmund,419,714,1420,28456,8,1218,405,3593,386,79,79,604,183,426,1726,4542
05,05914,Hagen,183,209,510,9296,2,269,195,1211,73,23,23,195,57,155,615,1551
05,05915,Hamm,149,212,435,8405,2,772,150,1027,71,26,26,194,65,130,525,1201
05,05916,Herne,119,166,320,5950,1,251,130,887,104,10,10,141,49,100,420,972
05,05954,Ennepe-Ruhr-Kreis,332,397,788,18457,4,712,301,2404,158,72,72,427,106,282,1169,2879
05,05958,Hochsauerlandkreis,300,403,878,17641,2,672,298,2308,98,470,470,531,216,285,933,2612
05,05962,Märkischer Kreis,407,506,1108,23637,2,777,392,3042,195,117,117,527,182,381,1308,3811
05,05966,Olpe,133,186,385,8703,0,340,148,1067,159,131,131,203,82,147,411,1305
05,05970,Siegen-Wittgenstein,306,356,830,17051,2,654,364,2256,215,129,129,361,117,286,931,2632
05,05974,Soest,291,418,848,17797,8,664,333,2337,113,148,148,466,127,276,1007,2617
05,05978,Unna,358,438,1045,19696,1,773,389,2745,143,69,69,430,115,316,1267,3145
06,06411,Kreisfreie Stadt Darmstadt,142,305,405,11270,4,578,196,1272,101,44,44,283,65,139,805,1809
06,06412,Kreisfreie Stadt Frankfurt am Main,681,1424,1654,59405,9,2791,1111,5174,325,310,310,1286,289,484,3040,7267
06,06413,Kreisfreie Stadt Offenbach am Main,119,180,318,7522,2,315,117,882,41,31,31,137,41,97,431,1132
06,06414,Landeshauptstadt Wiesbaden,315,489,738,20241,4,853,311,2218,116,69,69,498,79,230,1260,3231
06,06431,Bergstraße,368,457,745,18235,4,536,272,2765,84,139,139,503,99,347,1020,3489
06,06432,Darmstadt-Dieburg,379,390,736,18070,1,572,283,2767,64,58,58,390,76,356,1049,3670
06,06433,Groß-Gerau,285,406,571,14094,3,435,246,2092,77,85,85,315,71,241,769,2787
06,06434,Hochtaunus,307,334,579,19866,6,621,259,2080,92,141,141,329,67,224,1214,2947
06,06435,Main-Kinzig,536,640,1104,27000,7,1089,421,3777,187,183,183,672,158,471,1326,4412
06,06436,Main-Taunus,283,320,557,17721,3,568,217,1859,65,92,92,304,56,190,863,2643
06,06437,Odenwaldkreis,91,151,280,6059,0,206,110,1062,34,89,89,186,28,114,325,1159
06,06438,Offenbach,426,486,835,24432,5,688,357,3093,104,93,93,446,98,316,1147,3847
06,06439,Rheingau-Taunus,243,326,406,12582,0,502,172,1523,41,138,138,472,65,170,688,2121
06,06440,Wetterau,400,438,786,20542,1,786,320,2867,111,112,112,478,110,361,1122,3346
06,06531,Gießen,313,397,729,17247,2,769,307,2226,308,75,75,413,167,319,1156,2696
06,06532,Lahn-Dill,342,359,691,16991,3,779,274,2254,324,88,88,398,112,297,913,2663
06,06533,Limburg-Weilburg,261,312,528,11879,1,402,152,1494,103,60,60,306,72,219,640,1953
06,06534,Marburg-Biedenkopf,291,349,636,14991,1,923,280,1872,338,105,105,390,133,230,1020,2187
06,06535,Vogelsberg,118,165,351,7404,0,369,122,990,248,92,92,201,52,143,403,1161
06,06611,Kreisfreie Stadt Kassel,234,291,624,12777,7,622,220,1466,113,62,62,290,90,210,932,1799
06,06631,Fulda,276,310,657,14528,3,481,302,1926,331,221,221,393,204,258,778,2278
06,06632,Hersfeld-Rotenburg,154,139,387,7251,3,293,114,1022,185,93,93,160,78,147,443,1063
06,06633,Kassel,252,249,593,13176,4,458,208,1791,316,122,122,326,118,245,766,2289
06,06634,Schwalm-Eder,227,218,506,10908,0,466,178,1550,356,109,109,285,91,236,670,1768
06,06635,Waldeck-Frankenberg,191,304,501,10904,0,357,172,1523,304,391,391,405,107,181,639,1694
06,06636,Werra-Meißner,107,145,316,6426,0,255,96,988,227,102,102,207,84,137,429,1018
07,07111,Stadt Koblenz,143,233,403,8207,3,301,114,1004,72,55,55,217,64,105,571,1213
07,07131,Ahrweiler,142,255,321,8567,0,295,100,1117,153,212,212,307,136,150,492,1498
07,07132,Altenkirchen (Ww),153,149,310,7803,0,244,111,1058,91,58,58,162,76,144,430,1371
07,07133,Bad Kreuznach,218,235,379,10079,0,419,140,1441,127,105,105,240,98,164,615,1641
07,07134,Birkenfeld,112,139,231,5816,0,219,69,887,45,59,59,153,46,90,303,944
07,07135,Cochem-Zell,79,178,172,4742,0,137,56,619,50,337,337,252,115,92,208,672
07,07137,Mayen-Koblenz,268,330,577,13397,2,413,153,1736,152,162,162,343,132,222,666,2113
07,07138,Neuwied,223,246,490,11900,0,372,134,1563,132,98,98,266,75,199,686,2028
07,07140,Rhein-Hunsrück-Kreis,127,199,271,6990,0,218,73,890,97,144,144,195,129,121,360,1196
07,07141,Rhein-Lahn-Kreis,148,228,281,7965,0,251,109,1018,77,137,137,265,55,139,462,1198
07,07143,Westerwaldkreis,284,294,542,13934,2,365,169,1767,205,87,87,273,101,242,661,2313
07,07211,Stadt Trier,150,211,391,7113,4,346,116,977,76,62,62,239,44,99,535,959
07,07231,Bernkastel-Wittlich,150,229,286,8272,0,253,111,1068,55,307,307,313,146,121,422,1185
07,07232,Eifelkreis Bitburg-Prüm,112,171,284,6277,0,304,91,771,51,127,127,217,202,108,280,1039
07,07233,Vulkaneifel,71,108,158,4068,0,159,50,529,41,96,96,126,134,83,200,638
07,07235,Trier-Saarburg,177,213,272,8282,0,374,124,1031,102,208,208,256,142,135,448,1339
07,07311,Stadt Frankenthal (Pfalz),54,61,141,2394,2,71,41,369,22,9,9,70,21,44,195,337
07,07312,Stadt Kaiserslautern,118,211,386,6178,3,229,99,892,48,30,30,214,42,110,420,1007
07,07313,Stadt Landau in der Pfalz,62,94,184,3488,0,150,55,467,23,17,17,102,14,61,278,520
07,07314,Stadt Ludwigshafen a. Rh.,170,217,417,7358,3,269,146,1030,48,19,19,215,52,116,588,1261
07,07315,Stadt Mainz,218,326,531,14792,4,800,146,1466,114,40,40,369,90,152,959,1861
07,07316,Stadt Neustadt a.d. W.,79,116,173,3959,2,146,60,526,19,39,39,131,26,59,274,625
07,07317,Stadt Pirmasens,69,83,160,3023,0,91,38,466,14,9,9,86,14,56,198,499
07,07318,Stadt Speyer,83,101,207,3470,1,111,45,488,25,23,23,130,20,61,230,577
07,07319,Stadt Worms,90,147,246,5109,1,225,70,731,30,29,29,175,30,78,334,793
07,07320,Stadt Zweibrücken,47,56,129,2163,41,92,45,335,9,9,9,70,13,37,153,331
07,07331,Alzey-Worms,171,177,285,8134,1,290,131,1123,39,84,84,178,52,129,416,1226
07,07332,Bad Dürkheim,187,253,335,9000,1,308,134,1174,41,164,164,369,66,132,482,1442
07,07333,Donnersbergkreis,93,99,168,4257,0,156,77,493,20,43,43,123,24,80,258,752
07,07334,Germersheim,179,141,304,6851,1,258,112,990,11,39,39,184,38,120,397,1266
07,07335,Kaiserslautern,158,190,254,6077,0,198,99,839,31,51,51,199,35,116,363,1187
07,07336,Kusel,103,102,149,3759,0,155,71,495,12,39,39,114,18,87,214,728
07,07337,Südliche Weinstraße,146,209,246,7837,0,273,85,1056,36,192,192,313,31,111,392,1167
07,07338,Rhein-Pfalz-Kreis,194,197,256,7726,0,246,109,1083,32,23,23,182,52,119,495,1396
07,07339,Mainz-Bingen,245,295,465,13394,2,506,183,1720,145,140,140,341,95,185,761,2200
07,07340,Südwestpfalz,155,163,150,5541,0,202,107,826,22,98,98,206,47,110,282,1006
08,08111,Stuttgart,621,887,1404,43565,11,2105,592,4426,324,182,182,1009,286,609,2572,6747
08,08115,Böblingen,421,449,1023,22720,11,667,361,2888,125,110,110,479,127,401,1232,4031
08,08116,Esslingen,552,588,1295,33700,5,882,504,4313,174,173,173,744,171,500,1874,6003
08,08117,Göppingen,310,308,720,15921,2,506,306,2253,71,113,113,449,87,280,919,2803
08,08118,Ludwigsburg,535,620,1193,30893,3,808,554,4044,190,138,138,600,186,455,1716,5562
08,08119,Rems-Murr-Kreis,497,513,1016,27285,1,696,453,3621,152,138,138,604,149,473,1507,4692
08,08121,Heilbronn,157,173,384,8573,3,303,133,1063,56,33,33,225,52,143,505,1368
08,08125,Heilbronn,440,399,742,21084,1,724,352,2694,80,144,144,520,175,376,973,3891
08,08126,Hohenlohekreis,116,134,268,6807,1,201,132,863,28,91,91,168,52,118,300,1211
08,08127,Schwäbisch Hall,220,226,561,12386,1,400,223,1637,75,131,131,311,96,235,588,2252
08,08128,Main-Tauber-Kreis,138,189,434,8420,0,283,156,1185,37,187,187,284,60,182,498,1334
08,08135,Heidenheim,141,153,378,7171,1,277,175,957,43,48,48,180,57,136,446,1242
08,08136,Ostalbkreis,384,417,877,18841,3,654,338,2601,121,155,155,565,124,323,1076,3276
08,08211,Baden-Baden,86,125,192,5137,1,150,45,572,30,76,76,154,31,64,361,799
08,08212,Karlsruhe,324,480,759,20156,4,680,241,2265,143,80,80,592,139,259,1485,2996
08,08215,Karlsruhe,558,609,1007,26582,2,815,408,3518,93,122,122,712,166,452,1592,4449
08,08216,Rastatt,286,312,610,13209,2,424,194,1726,60,132,132,401,86,249,749,2145
08,08221,Heidelberg,157,305,405,11274,3,553,136,1205,95,107,107,347,55,102,1046,1589
08,08222,Mannheim,367,556,737,20094,5,1044,296,2161,138,60,60,528,101,212,1312,2817
08,08225,Neckar-Odenwald-Kreis,154,196,400,8618,1,329,138,1150,35,114,114,188,84,178,463,1526
08,08226,Rhein-Neckar-Kreis,719,706,1331,33607,3,1039,386,4396,169,244,244,764,200,457,2082,5969
08,08231,Pforzheim,144,157,381,7722,3,275,125,1055,50,25,25,195,43,121,514,1094
08,08235,Calw,208,196,411,9926,1,311,193,1296,57,225,225,305,93,184,634,1735
08,08236,Enzkreis,232,164,434,12612,0,359,180,1601,40,67,67,242,100,211,623,2187
08,08237,Freudenstadt,143,196,412,8153,1,256,164,1043,41,270,270,318,56,151,446,1318
08,08311,Freiburg im Breisgau,224,331,553,16622,4,1052,297,1795,125,87,87,362,72,184,1563,2299
08,08315,Breisgau-Hochschwarzwald,292,427,676,18581,0,679,291,2244,89,689,689,688,108,283,1180,3175
08,08316,Emmendingen,192,228,432,10903,0,434,196,1400,41,239,239,327,55,170,656,1836
08,08317,Ortenaukreis,488,673,1201,28521,2,1004,473,3726,121,622,622,945,123,476,1694,4567
08,08325,Rottweil,182,196,410,9967,0,340,167,1310,50,86,86,259,52,179,534,1695
08,08326,Schwarzwald-Baar-Kreis,237,307,686,14040,2,385,200,1750,88,228,228,357,74,242,818,2257
08,08327,Tuttlingen,165,163,370,9264,0,291,139,1145,42,67,67,217,51,177,425,1454
08,08335,Konstanz,330,479,836,19544,4,790,304,2348,119,256,256,577,93,303,1269,2948
08,08336,Lörrach,301,407,648,13849,4,560,265,1799,78,287,287,474,142,255,879,2168
08,08337,Waldshut,227,299,551,10766,1,336,200,1579,54,298,298,416,56,213,689,1759
08,08415,Reutlingen,336,361,742,19149,2,492,308,2373,114,111,111,453,101,311,1025,3202
08,08416,Tübingen,197,270,501,13797,0,527,276,1484,82,83,83,314,95,202,1080,2202
08,08417,Zollernalbkreis,309,272,622,13603,1,439,232,1904,79,67,67,358,79,232,749,2136
08,08421,Ulm,126,214,352,8601,2,399,128,951,66,54,54,211,41,108,613,1164
08,08425,Alb-Donau-Kreis,193,223,493,11297,0,352,254,1497,40,109,109,309,82,197,546,2070
08,08426,Biberach,182,237,537,11274,0,337,260,1513,49,114,114,309,85,181,597,2034
08,08435,Bodenseekreis,249,380,537,14649,2,496,181,1922,81,491,491,493,80,242,909,2383
08,08436,Ravensburg,293,357,813,18775,1,566,374,2599,101,235,235,441,104,284,1178,3329
08,08437,Sigmaringen,136,195,404,8418,2,273,152,1205,42,95,95,254,57,179,448,1583
09,09161,Ingolstadt,133,200,463,7410,4,270,96,988,71,48,48,230,66,107,482,1195
09,09162,München,1396,2235,3400,123827,16,5267,1772,11041,596,494,494,1972,434,857,7656,16735
09,09163,Rosenheim,91,108,264,5519,1,182,51,698,25,23,23,122,34,58,360,867
09,09171,Altötting,125,123,348,6375,1,225,91,994,42,77,77,181,43,123,403,1088
09,09172,Berchtesgadener Land,116,205,345,8046,1,457,91,1128,52,752,752,298,60,133,521,1212
09,09173,Bad Tölz-Wolfratshausen,149,191,397,10507,0,354,101,1313,54,224,224,247,60,169,633,1981
09,09174,Dachau,137,168,406,9710,11,322,130,1196,28,49,49,206,119,181,490,1757
09,09175,Ebersberg,118,167,376,10053,1,373,115,1164,40,55,55,168,41,156,574,1781
09,09176,Eichstätt,113,148,349,6873,0,245,116,911,28,131,131,227,147,148,349,1207
09,09177,Erding,113,158,419,8612,2,253,118,1063,35,62,62,187,84,174,409,1696
09,09178,Freising,150,182,517,11221,3,403,153,1429,44,79,79,221,74,225,583,2156
09,09179,Fürstenfeldbruck,190,207,555,14085,6,414,181,1786,47,43,43,220,67,221,871,2715
09,09180,Garmisch-Partenkirchen,106,271,358,8156,1,257,80,1225,49,700,700,356,45,128,537,1405
09,09181,Landsberg am Lech,132,147,387,9319,1,369,105,1105,32,46,46,159,35,144,550,1827
09,09182,Miesbach,126,223,349,9665,0,316,83,1195,60,425,425,300,48,160,499,1644
09,09183,Mühldorf a.Inn,109,144,371,7242,0,226,84,1093,27,38,38,164,48,163,384,1414
09,09184,München,257,428,919,41640,5,1037,373,3029,137,151,151,412,124,349,1451,5069
09,09185,Neuburg-Schrobenhausen,97,112,323,5862,5,222,68,885,35,33,33,139,30,140,285,1067
09,09186,Pfaffenhofen a.d.Ilm,139,142,359,7819,0,220,91,1076,32,56,56,159,35,167,351,1415
09,09187,Rosenheim,264,408,700,20214,0,628,212,2618,87,413,413,501,125,342,1178,3740
09,09188,Starnberg,144,206,326,14729,0,413,135,1364,45,88,88,215,61,134,966,2230
09,09189,Traunstein,198,305,559,13274,1,461,134,1852,59,717,717,404,83,246,721,2253
09,09190,Weilheim-Schongau,155,180,453,10113,0,386,129,1312,53,89,89,236,56,162,662,1856
09,09261,Landshut,99,114,266,4770,2,178,49,645,27,24,24,130,22,64,358,688
09,09262,Passau,66,132,260,4568,2,168,53,580,27,36,36,132,40,63,325,598
09,09263,Straubing,85,90,248,3627,2,115,39,544,20,22,22,99,13,76,248,488
09,09271,Deggendorf,128,160,444,8019,1,310,93,1298,21,86,86,223,32,161,389,1485
09,09272,Freyung-Grafenau,68,121,286,5291,0,194,73,798,27,253,253,217,36,123,254,937
09,09273,Kelheim,120,164,382,7474,2,233,96,1091,33,178,178,229,108,147,354,1344
09,09274,Landshut,147,153,415,9257,0,258,111,1300,23,50,50,209,54,204,375,1748
09,09275,Passau,216,254,590,12470,0,373,160,1922,64,564,564,408,68,263,768,2146
09,09276,Regen,102,135,272,5684,3,195,67,854,34,505,505,273,28,122,258,883
09,09277,Rottal-Inn,121,132,425,8137,0,234,91,1133,23,93,93,193,37,165,409,1431
09,09278,Straubing-Bogen,85,126,252,5949,0,196,77,790,13,115,115,208,27,156,245,1014
09,09279,Dingolfing-Landau,102,98,262,5404,0,193,55,826,23,50,50,158,27,127,289,836
09,09361,Amberg,59,66,210,2995,0,110,37,524,19,18,18,81,22,57,237,448
09,09362,Regensburg,167,280,584,11307,5,535,159,1270,81,65,65,296,59,167,770,1483
09,09363,Weiden i.d.OPf.,58,77,236,3592,1,97,35,532,23,14,14,105,16,50,230,510
09,09371,Amberg-Sulzbach,80,137,225,5796,0,261,85,861,22,83,83,204,70,130,317,1198
09,09372,Cham,148,216,437,8853,1,260,104,1386,47,347,347,383,80,184,404,1552
09,09373,Neumarkt i.d.OPf.,135,170,423,8430,1,280,104,1211,41,85,85,247,182,192,416,1505
09,09374,Neustadt a.d.Waldnaab,96,138,243,5778,1,154,86,893,24,105,105,233,58,118,289,1086
09,09375,Regensburg,177,227,445,10936,1,387,133,1486,29,74,74,289,74,210,611,1941
09,09376,Schwandorf,164,231,459,8982,4,318,107,1397,35,117,117,303,74,182,452,1505
09,09377,Tirschenreuth,82,114,241,4786,0,138,65,780,14,125,125,200,49,86,248,843
09,09461,Bamberg,102,171,288,5933,0,241,91,808,43,76,76,211,40,90,482,777
09,09462,Bayreuth,99,137,322,5284,1,239,80,640,52,28,28,173,39,79,403,758
09,09463,Coburg,69,81,183,3097,0,119,45,483,21,22,22,113,16,58,246,487
09,09464,Hof,61,83,219,3363,0,133,46,497,22,24,24,113,20,65,212,487
09,09471,Bamberg,176,187,378,8162,2,247,109,1141,33,84,84,297,53,177,403,1510
09,09472,Bayreuth,101,162,284,6502,0,341,91,903,39,254,254,288,25,115,306,1158
09,09473,Coburg,101,110,224,5104,0,192,73,697,23,63,63,163,43,119,247,823
09,09474,Forchheim,124,143,345,7156,0,216,111,966,35,136,136,270,35,155,412,1258
09,09475,Hof,112,149,296,6571,0,240,89,906,23,98,98,243,38,114,320,1074
09,09476,Kronach,100,111,238,4701,0,188,69,712,9,46,46,189,22,92,234,695
09,09477,Kulmbach,89,99,268,5045,1,197,77,695,20,65,65,182,22,100,280,872
09,09478,Lichtenfels,77,121,231,4385,1,151,58,683,25,96,96,175,18,85,235,730
09,09479,Wunsiedel i.Fichtelgebirge,101,123,295,5289,2,248,77,811,27,77,77,208,30,83,287,796
09,09561,Ansbach,57,83,208,2794,3,128,49,448,26,20,20,95,23,48,247,460
09,09562,Erlangen,110,187,366,6952,5,341,123,837,62,57,57,208,43,96,612,1090
09,09563,Fürth,126,161,348,7261,2,247,96,963,54,21,21,177,34,119,457,1306
09,09564,Nürnberg,543,811,1390,33128,10,1585,456,3992,209,169,169,877,150,430,2090,5385
09,09565,Schwabach,44,57,118,2740,1,68,29,384,13,10,10,62,13,37,198,458
09,09571,Ansbach,175,239,494,11167,1,496,188,1643,63,268,268,393,92,215,549,2069
09,09572,Erlangen-Höchstadt,124,130,380,7894,0,277,119,1098,42,54,54,200,41,142,516,1430
09,09573,Fürth,140,127,263,6746,1,230,86,948,27,42,42,153,30,137,365,1324
09,09574,Nürnberger Land,146,199,457,11674,1,403,153,1599,42,91,91,332,78,216,636,2093
09,09575,Neustadt a.d.Aisch-Bad Windsheim,82,140,290,6420,0,263,101,903,29,96,96,211,23,155,348,1083
09,09576,Roth,128,147,336,8342,1,290,101,1218,40,97,97,256,77,170,391,1502
09,09577,Weißenburg-Gunzenhausen,70,127,312,6246,0,277,92,932,32,138,138,220,104,111,322,1041
09,09661,Aschaffenburg,124,171,289,6034,1,237,73,827,40,21,21,182,40,88,343,848
09,09662,Schweinfurt,81,130,310,3676,1,131,51,598,25,19,19,167,17,66,228,517
09,09663,Würzburg,142,234,475,9956,0,462,128,1182,68,54,54,278,59,119,816,1398
09,09671,Aschaffenburg,266,265,430,12092,5,430,123,1688,35,113,113,324,50,202,511,2134
09,09672,Bad Kissingen,121,137,330,6603,0,295,112,956,32,138,138,229,83,109,467,1163
09,09673,Rhön-Grabfeld,88,127,285,5334,0,212,100,737,19,98,98,177,39,116,295,868
09,09674,Haßberge,95,112,245,5228,0,172,88,728,23,66,66,191,29,103,276,905
09,09675,Kitzingen,93,155,288,6190,0,203,97,850,29,136,136,255,81,115,313,1088
09,09676,Miltenberg,153,230,362,8770,0,264,90,1310,37,96,96,298,49,128,425,1527
09,09677,Main-Spessart,158,170,421,8347,0,381,136,1213,29,121,121,267,48,140,409,1475
09,09678,Schweinfurt,106,125,287,6067,0,258,110,842,29,26,26,170,65,113,285,1204
09,09679,Würzburg,134,135,365,9655,0,355,135,1154,39,94,94,213,83,140,559,1795
09,09761,Augsburg,290,407,802,16810,6,751,220,1919,111,49,49,387,86,218,1124,2453
09,09762,Kaufbeuren,61,70,191,3108,0,111,36,453,25,13,13,83,19,57,211,483
09,09763,Kempten (Allgäu),73,106,309,4913,2,165,64,614,37,23,23,127,23,79,336,742
09,09764,Memmingen,53,60,202,3379,1,124,39,491,26,12,12,90,19,61,226,467
09,09771,Aichach-Friedberg,132,119,373,8849,0,261,108,1112,32,35,35,184,41,146,402,1694
09,09772,Augsburg,256,220,662,15127,1,592,188,1828,64,52,52,307,60,257,769,2821
09,09773,Dillingen a.d.Donau,97,99,263,5769,0,212,80,861,25,38,38,126,45,98,291,973
09,09774,Günzburg,125,164,393,8180,0,299,118,1071,37,54,54,233,65,181,395,1345
09,09775,Neu-Ulm,182,227,470,9712,2,347,144,1310,50,48,48,243,56,190,532,1675
09,09776,Lindau (Bodensee),90,145,238,6430,1,251,77,757,49,275,275,186,40,96,399,967
09,09777,Ostallgäu,139,262,408,10268,0,363,124,1228,54,520,520,350,77,182,534,1666
09,09778,Unterallgäu,145,190,382,9730,1,344,123,1165,45,151,151,255,118,170,517,1614
09,09779,Donau-Ries,132,170,462,8378,0,606,124,1093,38,89,89,234,104,170,419,1398
09,09780,Oberallgäu,165,282,441,12103,0,434,121,1537,92,1306,1306,501,78,160,639,1898
10,10041,Regionalverband Saarbrücken,385,622,819,20132,2,903,228,2548,99,68,68,546,164,341,1410,3258
10,10042,Landkreis Merzig-Wadern,132,177,289,5730,0,200,77,781,24,67,67,216,94,103,372,941
10,10043,Landkreis Neunkirchen,205,211,361,7190,1,263,80,1009,25,20,20,210,60,142,479,1189
10,10044,Landkreis Saarlouis,309,363,564,11376,3,337,130,1675,43,69,69,431,89,211,722,1888
10,10045,Saarpfalz-Kreis,205,251,424,8514,1,288,105,1181,32,47,47,213,75,187,584,1456
10,10046,Landkreis St. Wendel,123,153,214,4721,0,170,49,652,17,36,36,143,54,98,325,788
11,11000,Berlin,2434,4706,7425,230503,123,10644,3577,22100,1739,1026,1026,3762,783,2241,13837,30852
12,12051,Brandenburg an der Havel,83,80,254,3584,2,156,59,527,51,27,27,81,21,77,232,580
12,12052,Cottbus,149,112,403,6021,6,236,106,799,49,31,31,132,25,106,369,970
12,12053,Frankfurt (Oder),65,48,222,3727,6,419,58,414,59,17,17,39,16,61,213,561
12,12054,Potsdam,160,202,431,10477,16,559,192,1068,96,83,83,226,48,118,577,1649
12,12060,Barnim,161,183,466,10055,4,736,142,1244,132,83,83,185,48,221,509,1837
12,12061,Dahme-Spreewald,173,202,521,10620,2,320,154,1214,177,165,165,216,57,200,445,1888
12,12062,Elbe-Elster,134,156,357,6788,2,251,115,1091,23,53,53,147,38,150,354,1240
12,12063,Havelland,154,133,421,8372,3,322,143,1018,135,73,73,155,60,150,375,1491
12,12064,Märkisch-Oderland,196,147,481,11284,2,783,167,1382,152,92,92,180,66,228,577,2142
12,12065,Oberhavel,207,209,507,10895,6,354,156,1375,145,75,75,233,55,215,579,2120
12,12066,Oberspreewald-Lausitz,119,149,388,6045,1,240,120,972,32,100,100,174,32,153,332,1083
12,12067,Oder-Spree,233,180,511,10738,6,835,170,1266,128,110,110,246,63,204,537,1868
12,12068,Ostprignitz-Ruppin,132,149,304,6429,2,226,97,827,91,118,118,153,84,130,306,1128
12,12069,Potsdam-Mittelmark,197,224,456,13122,1,441,228,1497,163,117,117,267,106,247,596,2195
12,12070,Prignitz,89,126,268,5012,1,145,95,709,73,65,65,132,23,87,265,890
12,12071,Spree-Neiße,140,164,318,6882,0,256,123,1015,29,100,100,191,34,169,347,1333
12,12072,Teltow-Fläming,160,166,470,11026,1,316,136,1217,126,103,103,203,55,203,403,1662
12,12073,Uckermark,121,135,329,7449,3,762,137,899,95,115,115,149,40,160,361,1188
13,13003,"Rostock, Hansestadt",188,200,584,10338,5,708,195,1221,136,103,103,234,45,162,757,1487
13,13004,"Schwerin, Landeshauptstadt",119,115,399,6035,6,359,109,720,51,46,46,125,27,113,361,962
13,13071,Mecklenburgische Seenplatte,305,337,880,16063,5,752,360,2044,313,269,269,402,256,308,949,2671
13,13072,Landkreis Rostock,236,259,691,12922,2,502,283,1662,219,290,290,265,143,279,649,2322
13,13073,Vorpommern-Rügen,261,417,757,14211,6,607,289,1928,272,635,635,533,128,277,799,2417
13,13074,Nordwestmecklenburg,155,220,415,8727,2,375,206,1044,102,176,176,195,89,170,460,1444
13,13075,Vorpommern-Greifswald,258,344,781,13621,6,598,318,1755,332,413,413,389,150,287,801,2214
13,13076,Ludwigslust-Parchim,224,243,616,12919,3,588,301,1635,233,183,183,300,155,274,665,2383
14,14511,Chemnitz,328,226,817,15218,8,1052,318,1857,97,52,52,323,64,280,953,2357
14,14521,Erzgebirgskreis,488,435,1009,22278,4,891,392,3459,100,296,296,666,212,399,1239,3842
14,14522,Mittelsachsen,427,311,931,19022,4,750,364,2742,74,184,184,535,148,369,1080,3356
14,14523,Vogtlandkreis,361,303,826,15856,6,603,265,2380,70,183,183,404,103,325,934,2732
14,14524,Zwickau,450,331,1085,19645,9,770,334,3017,99,117,117,454,102,349,1222,3603
14,14612,Dresden,502,520,1460,31463,25,1643,582,3346,237,222,222,792,172,417,1934,4518
14,14625,Bautzen,350,343,949,17737,11,717,373,2435,83,135,135,508,163,393,1010,3169
14,14626,Görlitz,293,326,798,15496,4,698,325,2099,102,181,181,488,124,275,943,2777
14,14627,Meißen,286,265,715,14666,5,482,279,1948,71,150,150,407,82,274,804,2525
14,14628,Sächsische Schweiz-Osterzgebirge,295,302,659,15017,3,592,297,1961,78,229,229,458,125,321,786,2597
14,14713,Leipzig,466,555,1515,33817,23,2616,416,3547,227,147,147,516,111,447,2290,5088
14,14729,Leipzig,283,261,677,14931,2,656,308,2146,49,83,83,302,107,265,890,2805
14,14730,Nordsachsen,236,200,617,11519,2,487,268,1720,45,95,95,257,93,238,668,2154
15,15001,Dessau-Roßlau,104,85,337,4461,4,200,74,630,30,30,30,83,33,76,307,776
15,15002,Halle (Saale),216,208,677,10947,7,686,224,1367,96,41,41,259,60,177,916,1794
15,15003,Magdeburg,272,250,797,12853,6,696,184,1464,141,46,46,234,56,179,872,1979
15,15081,Altmarkkreis Salzwedel,104,106,269,4998,0,248,119,768,60,55,55,114,34,108,262,893
15,15082,Anhalt-Bitterfeld,171,188,536,8563,1,401,170,1210,46,59,59,164,62,181,531,1520
15,15083,Börde,198,149,496,9271,1,434,250,1128,147,71,71,148,93,241,490,1633
15,15084,Burgenlandkreis,218,228,564,9747,1,433,254,1351,40,144,144,230,51,211,638,1622
15,15085,Harz,299,362,793,13232,4,593,258,1847,169,352,352,386,70,252,782,2274
15,15086,Jerichower Land,96,97,280,5517,0,197,112,719,94,36,36,89,55,117,267,872
15,15087,Mansfeld-Südharz,172,160,446,7558,1,330,155,1081,35,66,66,143,47,157,445,1370
15,15088,Saalekreis,195,177,522,9250,3,383,164,1127,19,71,71,184,103,207,483,1596
15,15089,Salzlandkreis,255,219,601,9924,3,445,227,1599,95,68,68,202,69,226,671,1736
15,15090,Stendal,154,115,368,6846,3,392,151,999,100,44,44,118,50,141,334,1160
15,15091,Wittenberg,155,149,427,7237,2,301,168,1133,26,90,90,165,67,152,384,1234
16,16051,Erfurt,230,246,678,12198,8,754,166,1588,96,70,70,289,77,197,828,2031
16,16052,Gera,138,108,342,5531,6,353,68,796,26,23,23,153,27,111,416,968
16,16053,Jena,109,139,319,6088,9,373,95,609,46,37,37,144,27,86,447,842
16,16054,Suhl,50,34,151,2434,2,117,25,318,16,23,23,47,12,43,175,399
16,16055,Weimar,70,91,241,4236,2,219,62,512,24,63,63,114,19,73,275,743
16,16056,Eisenach,64,75,200,2631,2,95,34,400,17,48,48,93,16,60,204,433
16,16061,Eichsfeld,170,105,240,6431,0,234,119,909,96,52,52,137,52,135,331,1205
16,16062,Nordhausen,101,118,291,4703,3,184,90,706,23,41,41,134,23,104,312,838
16,16063,Wartburgkreis,171,188,341,7056,2,207,148,1044,77,96,96,230,59,163,380,1207
16,16064,Unstrut-Hainich-Kreis,148,153,298,5950,1,208,114,902,25,54,54,187,68,128,391,1085
16,16065,Kyffhäuserkreis,98,104,263,4108,1,172,82,661,9,50,50,129,35,84,273,707
16,16066,Schmalkalden-Meiningen,188,186,356,8437,1,339,111,1274,34,143,143,259,68,207,470,1476
16,16067,Gotha,191,163,353,7636,0,344,127,1173,34,90,90,233,97,181,452,1345
16,16068,Sömmerda,75,54,175,3749,0,181,74,573,16,28,28,104,53,75,191,764
16,16069,Hildburghausen,81,88,182,3900,1,161,62,494,12,70,70,117,30,80,212,705
16,16070,Ilm-Kreis,137,136,308,6574,2,306,104,976,23,111,111,209,76,172,359,1183
16,16071,Weimarer Land,100,96,189,4733,2,185,101,635,12,50,50,134,79,117,239,949
16,16072,Sonneberg,74,86,187,3663,0,145,60,504,15,34,34,114,10,83,229,601
16,16073,Saalfeld-Rudolstadt,131,192,364,6641,4,253,109,1001,33,120,120,272,135,137,407,1249
16,16074,Saale-Holzland-Kreis,103,104,219,5078,0,227,100,667,19,59,59,144,89,127,273,917
16,16075,Saale-Orla-Kreis,122,128,262,5600,0,182,104,860,23,69,69,196,95,133,286,1142
16,16076,Greiz,132,140,279,6686,0,277,113,1002,22,57,57,194,64,159,367,1209
16,16077,Altenburger Land,122,119,268,4857,1,171,90,807,23,33,33,123,59,102,314,912
