,ags2,ags5,kreis,median_income,purchasing_power_per_household,purchasing_power_per_person,debtor_quota,household_in_income_calss_1,household_in_income_calss_2,household_in_income_calss_3,household_in_income_calss_4,household_in_income_calss_5,household_in_income_calss_6
0,01,01001,"Flensburg, Stadt",2986,34496,19556,16.0,13209,12385,13092,5441,3096,3497
1,01,01002,"Kiel, Landeshauptstadt",3304,35246,19612,12.1,22126,38523,39483,18567,11162,7841
2,01,01003,"Lübeck, Hansestadt",3036,37219,20820,15.1,22881,30159,32571,15805,10999,9039
3,01,01004,"Neumünster, Stadt",2842,38141,19561,17.9,7208,13291,10435,3812,3201,2805
4,01,01051,Dithmarschen,2914,46945,23486,12.8,11806,11575,17816,9873,7834,7676
5,01,01053,Herzogtum Lauenburg,2832,49759,23969,10.1,9081,14562,25004,16206,13565,16539
6,01,01054,Nordfriesland,2768,50012,26306,9.8,7338,11367,25699,16935,12900,12744
7,01,01055,Ostholstein,2636,42842,23673,10.6,17821,18925,30089,17669,13301,13385
8,01,01056,Pinneberg,3036,51585,25212,9.5,16481,19262,37170,25675,21343,33667
9,01,01057,Plön,2771,47623,23578,8.9,7924,9749,16525,10947,8926,9566
10,01,01058,Rendsburg-Eckernförde,2945,49996,24224,9.4,14215,20916,34119,22373,19102,21338
11,01,01059,Schleswig-Flensburg,2715,48650,23438,10.6,11802,15545,25624,16131,13437,13715
12,01,01060,Segeberg,3031,50037,23672,9.8,13507,19466,33100,22928,18316,23195
13,01,01061,Steinburg,2991,45302,22124,12.2,10040,12173,16984,9413,7892,7580
14,01,01062,Stormarn,3023,54040,26041,7.6,8719,14100,26330,19186,17639,31158
15,02,02000,Hamburg,3619,46625,24879,10.5,43637,152776,259975,154457,143458,227898
16,03,03101,Braunschweig,3438,39986,22975,9.6,21381,33669,37071,20331,14641,15535
17,03,03102,Salzgitter,4085,38802,19956,13.2,8929,17776,14430,5084,3994,3740
18,03,03103,Wolfsburg,4622,46887,25277,7.7,10770,12628,16335,9236,7726,10215
19,03,03151,Gifhorn,3136,53918,24514,8.8,6743,11002,20565,14319,11945,15376
20,03,03153,Goslar,2858,37748,21527,12.5,23685,15221,23438,6882,4794,4090
21,03,03154,Helmstedt,2720,45606,23764,11.1,8646,8558,14056,6009,4791,5498
22,03,03155,Northeim,2931,44538,22890,10.7,10314,14329,24604,8474,5636,4849
23,03,03157,Peine,2946,45074,22263,10.3,9548,12740,18016,9920,7520,8395
24,03,03158,Wolfenbüttel,2979,44986,22912,9.1,9901,13164,15605,8616,6731,7065
25,03,03159,Göttingen,3128,39828,21398,9.5,30549,37811,51518,25572,17247,13509
26,03,03241,Hannover,3387,42502,22017,11.5,86658,118256,154892,91374,69094,79207
27,03,03251,Diepholz,2822,52131,24199,9.4,10360,15654,28510,16818,13617,15661
28,03,03252,Hameln-Pyrmont,3142,42048,22526,12.8,16158,17370,23924,9298,6409,6382
29,03,03254,Hildesheim,3044,42042,21771,10.8,24117,32825,42133,18762,12782,12555
30,03,03255,Holzminden,3132,42852,22029,12.2,6234,7586,13727,4229,2782,1905
31,03,03256,Nienburg/Weser,2866,46904,21855,10.9,6098,11973,18349,8555,6125,5419
32,03,03257,Schaumburg,2880,42889,22378,11.7,15334,16373,23924,10998,8028,7638
33,03,03351,Celle,3154,44016,21382,11.9,13836,17452,22786,13066,10059,9656
34,03,03352,Cuxhaven,2768,44759,22702,10.8,20240,18312,25462,14170,11171,11127
35,03,03353,Harburg,2718,54632,26283,7.9,12025,13970,26653,19967,17979,30964
36,03,03354,Lüchow-Dannenberg,2700,41803,21743,11.7,5085,5620,7977,2859,2033,1598
37,03,03355,Lüneburg,2890,42377,21427,9.4,11861,14718,25843,15915,11179,13168
38,03,03356,Osterholz,2737,49123,23539,8.5,7505,7312,13644,9278,7656,8965
39,03,03357,Rotenburg (Wümme),2850,50440,23335,9.3,8485,12921,20909,12437,9918,10907
40,03,03358,Heidekreis,2892,45141,21510,10.9,10181,12859,18850,9857,7790,6985
41,03,03359,Stade,3098,49126,23501,9.3,12968,13664,24920,15934,12883,16732
42,03,03360,Uelzen,2766,43238,21868,11.8,9121,10258,13300,5772,4282,4057
43,03,03361,Verden,2926,52052,24287,8.9,6651,8762,17342,11275,9137,10620
44,03,03401,Delmenhorst,2815,39104,19674,15.3,6433,11650,9396,4824,3543,3182
45,03,03402,Emden,3562,36332,19336,13.8,7726,6939,5305,2696,2029,2000
46,03,03403,Oldenburg,3152,35389,20204,10.5,24629,15593,21666,12694,10583,10848
47,03,03404,Osnabrück,3245,38722,21255,11.0,13092,21087,26689,13098,7924,8508
48,03,03405,Wilhelmshaven,3169,32000,18858,17.1,18058,10802,8472,2839,2440,2326
49,03,03451,Ammerland,2809,49174,23222,8.3,9769,7471,13496,9301,8062,10457
50,03,03452,Aurich,2785,42639,21330,10.7,15731,15839,26502,15098,12357,9388
51,03,03453,Cloppenburg,2609,53390,21712,9.2,6208,9094,19835,12759,11119,9794
52,03,03454,Emsland,2972,53073,22704,8.8,17624,20068,36985,23759,20733,20003
53,03,03455,Friesland,2898,42507,21564,10.1,10841,8038,12616,7128,5755,5533
54,03,03456,Grafschaft Bentheim,2833,47040,21146,8.7,9705,9217,15785,9813,8461,8339
55,03,03457,Leer,2761,42038,20206,10.6,12969,14613,23163,13126,10513,7188
56,03,03458,Oldenburg,2720,53070,23878,8.5,5865,7085,14305,10574,9235,11445
57,03,03459,Osnabrück,2808,53472,23911,8.4,11204,21906,48208,32614,22600,23152
58,03,03460,Vechta,2821,56531,23759,8.1,6449,6512,14386,10322,9279,12525
59,03,03461,Wesermarsch,3428,44210,22179,11.3,8206,9085,12059,5835,4791,4459
60,03,03462,Wittmund,2685,43967,22044,10.5,4608,4895,8463,4563,3200,2771
61,04,04011,Bremen,3445,41817,22315,12.6,59175,78675,63950,37466,29350,35163
62,04,04012,Bremerhaven,3196,34545,19017,20.8,16326,17422,18421,4527,3048,2769
63,05,05111,Düsseldorf,3882,46609,26391,12.1,12281,52467,106706,68575,47808,62774
64,05,05112,Duisburg,3467,34724,17278,17.1,44493,94709,54498,23607,16187,14567
65,05,05113,Essen,3451,38708,20727,13.8,49591,99262,77648,34149,23980,27543
66,05,05114,Krefeld,3423,42210,22043,15.1,17179,31534,32633,13028,10206,13948
67,05,05116,Mönchengladbach,3047,40813,21191,16.1,16167,39186,40323,17329,10981,11734
68,05,05117,Mülheim an der Ruhr,3523,45646,23565,11.6,6317,20933,28524,12404,8700,11327
69,05,05119,Oberhausen,3272,36841,18994,15.2,14415,36352,31468,12419,7558,6466
70,05,05120,Remscheid,3323,45702,23023,13.9,4306,12784,20075,8365,5310,5066
71,05,05122,Solingen,3085,47207,23890,14.6,6947,16012,24465,14286,9122,9796
72,05,05124,Wuppertal,3379,41402,21538,18.4,15792,50115,69941,21314,13647,13514
73,05,05154,Kleve,2882,48771,21462,10.4,19154,21098,35877,22797,19256,18586
74,05,05158,Mettmann,3473,51530,26076,10.3,16178,43050,73213,39881,29307,44077
75,05,05162,Rhein-Kreis Neuss,3446,55797,25956,10.5,6699,28544,61174,39395,30402,43540
76,05,05166,Viersen,2969,50575,23724,10.3,18111,22636,35671,22456,17932,23366
77,05,05170,Wesel,3047,47985,22637,10.0,27482,39420,57387,35107,27106,30331
78,05,05314,Bonn,3857,45203,23779,8.9,9013,25615,50756,35738,23907,27088
79,05,05315,Köln,3696,44374,22699,11.7,26970,91707,151147,98274,87897,99312
80,05,05316,Leverkusen,4170,44332,22091,11.7,5048,18138,26685,12911,8470,10372
81,05,05334,Aachen,3365,42356,21044,11.1,29589,59138,88769,43114,27005,28292
82,05,05358,Düren,3236,47523,21717,11.9,13125,24495,34425,19276,15250,13897
83,05,05362,Rhein-Erft-Kreis,3188,48706,23091,11.3,26128,31526,57268,39026,29931,38925
84,05,05366,Euskirchen,3079,49058,22372,11.0,10866,14753,23472,14795,11913,12099
85,05,05370,Heinsberg,2926,45921,20911,11.6,19671,18998,28414,17881,15565,15238
86,05,05374,Oberbergischer Kreis,3320,51133,23811,10.3,9509,21452,39045,24025,16998,15806
87,05,05378,Rheinisch-Bergischer Kreis,3192,56698,26913,9.0,7295,15898,34371,24527,20426,31991
88,05,05382,Rhein-Sieg-Kreis,3082,53513,24467,8.8,22978,32952,69053,50517,40896,57744
89,05,05512,Bottrop,3149,41789,20815,11.8,6117,13981,18512,9025,5672,5149
90,05,05513,Gelsenkirchen,3242,32368,16594,18.0,17965,56289,38230,10646,5873,4605
91,05,05515,Münster,3432,44714,24153,8.4,9565,30105,49710,28864,23444,28050
92,05,05554,Borken,3091,55761,23297,8.6,12650,20870,42240,28978,24208,25828
93,05,05558,Coesfeld,3000,57866,24482,7.2,6482,11043,23776,17631,14924,19118
94,05,05562,Recklinghausen,3127,41875,20907,13.0,38584,80000,90240,42519,28057,27690
95,05,05566,Steinfurt,2976,53984,22960,8.8,17793,26307,52773,36873,28353,28193
96,05,05570,Warendorf,3201,55555,24050,8.9,8721,19339,33849,21832,17211,19249
97,05,05711,Bielefeld,3310,45846,23193,11.4,14272,36003,53496,27912,19811,17314
98,05,05754,Gütersloh,3177,60079,26086,8.7,7962,21120,43584,31568,24760,29006
99,05,05758,Herford,3055,49554,23369,10.8,10057,22108,38226,20600,13637,13593
100,05,05762,Höxter,2901,50937,22773,8.4,4785,12179,23371,10212,6595,5689
101,05,05766,Lippe,3185,49853,23276,9.7,15537,29677,51086,27672,19747,18860
102,05,05770,Minden-Lübbecke,3097,53873,24066,10.2,11471,23888,43309,25339,18249,16455
103,05,05774,Paderborn,3077,48060,22302,9.1,13071,21527,42636,26379,19846,18872
104,05,05911,Bochum,3273,38357,20560,12.4,25741,55496,62839,23741,14059,13539
105,05,05913,Dortmund,3315,37437,19787,14.4,57604,98059,69862,34441,24804,25445
106,05,05914,Hagen,3267,40816,20553,15.9,7505,28959,35278,11475,6335,5511
107,05,05915,Hamm,3022,39025,18802,14.9,11625,26464,24249,10985,6919,6009
108,05,05916,Herne,3295,34280,18201,17.9,12239,31556,23374,8087,4268,3483
109,05,05954,Ennepe-Ruhr-Kreis,3267,48525,25238,11.0,17236,35717,51170,25606,18337,20559
110,05,05958,Hochsauerlandkreis,3186,49921,24806,10.1,14779,23310,42149,22073,14244,12808
111,05,05962,Märkischer Kreis,3314,53801,25763,12.8,8073,35269,74673,33974,22991,22294
112,05,05966,Olpe,3290,61012,28936,8.5,3116,6729,18243,14882,10984,9933
113,05,05970,Siegen-Wittgenstein,3418,49378,24153,9.3,13678,22381,42589,25999,17455,13904
114,05,05974,Soest,3174,49507,23322,10.3,15608,25191,40819,24998,17839,17689
115,05,05978,Unna,2948,44918,22072,11.7,22876,45531,54422,29629,21185,20290
116,06,06411,Kreisfreie Stadt Darmstadt,4185,43264,23084,8.8,4734,11235,26063,20321,11821,10763
117,06,06412,Kreisfreie Stadt Frankfurt am Main,4182,42066,22341,10.5,5966,41232,111154,74208,76308,91046
118,06,06413,Kreisfreie Stadt Offenbach am Main,3450,34684,18199,17.1,4954,12483,28796,12403,5229,3677
119,06,06414,Landeshauptstadt Wiesbaden,3758,48582,25907,16.6,1264,10283,44907,37289,26510,28166
120,06,06431,Bergstraße,3029,50085,24410,8.8,4740,17438,40675,27663,18653,22225
121,06,06432,Darmstadt-Dieburg,3131,51986,24412,8.5,2603,12227,40179,31381,24006,29215
122,06,06433,Groß-Gerau,3687,45004,21350,9.4,3776,18791,42553,28573,18683,17837
123,06,06434,Hochtaunus,4024,71975,34300,7.1,583,2542,20693,25287,23146,40458
124,06,06435,Main-Kinzig,3134,51077,24048,10.1,5846,27779,66342,39645,27250,30322
125,06,06436,Main-Taunus,4061,56091,27361,7.2,1365,8286,27607,25840,20231,32617
126,06,06437,Odenwaldkreis,2958,47724,22407,9.9,2973,8469,14677,8878,5843,4580
127,06,06438,Offenbach,3477,49989,24102,9.1,2454,17205,54676,37947,26918,31490
128,06,06439,Rheingau-Taunus,3172,50711,25352,8.1,4994,11682,26440,17794,14518,18119
129,06,06440,Wetterau,3156,51314,24040,9.7,5720,16600,43717,29976,21414,26090
130,06,06531,Gießen,3237,42414,21196,8.9,10002,23652,46695,26566,14896,12513
131,06,06532,Lahn-Dill,3300,48718,23711,9.5,9653,20228,39684,23929,15910,14052
132,06,06533,Limburg-Weilburg,2982,44940,22397,11.0,8152,16007,28118,14886,9650,8918
133,06,06534,Marburg-Biedenkopf,3331,43974,21389,8.0,8502,23281,40550,22841,14137,10615
134,06,06535,Vogelsberg,2954,48925,23142,9.3,4235,9297,18763,8206,5250,4299
135,06,06611,Kreisfreie Stadt Kassel,3397,35106,19288,15.7,18486,30102,32011,15278,8037,6790
136,06,06631,Fulda,2947,47707,23150,7.7,7820,16291,35587,21929,14206,12136
137,06,06632,Hersfeld-Rotenburg,2848,44788,21707,9.4,6248,12527,21898,8636,5245,3983
138,06,06633,Kassel,3474,46530,22652,9.3,8396,22604,38237,20167,13733,11998
139,06,06634,Schwalm-Eder,3013,45922,22050,10.0,6194,18836,32221,13769,8237,7228
140,06,06635,Waldeck-Frankenberg,3071,45120,22224,9.9,10215,16121,25422,11129,7497,6873
141,06,06636,Werra-Meißner,2821,40712,20723,11.4,8151,12035,18983,5989,3576,2658
142,07,07111,Stadt Koblenz,3354,41571,21617,12.6,5092,11316,19645,10701,7220,5299
143,07,07131,Ahrweiler,2928,50720,24162,8.6,4661,9636,18636,11767,8539,8523
144,07,07132,Altenkirchen (Ww),3059,46199,21939,11.5,5307,12525,21372,9697,6531,5650
145,07,07133,Bad Kreuznach,3141,46993,22669,9.9,7316,14369,23557,12905,9452,8624
146,07,07134,Birkenfeld,2858,43095,22086,10.8,8073,8405,12714,5040,3706,3407
147,07,07135,Cochem-Zell,2876,50234,23372,8.2,2606,5431,9265,4545,3509,3286
148,07,07137,Mayen-Koblenz,2978,48414,22586,10.0,6282,18063,32295,18231,12537,12516
149,07,07138,Neuwied,3114,49706,23442,10.9,7073,14766,26490,15316,11006,11110
150,07,07140,Rhein-Hunsrück-Kreis,3032,51766,24502,8.5,3733,8593,15823,8671,5921,5956
151,07,07141,Rhein-Lahn-Kreis,3018,46577,22867,10.9,5575,11007,20010,10651,6629,6156
152,07,07143,Westerwaldkreis,2958,56153,25363,11.0,3223,13391,29833,18034,13523,13021
153,07,07211,Stadt Trier,3153,38687,21191,9.9,6547,11378,19417,10658,6572,6014
154,07,07231,Bernkastel-Wittlich,2894,47700,22510,8.4,5525,9081,17085,9140,6460,5652
155,07,07232,Eifelkreis Bitburg-Prüm,3119,48660,22903,8.1,4210,7904,13323,8668,6481,5789
156,07,07233,Vulkaneifel,2948,46330,22224,8.5,4108,5316,8504,4664,3518,2948
157,07,07235,Trier-Saarburg,2899,49990,23628,6.6,4567,9471,19203,14074,10735,12321
158,07,07311,Stadt Frankenthal (Pfalz),3487,46026,22669,13.1,1405,5506,8931,3009,2388,2671
159,07,07312,Stadt Kaiserslautern,3407,33711,19344,14.9,16443,15283,11839,5848,3859,4002
160,07,07313,Stadt Landau in der Pfalz,3051,42818,21735,8.8,2219,4169,7035,4442,2893,2930
161,07,07314,Stadt Ludwigshafen a. Rh.,4534,40565,19762,15.7,5200,21209,31752,11594,7190,6376
162,07,07315,Stadt Mainz,3554,42278,22056,7.8,5588,15131,35982,25790,15011,15749
163,07,07316,Stadt Neustadt a.d. W.,2933,54362,27107,10.4,1898,3934,7107,4477,3751,5325
164,07,07317,Stadt Pirmasens,3031,35753,19903,18.2,5570,6607,6073,1855,1221,1156
165,07,07318,Stadt Speyer,3346,49964,24492,10.7,411,3281,9237,4359,3157,4234
166,07,07319,Stadt Worms,3102,42920,20863,15.5,5304,7555,12065,6626,4702,4239
167,07,07320,Stadt Zweibrücken,3348,39161,20388,12.7,2906,5031,4981,2163,1368,1356
168,07,07331,Alzey-Worms,2848,52700,23317,9.4,2578,8600,16366,11086,8854,9682
169,07,07332,Bad Dürkheim,2947,55376,26720,9.1,3325,8390,17028,12340,9520,13378
170,07,07333,Donnersbergkreis,3393,48814,22177,11.5,2599,6909,10253,5825,4462,4057
171,07,07334,Germersheim,3836,52848,23133,8.8,1115,5858,18677,11855,8670,10296
172,07,07335,Kaiserslautern,2892,41035,21649,10.6,10294,8703,14737,8313,6435,7465
173,07,07336,Kusel,2895,43170,21220,10.7,5293,7260,10585,4931,3446,3141
174,07,07337,Südliche Weinstraße,2986,54006,24579,7.9,2612,6347,13238,10342,7951,9713
175,07,07338,Rhein-Pfalz-Kreis,2851,58064,26379,7.9,1534,6898,19536,13973,11828,16263
176,07,07339,Mainz-Bingen,3333,58409,27011,8.0,2573,9372,26616,20459,15892,22583
177,07,07340,Südwestpfalz,2642,48596,23693,8.3,5324,8238,14174,7522,5683,5421
178,08,08111,Stuttgart,4351,52375,25962,10.4,8545,27059,81673,69440,56036,71862
179,08,08115,Böblingen,4596,54877,25674,6.9,2765,13566,50965,39290,31681,44845
180,08,08116,Esslingen,3740,53811,25918,7.3,6718,21687,71378,56161,43594,57440
181,08,08117,Göppingen,3428,51996,24677,8.5,5184,16691,37426,24677,17704,20342
182,08,08118,Ludwigsburg,3676,55754,26422,7.7,4173,17813,71628,58545,45882,59639
183,08,08119,Rems-Murr-Kreis,3425,54038,25725,8.1,5349,19297,57184,44099,33512,43316
184,08,08121,Heilbronn,3372,64706,32463,11.2,1360,4343,19387,14601,10611,12862
185,08,08125,Heilbronn,3771,55811,25037,7.2,3714,14945,43323,34274,25196,32323
186,08,08126,Hohenlohekreis,3559,54510,24835,6.4,2708,5743,15430,10795,7993,8317
187,08,08127,Schwäbisch Hall,3283,52801,24183,7.1,5510,12695,25637,17742,13380,14675
188,08,08128,Main-Tauber-Kreis,3189,51178,23637,6.3,4590,10100,18240,11327,8218,8587
189,08,08135,Heidenheim,3580,49992,22946,8.4,4703,11236,18016,11192,8061,7552
190,08,08136,Ostalbkreis,3672,53887,25015,7.2,9773,17084,39700,29738,23248,26104
191,08,08211,Baden-Baden,3303,59217,31592,10.1,2648,3858,8093,4983,4166,5644
192,08,08212,Karlsruhe,3682,45975,23029,9.4,4046,14210,55410,39341,23654,20124
193,08,08215,Karlsruhe,3341,53184,24416,7.7,5882,21344,56281,42944,34496,42892
194,08,08216,Rastatt,3764,51312,23731,7.7,3733,13470,32711,21798,16311,18757
195,08,08221,Heidelberg,3718,46830,23872,6.3,2858,5224,23461,16622,16381,17176
196,08,08222,Mannheim,3829,39389,21347,14.0,11880,32787,65238,28459,15561,13710
197,08,08225,Neckar-Odenwald-Kreis,3148,49992,22850,8.0,5156,10820,20777,12331,8544,7918
198,08,08226,Rhein-Neckar-Kreis,3517,53230,25765,8.1,7216,29018,77810,55317,42111,53488
199,08,08231,Pforzheim,3249,46778,23225,14.6,1640,11249,25775,10623,6549,6473
200,08,08235,Calw,3187,50409,24227,8.6,8965,10686,18185,14306,11592,12324
201,08,08236,Enzkreis,3275,57379,26037,7.2,2394,9302,23556,19565,15470,19900
202,08,08237,Freudenstadt,3396,55494,25187,7.6,4404,7060,14902,10647,8308,8161
203,08,08311,Freiburg im Breisgau,3471,43778,22446,8.1,3119,11326,33174,24555,25337,20518
204,08,08315,Breisgau-Hochschwarzwald,3086,54246,25227,7.2,2472,8876,32104,29256,22895,26483
205,08,08316,Emmendingen,3203,52228,23802,7.1,1136,5741,22419,18017,13127,14871
206,08,08317,Ortenaukreis,3189,52446,23978,8.3,6403,24564,58804,42913,30884,32580
207,08,08325,Rottweil,3382,56598,25752,8.0,4478,9037,17917,12239,9421,10298
208,08,08326,Schwarzwald-Baar-Kreis,3271,52368,25208,9.2,7999,16390,30436,18934,13705,14693
209,08,08327,Tuttlingen,3493,57888,25879,9.2,2279,8039,18536,13244,10009,10504
210,08,08335,Konstanz,3267,49694,25398,10.2,3672,17140,42553,28681,23847,29859
211,08,08336,Lörrach,3382,57571,27502,8.8,2096,8749,29653,24811,18755,25070
212,08,08337,Waldshut,3117,54727,25813,8.9,2463,8897,23603,18227,12442,14752
213,08,08415,Reutlingen,3496,54317,25102,7.8,3704,14238,36209,28566,22665,27033
214,08,08416,Tübingen,3484,48791,23930,6.0,6524,13012,27661,23002,18007,23225
215,08,08417,Zollernalbkreis,3261,56699,26236,8.3,7270,13465,22789,16159,13124,14550
216,08,08421,Ulm,3650,52858,26687,8.3,891,5540,19727,14423,10206,12974
217,08,08425,Alb-Donau-Kreis,3239,54165,24277,6.3,2830,9654,24587,18618,14640,17462
218,08,08426,Biberach,3716,54814,24806,6.5,5934,11515,23656,16777,14225,18211
219,08,08435,Bodenseekreis,3896,55453,27207,7.3,2180,8681,26697,22173,18889,27398
220,08,08436,Ravensburg,3250,52639,24175,7.0,6682,14735,33787,24398,21855,28991
221,08,08437,Sigmaringen,3288,51467,23384,9.1,3082,8796,18681,11824,8718,8311
222,09,09161,Ingolstadt,4635,50031,24497,7.2,1996,7855,16487,12068,11316,17329
223,09,09162,München,4169,53288,29432,9.0,5704,29352,151977,161041,182680,281801
224,09,09163,Rosenheim,3291,45238,23788,10.3,679,3665,10882,6617,5082,6356
225,09,09171,Altötting,3524,51040,23954,6.9,3863,7937,14083,9347,7661,9253
226,09,09172,Berchtesgadener Land,2923,47006,23313,6.7,3155,7669,15506,7814,7833,10420
227,09,09173,Bad Tölz-Wolfratshausen,3104,57960,27558,6.7,635,3041,12980,12195,9769,21828
228,09,09174,Dachau,3085,57569,25900,6.1,548,2584,11528,14219,16330,23996
229,09,09175,Ebersberg,3103,61899,28087,5.8,315,2008,9685,11308,15147,25989
230,09,09176,Eichstätt,3219,57000,25002,3.7,2572,4827,10717,10177,11584,18132
231,09,09177,Erding,2936,57961,25540,6.3,807,3506,11727,11590,12625,20372
232,09,09178,Freising,3440,52128,24391,7.0,1292,5041,17578,18701,17345,23793
233,09,09179,Fürstenfeldbruck,3164,58261,26916,6.5,606,4284,19118,19261,22304,35692
234,09,09180,Garmisch-Partenkirchen,2843,49597,26689,7.5,2842,5168,12336,8833,6998,11394
235,09,09181,Landsberg am Lech,3308,56780,26589,5.7,1428,4002,10648,9501,10403,20202
236,09,09182,Miesbach,3099,60107,30506,7.2,941,2875,8913,8065,9470,20338
237,09,09183,Mühldorf a.Inn,3074,54173,24417,7.9,3807,7520,12422,8756,8394,10994
238,09,09184,München,4227,66638,31823,6.4,202,2877,18022,29775,42932,72733
239,09,09185,Neuburg-Schrobenhausen,3209,52925,24387,5.4,3066,5599,9440,7353,7688,11372
240,09,09186,Pfaffenhofen a.d.Ilm,3282,58858,26983,6.3,1797,4063,10456,10662,12038,19245
241,09,09187,Rosenheim,3023,55977,26628,6.5,2669,9588,25856,21676,23411,40861
242,09,09188,Starnberg,3656,82669,39727,6.3,226,1149,5351,7588,12675,38373
243,09,09189,Traunstein,3249,52399,25433,5.9,6253,11352,18881,12146,14578,22683
244,09,09190,Weilheim-Schongau,3509,54585,25926,6.7,1769,5871,15103,11263,11178,19065
245,09,09261,Landshut,3140,49416,25399,8.4,2595,5537,10345,6106,5045,7565
246,09,09262,Passau,3265,35509,21819,9.7,9186,7564,6454,3532,2745,2760
247,09,09263,Straubing,3007,44031,22767,11.5,3180,5220,7220,3611,2570,2904
248,09,09271,Deggendorf,3056,48911,23216,7.5,6370,8641,14641,9894,8048,9020
249,09,09272,Freyung-Grafenau,2773,45360,21903,6.1,5394,6124,11051,6765,4611,3864
250,09,09273,Kelheim,3094,54715,23994,6.5,2648,5980,14081,10828,8935,11097
251,09,09274,Landshut,3096,56577,24801,5.6,2266,6667,15849,13116,13074,18522
252,09,09275,Passau,2749,49471,22938,6.6,10886,11625,23172,17440,12638,13207
253,09,09276,Regen,2888,45594,21926,6.5,4893,6838,10620,6792,4479,3683
254,09,09277,Rottal-Inn,2796,53002,24131,6.3,5110,7371,13962,10684,8590,9187
255,09,09278,Straubing-Bogen,2834,56175,24331,5.3,2814,4536,10189,9229,7532,9258
256,09,09279,Dingolfing-Landau,3911,57775,25361,6.3,2479,4714,10636,8500,7038,8847
257,09,09361,Amberg,3416,41970,23419,10.3,4108,4929,6990,2839,2073,2470
258,09,09362,Regensburg,3676,39104,23145,9.8,8862,15576,27459,16033,10360,12011
259,09,09363,Weiden i.d.OPf.,2823,38961,22428,11.7,5458,5780,6386,2900,1880,2057
260,09,09371,Amberg-Sulzbach,3107,49611,23551,6.2,4175,7927,14461,9604,6697,6031
261,09,09372,Cham,2821,49590,23023,6.0,5610,9808,18130,10983,7859,6910
262,09,09373,Neumarkt i.d.OPf.,3182,55036,24667,5.4,4143,5998,15384,12397,9674,12202
263,09,09374,Neustadt a.d.Waldnaab,2942,47345,23600,6.6,5072,9055,14110,7766,5668,5376
264,09,09375,Regensburg,3111,53958,24513,5.9,2324,8139,22147,17692,16039,21541
265,09,09376,Schwandorf,2965,47514,22741,7.2,6060,11660,21310,13396,9564,8386
266,09,09377,Tirschenreuth,2887,48605,23069,5.9,2270,7462,12517,5522,3556,3041
267,09,09461,Bamberg,3367,39374,21930,8.4,4043,8068,14844,7032,4333,4875
268,09,09462,Bayreuth,3137,38868,21814,9.8,6958,10208,13088,4969,3360,3306
269,09,09463,Coburg,3551,46794,26142,9.3,3843,4186,6506,3391,2351,2759
270,09,09464,Hof,2668,37150,20791,14.1,6348,6686,8340,1716,1285,1315
271,09,09471,Bamberg,2888,49557,23279,6.1,2065,7631,21842,15973,10507,11031
272,09,09472,Bayreuth,2849,49516,23358,6.4,4442,7875,15018,9162,6298,6064
273,09,09473,Coburg,2655,57386,27651,7.7,1992,5776,13929,8700,5568,5884
274,09,09474,Forchheim,3088,53587,24934,6.2,1729,5564,14273,11238,9535,11632
275,09,09475,Hof,2698,46128,23002,8.9,6126,9925,18452,5627,3960,3391
276,09,09476,Kronach,2745,48549,24138,6.9,2971,6428,12201,5539,3441,2771
277,09,09477,Kulmbach,2956,50559,24674,7.6,3675,6544,10601,5977,4070,4175
278,09,09478,Lichtenfels,2724,47934,22987,7.3,2968,6397,10171,5381,3847,3260
279,09,09479,Wunsiedel i.Fichtelgebirge,2887,44929,23183,9.2,5617,8993,13545,4111,2817,2632
280,09,09561,Ansbach,3171,40836,22095,10.5,4213,4214,6634,3426,1916,2229
281,09,09562,Erlangen,4633,43142,25082,6.8,5787,10142,21104,10914,7080,10038
282,09,09563,Fürth,3221,47119,24817,11.8,4982,9157,20315,14153,9394,9257
283,09,09564,Nürnberg,3470,42112,23026,11.9,43576,53731,77512,41196,29689,37643
284,09,09565,Schwabach,3011,54308,26940,8.1,1800,2418,5176,3738,2673,4410
285,09,09571,Ansbach,2865,53732,24153,6.1,4835,11430,25566,16986,12391,11420
286,09,09572,Erlangen-Höchstadt,3953,57524,26841,5.0,1527,4934,14807,12197,11552,18515
287,09,09573,Fürth,2862,54499,26478,6.5,2158,5780,15537,11031,8902,13595
288,09,09574,Nürnberger Land,3143,55044,26292,6.8,3241,8883,22362,16081,12880,17853
289,09,09575,Neustadt a.d.Aisch-Bad Windsheim,2765,52001,24062,6.8,2554,6635,14861,9642,6496,6204
290,09,09576,Roth,2975,55462,25280,5.7,1946,6025,15474,11961,9828,12592
291,09,09577,Weißenburg-Gunzenhausen,3029,51436,23685,7.1,2592,6742,13413,8885,6179,5629
292,09,09661,Aschaffenburg,3327,45977,25496,10.9,1977,4943,12070,8806,5772,5527
293,09,09662,Schweinfurt,3962,40033,21273,10.6,3179,8346,9092,3608,2213,2257
294,09,09663,Würzburg,3317,40925,24870,7.7,6309,17891,27473,11913,6880,7227
295,09,09671,Aschaffenburg,3070,51120,25285,7.1,2164,8600,25017,20108,14769,15465
296,09,09672,Bad Kissingen,2887,48266,23807,6.5,5878,9659,15773,8787,5565,5189
297,09,09673,Rhön-Grabfeld,3117,51891,23823,5.7,1599,6687,12862,6764,4566,4058
298,09,09674,Haßberge,3128,48733,22838,6.7,2211,7064,14223,7104,4663,4323
299,09,09675,Kitzingen,3064,52590,24299,6.7,1902,6823,13557,8541,5669,5464
300,09,09676,Miltenberg,3108,49679,23979,8.2,2434,8542,20330,13759,8884,8168
301,09,09677,Main-Spessart,3400,50524,24138,5.6,3344,9633,20081,11956,8165,7152
302,09,09678,Schweinfurt,2709,50545,23627,5.0,2578,8285,18456,10670,6834,6925
303,09,09679,Würzburg,2980,52198,25247,5.4,3441,9583,23014,16386,12152,13650
304,09,09761,Augsburg,3550,36686,20271,11.1,12468,32537,61517,27630,15192,13689
305,09,09762,Kaufbeuren,3064,45763,23258,10.8,2526,5125,6760,2826,2097,2959
306,09,09763,Kempten (Allgäu),3161,42412,22375,10.0,3251,7487,11701,5928,3621,4341
307,09,09764,Memmingen,3259,59085,29265,10.2,1058,2482,6758,4527,2929,3941
308,09,09771,Aichach-Friedberg,2973,57601,26187,5.6,2646,4873,12893,10456,11070,18755
309,09,09772,Augsburg,2922,55082,25780,6.5,2748,11335,31809,21805,18828,31133
310,09,09773,Dillingen a.d.Donau,3140,57603,25346,6.6,2369,5772,10647,8345,7013,8077
311,09,09774,Günzburg,3116,54761,24732,7.4,2616,8168,15952,11057,9023,9932
312,09,09775,Neu-Ulm,3392,51319,24834,7.3,5189,12206,23672,15193,12291,15712
313,09,09776,Lindau (Bodensee),3334,53011,27281,7.6,1899,4382,10928,7859,6828,10105
314,09,09777,Ostallgäu,3231,52358,25107,6.3,4076,8392,16455,11687,10814,15803
315,09,09778,Unterallgäu,3297,60441,27461,6.1,4051,6995,15103,12738,10743,15768
316,09,09779,Donau-Ries,3368,57645,25919,5.6,2530,7245,16893,12552,9634,11118
317,09,09780,Oberallgäu,2978,49376,25230,6.4,6889,11106,20213,11659,11504,17950
318,10,10041,Regionalverband Saarbrücken,3431,37046,19917,14.4,31031,44117,53073,24122,13716,11119
319,10,10042,Landkreis Merzig-Wadern,3028,41603,19630,9.2,6427,8929,14445,8090,6057,4767
320,10,10043,Landkreis Neunkirchen,3190,40151,20516,12.0,9728,17246,21407,8955,5722,4455
321,10,10044,Landkreis Saarlouis,3268,42910,21491,9.8,12911,19670,29421,15635,10518,9538
322,10,10045,Saarpfalz-Kreis,3494,45437,23189,9.1,12302,12367,19028,11948,8807,8285
323,10,10046,Landkreis St. Wendel,3102,43745,21950,7.8,7005,8407,13291,6558,4611,3945
324,11,11000,Berlin,3126,38190,20811,12.5,202077,345090,484494,343253,330279,280762
325,12,12051,Brandenburg an der Havel,2765,33127,18714,15.9,12463,12536,8591,3341,2014,1788
326,12,12052,Cottbus,2653,36534,20815,11.6,13994,16069,16142,5388,3206,2287
327,12,12053,Frankfurt (Oder),2692,34553,18583,12.7,5862,12331,8812,1811,1252,1050
328,12,12054,Potsdam,2979,38758,20445,8.8,5487,17692,29458,18024,12225,11050
329,12,12060,Barnim,2402,42694,21008,9.5,16906,20644,18200,11396,10689,12075
330,12,12061,Dahme-Spreewald,2518,43842,21400,9.4,12859,15099,21869,12592,9190,10891
331,12,12062,Elbe-Elster,2215,38402,19601,9.0,11700,9028,22646,4999,2703,1302
332,12,12063,Havelland,2227,43354,20781,10.3,15184,13763,17721,10186,9073,11650
333,12,12064,Märkisch-Oderland,2408,42707,20999,9.8,16362,20980,23747,12603,10626,11188
334,12,12065,Oberhavel,2591,44212,21891,9.6,17391,18168,26338,14737,11976,15967
335,12,12066,Oberspreewald-Lausitz,2490,38429,20141,9.5,12977,12278,22253,4920,3382,2080
336,12,12067,Oder-Spree,2532,40350,20991,9.5,19048,19615,26742,12000,8332,7175
337,12,12068,Ostprignitz-Ruppin,2310,36733,19529,12.5,12513,14425,13616,5542,3889,2665
338,12,12069,Potsdam-Mittelmark,2479,51347,23349,7.6,8034,16268,27052,14074,12266,19891
339,12,12070,Prignitz,2239,33332,19904,11.5,17359,9295,12512,3234,2014,1270
340,12,12071,Spree-Neiße,2532,40511,20936,9.5,11590,13666,20835,6005,4137,2886
341,12,12072,Teltow-Fläming,2441,42346,20501,10.5,13126,19908,20896,10451,8208,8857
342,12,12073,Uckermark,2334,35578,19090,10.4,15514,17510,18871,6262,3839,2126
343,13,13003,"Rostock, Hansestadt",2763,33335,18902,10.8,21192,43271,28659,12713,7361,5235
344,13,13004,"Schwerin, Landeshauptstadt",2795,34893,19676,13.5,12012,17440,13092,5605,3034,2839
345,13,13071,Mecklenburgische Seenplatte,2325,37258,19580,10.4,28740,42844,35929,13036,9459,6082
346,13,13072,Landkreis Rostock,2239,43022,20888,9.9,16794,23603,28905,14424,11793,8879
347,13,13073,Vorpommern-Rügen,2194,36435,19806,10.9,23106,35590,32375,15034,9661,6338
348,13,13074,Nordwestmecklenburg,2495,38369,19899,10.5,17623,21070,20182,9073,7553,5766
349,13,13075,Vorpommern-Greifswald,2244,35525,18823,9.7,26198,36875,37329,12181,7503,5248
350,13,13076,Ludwigslust-Parchim,2295,41601,20756,10.1,17954,25173,34374,12813,9423,6286
351,14,14511,Chemnitz,2633,35155,20559,11.6,33798,45283,44663,9535,6149,5120
352,14,14521,Erzgebirgskreis,2191,40173,20848,8.2,30186,35707,72999,18997,10729,6558
353,14,14522,Mittelsachsen,2243,41048,20986,9.4,27049,35475,60629,15444,10694,7183
354,14,14523,Vogtlandkreis,2241,38323,20784,10.5,30696,22992,48876,9519,6572,4829
355,14,14524,Zwickau,2484,40108,21494,10.0,32419,38119,65128,15805,10633,8009
356,14,14612,Dresden,2987,36642,19950,9.4,60046,87566,62994,39471,29437,22394
357,14,14625,Bautzen,2283,42461,20891,8.2,19288,37830,53805,17869,11486,7447
358,14,14626,Görlitz,2183,36947,19627,8.9,32305,32705,50149,9986,6156,4034
359,14,14627,Meißen,2418,42203,21718,9.1,19586,32089,36651,14917,11147,10174
360,14,14628,Sächsische Schweiz-Osterzgebirge,2298,42188,21289,8.4,18290,30660,42391,14424,9704,8415
361,14,14713,Leipzig,2807,33038,18566,13.2,85779,91184,70440,38443,25880,18564
362,14,14729,Leipzig,2275,43734,22045,10.0,19938,28450,40340,16363,12883,11911
363,14,14730,Nordsachsen,2371,40208,20682,11.2,16888,25778,34623,10678,7544,6105
364,15,15001,Dessau-Roßlau,2664,36949,20604,12.9,11037,13727,12137,3796,2306,2288
365,15,15002,Halle (Saale),2806,32326,18229,16.4,26884,51893,34489,12134,5594,3914
366,15,15003,Magdeburg,2760,34711,19247,14.7,29353,42593,39638,8905,5771,6075
367,15,15081,Altmarkkreis Salzwedel,2266,44458,21018,12.4,5039,9647,14314,5016,3262,2305
368,15,15082,Anhalt-Bitterfeld,2321,37712,20267,12.6,19502,18800,33796,6034,4418,3341
369,15,15083,Börde,2513,43810,21568,10.7,9610,19192,31550,10157,8085,5926
370,15,15084,Burgenlandkreis,2383,38004,19993,11.6,21013,21553,34646,8026,5617,3906
371,15,15085,Harz,2450,37980,20525,12.6,27041,26915,37985,11336,7043,5533
372,15,15086,Jerichower Land,2352,43634,21296,12.0,6040,11098,14808,5128,3847,2954
373,15,15087,Mansfeld-Südharz,2324,37841,19768,12.4,13469,15819,31256,5151,3218,2238
374,15,15088,Saalekreis,2528,41190,21279,11.7,15075,23830,31214,10745,8141,6318
375,15,15089,Salzlandkreis,2449,37472,19871,13.1,20652,25178,38619,7637,5015,3931
376,15,15090,Stendal,2358,38894,19657,12.6,10376,12984,22776,5145,3175,2111
377,15,15091,Wittenberg,2293,40275,20879,10.6,13999,12136,25994,6174,4163,2753
378,16,16051,Erfurt,2679,36459,19677,11.1,18686,31906,32620,15024,9628,7452
379,16,16052,Gera,2390,35712,20317,11.8,12583,16574,17519,2871,2013,1996
380,16,16053,Jena,3066,35176,19085,5.9,11455,14903,13170,10763,5775,4363
381,16,16054,Suhl,2540,38095,22260,10.7,6864,4152,5154,1983,1280,917
382,16,16055,Weimar,2902,37057,19601,10.7,4962,9613,10488,4753,2296,2316
383,16,16056,Eisenach,2721,37245,20016,12.1,4350,6768,7325,1935,1260,1127
384,16,16061,Eichsfeld,2360,44883,20644,6.4,4163,8818,20006,6797,4053,2306
385,16,16062,Nordhausen,2467,35899,19220,10.3,10857,10615,15542,3884,2330,1635
386,16,16063,Wartburgkreis,2514,44912,21615,8.1,6128,11304,26092,7761,4753,3146
387,16,16064,Unstrut-Hainich-Kreis,2242,39655,19607,10.0,8305,11051,21690,4605,3070,2148
388,16,16065,Kyffhäuserkreis,2427,37387,19212,11.5,8269,8397,15241,3418,1972,1232
389,16,16066,Schmalkalden-Meiningen,2352,41441,21386,9.6,12558,11836,24221,7278,4374,2839
390,16,16067,Gotha,2468,39312,20149,10.5,12182,15477,26561,7233,4751,3194
391,16,16068,Sömmerda,2388,41994,20212,9.5,3966,7967,13077,4005,2582,1919
392,16,16069,Hildburghausen,2311,45718,21214,8.4,2567,5759,13734,3669,2232,1514
393,16,16070,Ilm-Kreis,2509,37052,20119,9.5,14326,15249,17140,5664,3742,2909
394,16,16071,Weimarer Land,2372,42190,20370,9.5,5683,8914,13364,4972,3772,2848
395,16,16072,Sonneberg,2362,41591,21462,8.9,5428,5563,12090,2970,1643,1289
396,16,16073,Saalfeld-Rudolstadt,2466,39242,20959,8.3,12237,13267,19810,5653,3271,2547
397,16,16074,Saale-Holzland-Kreis,2288,42956,20631,7.6,5131,9216,14445,5254,3446,2379
398,16,16075,Saale-Orla-Kreis,2253,40511,20610,7.6,7388,7994,17082,4532,2501,1632
399,16,16076,Greiz,2233,40784,21275,7.8,11098,10354,18760,5324,3370,2287
400,16,16077,Altenburger Land,2218,38560,20571,9.0,10621,9561,20085,3862,2322,1607
