cluster,kreis,ags5,ags2,supermarkets_population,supermarkets_average_distance,public_transport_availability,average_distance_bus_stop,average_distance_train_station,average_distance_public_transport,Unnamed:_0,number_of_students,number_of_hospitals,number_of_hospital_beds,number_of_hospital_beds_adj,hospital_patiants,households_of_1_person,households_of_2_person,households_of_3_person,households_of_4_person,households_of_5_person_or_more,household_with_kids,household_with_kids_under_3,household_with_kids_over_3_under_6,household_with_kids_over_6_under_10,household_with_kids_over_10_under_15,household_with_kids_over_15_under_18,household_with_double_income_no_kids,car_density,no_of_paths_per_person_and_day,kilometers_per_person_and_day,_percentage_out_of_home,share_of_journeys_on_foot,share_of_journeys_on_bike,proportion_of_motorised_vehicle_passenger,share_of_motorised_vehicle_driver,share_of_public_transport_,public_transport_per_1000_inhabitants,activity_index,municipal_dept_per_capita,municipal_tax_per_capita,municipal_tax_per_capita.1,no_of_births_in_2018,2018_population,2019_population,2018_men_population,2018_women_population,2018_population_under_3_yrs,2018_population_3_to_6,2018_population_6_to_10,2018_population_10_to_15,2018_population_15_to_18,2018_population_18_to_20,2018_population_20_to_25,2018_population_25_to_30,2018_population_30_to_35,2018_population_35_to_40,2018_population_40_to_45,2018_population_45_to_50,2018_population_50_to_55,2018_population_55_to_60,2018_population_60_to_65,2018_population_65_to_75,2018_population_above_75,2019_population_under_5,2019_population_5_to_15,2019_population_15_to_35,2019_population_35_to_60,2019_population_60_to_80,2019_population_above_80,no_of_foreigners_2018,proportion_of_foreigners_in_2018,no_of_births_per_capita,Number_of_Commuters_place_of_work,Number_of_Commuters_on_place_of_residence),Commuter_Balance,Proportion_of_in_commuters,Share_of_out_commuters,Relative_Commuter_Balance,Commute_within_50km,Commute_within_150km,Commute_within_300km,number_accomodation_establishments,number_of_beds,number_of_guests,guests_staying_overnight,number_of_companies,number_of_companies_agriculture,number_of_companies_mining,number_of_companies_manufacturing,number_of_companies_energy,number_of_companies_water_and_sewage,number_of_companies_construction,number_of_companies_repair_motor_vehicles,number_of_companies_transport,number_of_companies_hospitality,number_of_companies_communication,number_of_companies_financial_and_insurance,number_of_companies_real_estat,number_of_companies_technical_services,number_of_companies_economic_services,number_of_companies_administration,number_of_companies_education,number_of_companies_health_and_social_services,number_of_companies_arts_entertainment,number_of_companies_rendering_other_services,number_of_companies_domestic_staff,number_of_companies_extraterritorial,number_of_companies_1_to_4_employees,number_of_companies_5_to_49_employees,number_of_companies_50_to_400_employees,number_of_companies_500_or_more_employees,no_of_hairdressers,no_of_restraunts,no_of_branches,no_of_commertial_units,no_of_shopping_malls,no_of_clubs,no_of_slaughterhouse,no_of_education_centers,no_of_shopping,no_of_free_time,no_of_tourism_points,no_of_food_and_drink,no_of_public_institution,no_of_traffic_centers,no_of_health_centers,no_of_business,total_area,Residential_area_percentage,industrial_/_commertial_area_percentage,dump_area_percentage,mining_area_percentage,"open_pit,_mine,_quarry_area_percentage",mixed_use_area_percentage,special_functional_character_land_percentage,"sport,_leisure,_recreation_area_percentage",cemetry_area_percentage,road_area_percentage,space_area_percentage,rail_traffic_area_percentage,air_traffic_area_percentage,shipping_area_percentage,agri_area_percentage,forrest_area_percentage,wood_area_percentage,health_area_percentage,moor_area_percentage,swamp_area_percentage,without_vegetation_area_percentage,flowing_water_percentage,harbor_basin_percentage,standing_water_percentage,sea_percentage,median_income,purchasing_power_per_household,purchasing_power_per_person,debtor_quota,household_in_income_calss_1,household_in_income_calss_2,household_in_income_calss_3,household_in_income_calss_4,household_in_income_calss_5,household_in_income_calss_6,Unnamed: 0_y,labor_market_region,growing_/_shrinking_circles,labor_market_type,grw_funding_framework,settlement_structure_type_of_labor_market_region,room_type_location,district_settlement_structure,type_of_settlement_structure,urban_/_rural,metropolitan_region,metropolitan_area,east_west,border_proximity,Unnamed: 0,support_area_status,eligible_area
2,Regionalverband Saarbrücken,10041,10,76,734,52,260,1804,255,318,30091,8,2583,7.8,92096,79379,56909,27541,10444,2226,38434,6367,6050,7795,9322,5894,17673,523,3.19971,38.3069,85.7,22.9,6.7,15.4,45.3,9.7,310.37187,70.028881431,4956.6,751.6,93.7,2985,329708,328714,162003,167705,8824,8065,10476,13176,8268,6573,19945,23001,21426,19772,17293,20007,26517,26978,23721,36463,39203,14363,26365,78612,108636,76734,24004,47944,14.54,0.0090534654906765,69455,36292,33163,67.5,57.5,23.5,7.3,5.2,2.4,56,3924,353760,617545,18232,82,8,846,61,77,1117,2977,326,929,516,838,540,2316,1116,155,502,1678,544,3066,0,0,8801,4344,325,38,385,622,819,20132,2,903,5,228,2548,99,68,546,164,341,1410,3258,1516.0,1.54,0.51,0.0,0.0,0.08,2.22,0.15,0.48,0.03,0.1,0.05,0.02,0.03,0.0,51.02,35.27,2.91,0.0,0.47,0.07,3.96,0.38,0.0,0.71,0.0,3431,37046,19917,14.4,31031,44117,53073,24122,13716,11119,318,118,3,4,6,1,1,2,1,1,99,99,1,1,318,D/N,1
0,Landkreis Merzig-Wadern,10042,10,42,1733,30,269,3777,263,319,10376,3,481,4.7,27800,10934,24961,8700,2964,804,11215,1589,1655,2289,2986,1779,6775,637,3.11863,38.2065,83.0,17.8,5.0,14.8,54.9,7.5,233.89725,65.930738526,2478.4,573.6,49.9,781,103366,103243,51108,52258,2438,2394,3338,4577,2986,2036,5001,5619,5833,6056,5740,7081,9150,9437,8242,11289,12149,4066,8668,21284,36843,24843,7539,11847,11.46,0.0075556759476036,12238,15307,3069,65.1,68.9,-12.2,7.2,3.8,1.5,64,5668,187756,630651,5317,124,11,277,23,20,489,815,108,323,75,235,101,540,301,77,123,458,192,855,0,0,2729,1135,73,7,132,177,289,5730,0,200,7,77,781,24,67,216,94,103,372,941,411.0,15.19,5.17,0.56,0.28,0.14,1.69,1.45,2.18,0.62,0.55,0.29,0.49,0.28,0.02,19.62,44.28,5.36,0.0,0.0,0.0,1.28,0.34,0.01,0.21,0.0,3028,41603,19630,9.2,6427,8929,14445,8090,6057,4767,319,116,3,4,8,1,2,2,1,1,99,99,1,1,319,N,0
0,Landkreis Neunkirchen,10043,10,76,799,38,229,1762,226,320,11097,4,700,5.3,38990,23178,28607,11960,3137,671,14657,2174,2230,2763,3409,2207,8610,607,3.03539,36.1874,82.0,18.1,3.5,14.9,55.6,8.0,242.8312,60.04743674,2544.8,589.5,51.9,1055,132206,131408,64915,67291,3291,3110,4059,5258,3337,2577,6584,7328,7624,7575,6876,8260,11398,12208,10492,15244,16985,5373,10373,27081,45304,32894,10383,12564,9.5,0.0079799706518614,18943,29334,10391,71.0,76.8,-24.8,6.4,3.8,1.8,22,1208,53934,235407,6546,67,2,351,15,32,549,1078,116,316,97,317,122,613,371,98,158,600,260,1176,0,0,3465,1318,101,10,205,211,361,7190,1,263,1,80,1009,25,20,210,60,142,479,1189,556.7,7.07,1.4,0.01,0.0,0.21,0.7,0.5,0.94,0.12,0.28,0.07,0.06,0.0,0.02,39.54,41.72,4.47,0.0,0.0,0.0,2.09,0.38,0.01,0.4,0.0,3190,40151,20516,12.0,9728,17246,21407,8955,5722,4455,320,118,2,4,4,1,2,2,1,1,99,99,1,2,320,C/D,1
0,Landkreis Saarlouis,10044,10,66,1083,37,284,3004,284,321,18103,5,985,5.0,53855,30174,44800,16170,5222,1126,21112,3085,3376,4244,5275,3373,13129,634,3.08357,39.2603,83.3,18.4,5.9,14.8,53.3,7.6,234.35132,67.229699176,2453.2,676.2,73.7,1549,195201,194319,95550,99651,4934,4834,6264,7940,5203,3667,9832,10943,11509,11072,10267,12252,16605,17639,15503,22444,24293,8285,15864,40511,66547,48092,15020,19741,10.11,0.0079354101669561,28014,29634,1620,78.3,78.9,-2.5,6.0,3.7,1.5,48,2915,101990,276095,10383,129,11,605,29,44,800,1764,182,559,175,546,225,1099,665,122,278,870,370,1607,0,0,5375,2169,156,19,309,363,564,11376,3,337,9,130,1675,43,69,431,89,211,722,1888,249.8,15.06,3.64,0.34,0.01,0.04,1.09,0.95,1.49,0.44,0.3,0.16,0.29,0.0,0.0,34.44,32.23,7.21,0.0,0.0,0.01,1.89,0.02,0.0,0.4,0.0,3268,42910,21491,9.8,12911,19670,29421,15635,10518,9538,321,118,2,4,4,1,2,2,1,1,99,99,1,1,321,C/D,1
0,Saarpfalz-Kreis,10045,10,58,1177,38,231,2305,230,322,13286,2,1498,10.5,37302,22874,34576,11214,3303,723,14052,2039,2154,2823,3574,2208,10014,628,3.10415,38.4396,84.7,19.4,5.8,15.4,52.0,7.4,229.7071,67.377316557,3746.1,821.7,84.4,1161,142631,142196,69385,73246,3430,3296,4481,5770,3687,2827,7424,7777,7816,7850,7361,8856,12370,12727,11321,16576,19062,5700,11383,29284,48135,35705,11989,12977,9.1,0.0081398854386493,35872,24579,11293,73.2,67.7,17.3,7.5,4.0,1.9,42,3302,110697,402459,7924,94,7,479,17,41,576,1391,142,397,145,413,224,890,425,116,214,645,286,1201,0,1,4017,1839,162,14,205,251,424,8514,1,288,10,105,1181,32,47,213,75,187,584,1456,459.4,12.33,4.2,0.31,0.1,0.37,1.05,0.79,1.37,0.24,0.34,0.12,0.2,0.06,0.08,41.04,28.69,6.08,0.0,0.0,0.09,1.49,0.56,0.02,0.48,0.0,3494,45437,23189,9.1,12302,12367,19028,11948,8807,8285,322,119,2,4,8,1,2,2,1,1,99,99,1,1,322,N,0
0,Landkreis St. Wendel,10046,10,49,1342,31,314,4452,302,323,8294,1,248,2.8,24073,12685,21363,7484,2104,217,8630,1033,1272,1741,2241,1289,6061,656,3.14643,38.9673,84.3,20.8,3.1,15.8,52.9,7.3,229.68939,68.905629537,3107.3,649.6,52.0,618,87397,87007,43198,44199,1883,1910,2613,3514,2280,1624,4073,4689,4805,4803,4584,5751,7647,8422,7273,10358,11168,3247,6728,17137,30517,22518,6860,4678,5.35,0.0070711809329839,10120,16647,6527,68.5,74.9,-25.3,9.0,3.0,1.2,35,7261,265728,996398,4504,85,3,289,9,18,328,751,58,245,80,224,109,434,267,71,116,384,198,713,0,0,2270,976,66,5,123,153,214,4721,0,170,8,49,652,17,36,143,54,98,325,788,418.3,10.04,3.37,0.03,0.0,0.15,1.1,0.78,1.35,0.23,0.29,0.12,0.13,0.02,0.0,38.37,35.92,5.59,0.0,0.0,0.03,2.11,0.15,0.0,0.24,0.0,3102,43745,21950,7.8,7005,8407,13291,6558,4611,3945,323,117,2,4,8,1,2,2,1,1,99,99,1,2,323,N,0
1,Berlin,11000,11,98,334,69,313,1130,284,324,360031,83,20390,5.6,793176,988735,559872,211995,153462,51944,436586,84231,77886,94946,108911,59983,207267,291,3.01054,36.0289,84.9,28.0,14.7,11.0,23.5,22.8,686.4031200000001,61.392007647,0.0,833.2,65.0,40203,3644826,3669491,1792801,1852025,118606,109384,132502,151676,84805,62621,200052,288455,326159,285694,230882,228955,271426,254720,199325,328669,370895,193234,326311,964109,1276145,698465,211227,675210,18.53,0.0110301561720641,333859,187147,146712,21.7,13.9,9.1,7.9,7.1,5.9,798,146742,13502552,32871634,206168,344,29,6833,481,528,12223,28999,3806,8179,11116,10914,13970,35408,11560,991,4779,15144,5360,30030,13,2,106944,50282,2947,398,2434,4706,7425,230503,123,10644,0,3577,22100,1739,1026,3762,783,2241,13837,30852,476.1,7.31,1.35,0.0,0.0,0.22,0.78,0.44,1.13,0.14,0.21,0.11,0.04,0.05,0.0,42.21,38.51,5.58,0.0,0.01,0.05,1.35,0.0,0.0,0.51,0.0,3126,38190,20811,12.5,202077,345090,484494,343253,330279,280762,324,205,5,9,4,1,1,1,1,1,2,99,2,0,324,C/D,1
0,Brandenburg an der Havel,12051,12,83,659,54,459,2199,439,325,6774,3,901,12.5,21116,20281,13931,2861,3226,445,7229,1221,1258,1576,1764,1000,4411,432,2.91421,36.9033,82.9,21.5,10.8,12.6,43.0,12.1,352.61941,59.43596515,2276.1,584.3,65.7,594,72124,72184,35617,36507,1822,1857,2350,2654,1467,1062,2854,3792,5060,4716,3736,3954,5421,6183,5330,8197,11669,3083,5788,14032,23818,18663,6800,3795,5.26,0.0082358160945039,11988,9860,2128,40.5,35.4,7.9,15.8,4.8,2.7,46,1854,97694,235723,3119,30,0,154,8,14,244,509,74,145,53,141,81,339,164,37,112,273,69,567,0,0,1549,666,62,4,83,80,254,3584,2,156,1,59,527,51,27,81,21,77,232,580,891.1,33.06,8.67,0.0,0.0,0.01,2.67,5.63,13.56,1.3,1.15,0.74,1.88,0.5,0.07,3.7,17.76,1.38,0.0,0.11,0.05,1.7,3.36,0.04,2.64,0.0,2765,33127,18714,15.9,12463,12536,8591,3341,2014,1788,325,206,4,10,2,2,3,3,3,2,2,99,2,0,325,C*,1
0,Cottbus,12052,12,85,640,63,338,2352,313,326,10094,2,1187,11.8,24625,28799,16931,4861,4124,921,10286,1776,1774,2284,2535,1448,5636,436,3.11081,35.1087,84.2,26.6,13.2,11.8,35.9,12.4,385.74044,61.30685922,2711.0,666.3,82.4,899,100219,99678,49201,51018,2611,2585,3346,3791,2148,1718,4903,6076,7283,6388,5010,5642,7352,8481,7444,11217,14224,4276,7994,21509,32465,24937,8497,8479,8.46,0.0089703549227192,22027,13174,8853,48.0,35.4,19.5,16.1,7.2,4.3,21,1790,146108,266552,5214,19,1,219,35,14,398,829,129,214,84,289,129,706,335,60,162,447,129,861,0,0,2846,1017,103,6,149,112,403,6021,6,236,1,106,799,49,31,132,25,106,369,970,229.7,5.41,5.66,0.13,0.0,0.0,2.52,1.02,3.08,0.17,0.22,0.21,0.27,0.37,0.03,25.73,30.8,3.03,0.1,0.01,2.37,3.26,2.48,0.01,13.13,0.0,2653,36534,20815,11.6,13994,16069,16142,5388,3206,2287,326,207,2,11,3,3,3,3,3,2,2,99,2,2,326,C**,1
0,Frankfurt (Oder),12053,12,88,611,62,283,2060,272,327,5888,2,946,16.3,16012,14592,10090,3040,2712,603,6636,1017,1020,1439,1765,966,3355,441,3.17818,35.3913,83.9,25.7,6.9,13.5,42.2,11.7,371.84706,62.913769612,2208.2,597.5,77.9,442,57873,57751,28023,29850,1390,1385,1877,2341,1313,1048,2935,3042,3719,3347,3111,3294,4174,5151,4821,6613,8312,2289,4679,11858,18825,15124,4976,6023,10.41,0.0076374129559552,14167,6854,7313,47.7,31.8,23.3,17.6,4.9,3.4,19,839,59536,138641,3236,26,0,121,12,13,234,545,113,101,63,130,96,307,168,50,75,256,90,747,0,0,1542,647,56,8,65,48,222,3727,6,419,0,58,414,59,17,39,16,61,213,561,165.6,9.68,6.12,0.0,0.0,0.13,4.82,1.55,4.31,0.4,0.38,0.41,0.61,0.0,0.0,28.89,22.79,2.94,0.76,0.0,0.01,15.0,0.46,0.0,0.72,0.0,2692,34553,18583,12.7,5862,12331,8812,1811,1252,1050,327,208,2,11,3,3,3,4,3,2,2,99,2,1,327,C**,1
0,Potsdam,12054,12,89,540,65,351,2039,324,328,22968,7,1579,8.9,38194,45392,26100,10159,8910,2679,22011,4049,3750,4930,5624,2911,9215,376,3.20076,38.1219,85.2,26.4,14.3,10.2,32.8,16.4,524.9246400000001,69.306821902,410.0,807.4,79.1,1970,178089,180334,86179,91910,6052,5611,7230,8141,4353,3142,9059,12612,15028,13952,11944,11282,12432,12336,9851,15463,19601,9749,17679,44577,62572,33986,11771,14936,8.39,0.0110618847879431,49621,35557,14064,58.8,49.1,19.3,8.4,6.1,4.3,58,6086,550173,1277928,9413,39,5,294,65,28,550,1098,157,386,459,470,385,1499,641,95,305,780,274,1597,0,2,4819,2113,190,19,160,202,431,10477,16,559,0,192,1068,96,83,226,48,118,577,1649,147.9,7.39,4.81,0.0,0.0,0.24,1.41,0.94,3.48,0.24,0.57,0.47,0.34,0.02,0.03,42.48,28.74,1.75,0.0,0.0,0.25,3.5,1.11,0.04,2.17,0.0,2979,38758,20445,8.8,5487,17692,29458,18024,12225,11050,328,206,5,10,2,2,1,1,3,1,2,99,2,0,328,C*,1
0,Barnim,12060,12,66,1262,42,405,2332,390,329,17722,5,1175,6.4,47083,26576,43354,12087,6553,1325,19579,2986,3186,4482,5053,2929,12222,539,3.03761,42.8732,84.2,21.5,11.2,13.5,42.6,11.3,343.24993,73.10359693699999,232.8,595.7,35.7,1435,182760,185244,90615,92145,4700,4964,7029,8228,4506,2937,5965,7001,11060,11978,10954,12019,15954,17711,14570,20346,22838,8123,17505,31663,68626,46209,13118,7588,4.15,0.0078518275333771,17354,41346,23992,65.2,76.3,-46.7,14.1,5.2,3.9,91,6175,261933,905925,8950,173,5,407,54,38,970,1313,243,372,145,347,277,863,559,136,227,600,228,1703,0,0,4645,1874,102,9,161,183,466,10055,4,736,4,142,1244,132,83,185,48,221,509,1837,188.3,9.64,3.4,0.03,0.0,0.18,4.95,3.12,6.02,0.35,0.47,0.3,0.4,0.0,0.01,28.65,26.43,2.32,0.93,0.0,1.65,1.34,1.6,0.0,8.22,0.0,2402,42694,21008,9.5,16906,20644,18200,11396,10689,12075,329,209,4,12,3,2,2,3,3,2,2,99,2,1,329,C**,1
0,Dahme-Spreewald,12061,12,59,1658,42,470,2391,458,330,16284,4,1009,6.0,44949,22948,40776,11526,5708,1279,17251,2796,2924,3761,4310,2534,11310,554,3.06878,43.3168,82.7,18.7,11.3,13.6,45.1,11.3,346.77214,73.288590867,459.7,1511.4,51.5,1363,169067,170791,83943,85124,4568,4635,6174,7251,4182,2763,5599,6770,10174,11242,9940,11473,15010,15732,12891,18021,22642,7792,15413,29550,63166,41403,13467,7813,4.62,0.0080618926224514,31140,38291,7151,79.0,80.8,-11.4,15.5,6.1,4.7,169,10128,840874,1813163,9603,214,6,450,56,43,1036,1459,289,478,155,500,483,1128,555,150,247,596,194,1267,1,0,5184,2053,168,10,173,202,521,10620,2,320,5,154,1214,177,165,216,57,200,445,1888,1479.6,4.95,1.74,0.01,0.0,0.14,0.95,0.33,1.15,0.11,0.15,0.05,0.06,0.3,0.01,33.85,48.55,0.81,0.37,0.0,0.78,1.7,0.34,0.0,3.62,0.0,2518,43842,21400,9.4,12859,15099,21869,12592,9190,10891,330,210,5,11,2,3,2,4,3,2,2,99,2,0,330,C*,1
0,Elbe-Elster,12062,12,56,1792,37,468,2878,453,331,8993,1,465,4.5,30657,16247,26235,6041,3331,464,9290,1398,1439,1964,2510,1433,6789,577,2.94616,42.4679,81.8,17.7,14.8,13.5,47.3,6.8,200.33888,68.230595147,537.2,482.6,42.2,766,102638,101827,50832,51806,2354,2314,3132,4183,2426,1435,2684,3646,5660,5803,5286,6857,8817,10145,9194,12902,15800,3927,8011,15411,36060,29105,9313,3046,2.97,0.0074631228200081,6708,13343,6635,64.9,71.0,-20.1,18.2,5.4,3.7,60,1830,58645,238070,6192,198,9,411,26,20,688,1093,144,301,44,257,84,544,335,123,177,450,167,966,0,0,3505,1199,91,2,134,156,357,6788,2,251,14,115,1091,23,53,147,38,150,354,1240,2274.5,3.01,1.23,0.0,0.0,0.1,1.51,0.14,0.85,0.06,0.15,0.06,0.06,0.67,0.02,37.34,47.62,0.89,0.53,0.01,0.68,1.54,0.2,0.0,3.31,0.0,2215,38402,19601,9.0,11700,9028,22646,4999,2703,1302,331,211,1,11,2,3,4,4,3,2,2,99,2,0,331,C*,1
0,Havelland,12063,12,64,1506,38,481,2455,461,332,16813,1,482,3.0,41651,21148,36452,12850,5995,985,19400,2777,3108,4278,4961,3075,10753,536,2.95017,39.4943,84.3,17.8,11.6,14.5,44.2,12.0,354.0204,65.481373255,506.4,608.5,35.9,1185,161909,162996,80121,81788,4057,4508,6203,7495,4551,3145,5892,6375,9309,10092,9623,11283,15694,15377,12044,16866,19395,7081,15601,28998,61772,38564,10980,7143,4.41,0.0073189260634059,14905,35879,20974,67.1,77.6,-47.0,13.5,5.4,3.7,68,2198,121081,259953,7469,204,4,372,24,31,815,1175,196,309,131,328,228,700,493,120,215,537,192,1134,0,0,3939,1566,91,7,154,133,421,8372,3,322,5,143,1018,135,73,155,60,150,375,1491,1899.6,1.49,1.36,0.01,0.0,0.22,2.78,0.2,0.46,0.06,0.03,0.01,0.13,0.36,0.0,51.15,37.67,0.93,0.6,0.0,0.06,1.27,0.14,0.0,1.05,0.0,2227,43354,20781,10.3,15184,13763,17721,10186,9073,11650,332,206,5,11,2,2,2,4,3,2,2,99,2,0,332,C*,1
0,Märkisch-Oderland,12064,12,61,1611,54,569,2667,518,333,18066,2,666,3.4,51495,26456,48266,13087,6190,1396,19314,2891,3216,4370,4928,2918,13312,554,2.98924,43.4482,83.2,20.4,8.1,12.9,46.0,12.5,373.655,72.038496673,368.0,597.5,33.5,1439,194328,195751,96483,97845,4844,5255,7311,8522,4841,2975,5446,6654,11266,12910,11587,12716,17375,20000,16243,21386,24997,8400,18176,30929,73913,49139,15194,6123,3.15,0.007405005969289,19212,44890,25678,74.4,82.9,-50.0,14.4,5.1,3.8,101,4696,200149,767318,10074,273,4,483,46,59,1142,1450,268,334,161,431,258,967,613,155,282,657,265,1916,2,0,5404,2143,114,8,196,147,481,11284,2,783,6,167,1382,152,92,180,66,228,577,2142,1727.3,3.47,1.49,0.02,0.0,0.06,1.33,0.18,0.73,0.07,0.11,0.04,0.15,0.06,0.01,57.69,28.58,0.97,0.76,0.0,0.82,1.55,0.65,0.0,1.26,0.0,2408,42707,20999,9.8,16362,20980,23747,12603,10626,11188,333,208,3,11,3,3,2,4,3,2,2,99,2,1,333,C**,1
0,Oberhavel,12065,12,68,1265,50,497,2166,455,334,21086,4,1123,5.3,51191,30582,51264,13990,7511,1188,22650,3285,3685,4935,5949,3762,14636,539,3.10375,41.5866,83.3,21.9,10.5,12.7,43.9,11.0,341.4125,71.679322215,139.8,837.2,51.0,1641,211249,212914,104111,107138,5332,5859,7907,9803,5879,3783,7339,7970,12275,13582,12594,14673,20020,20033,15926,22220,26054,9232,19978,37125,80715,50607,15257,8306,3.93,0.0077680841092738,19532,47233,27701,67.4,78.2,-48.8,12.7,5.2,4.0,106,3878,227295,496843,9729,192,6,475,46,35,1117,1566,234,414,173,423,279,999,659,155,256,696,202,1513,0,1,5363,2042,118,8,207,209,507,10895,6,354,6,156,1375,145,75,233,55,215,579,2120,2158.7,4.17,1.57,0.01,0.0,0.21,1.15,0.28,0.79,0.08,0.07,0.04,0.07,0.24,0.0,60.73,25.19,1.23,0.14,0.02,0.34,1.62,0.63,0.0,1.4,0.0,2591,44212,21891,9.6,17391,18168,26338,14737,11976,15967,334,212,5,11,2,3,2,4,3,2,2,99,2,0,334,C*,1
0,Oberspreewald-Lausitz,12066,12,69,1272,37,406,2688,392,335,9037,1,513,4.6,32930,21833,25316,5673,4487,593,10634,1592,1676,2332,2700,1518,6922,548,3.03337,36.584,82.6,21.0,12.5,13.1,46.7,6.8,206.26916,61.109026316000005,528.6,576.4,60.8,768,110476,109371,54307,56169,2599,2579,3508,4220,2415,1604,3155,4159,6395,6430,5805,7053,9221,10509,9196,13886,17742,4238,8622,17129,38143,30911,10328,3884,3.52,0.0069517361236829,14698,16452,1754,67.5,68.5,-3.1,17.6,6.6,3.9,96,4384,272848,765615,5487,106,6,344,32,28,527,907,122,345,57,209,88,542,302,122,156,432,141,872,0,0,2960,1041,100,6,119,149,388,6045,1,240,14,120,972,32,100,174,32,153,332,1083,1808.2,4.54,1.32,0.01,0.0,0.09,1.11,0.22,0.73,0.07,0.14,0.05,0.09,0.02,0.01,42.0,43.17,0.91,0.24,0.14,0.59,1.81,0.37,0.0,2.39,0.0,2490,38429,20141,9.5,12977,12278,22253,4920,3382,2080,335,207,1,11,2,3,3,4,3,2,2,99,2,0,335,C*,1
0,Oder-Spree,12067,12,59,1740,39,509,2784,474,336,17557,7,1375,7.7,57336,31977,44227,9346,6042,1110,16424,2608,2655,3630,4167,2525,11827,557,3.07975,40.1737,83.2,20.5,14.3,12.5,43.2,9.6,295.656,68.626107028,1135.6,590.5,44.4,1431,178658,178803,87681,90977,4522,4456,6255,7410,4445,2778,5385,6243,10144,10889,9899,11255,15516,17200,15083,21397,25781,7515,15555,28289,63809,48239,15396,7487,4.19,0.008009716889252,16730,30960,14230,64.6,71.0,-24.1,17.2,4.7,3.3,131,9090,437844,1332397,9517,212,7,457,54,47,950,1414,283,450,129,386,215,819,531,175,289,698,288,1821,0,0,5016,1940,134,9,233,180,511,10738,6,835,10,170,1266,128,110,246,63,204,537,1868,1223.1,2.54,1.79,0.02,0.0,0.43,2.41,0.17,1.46,0.1,0.22,0.12,0.17,0.25,0.0,33.16,43.58,3.38,0.21,0.0,0.33,3.84,0.09,0.0,5.76,0.0,2532,40350,20991,9.5,19048,19615,26742,12000,8332,7175,336,208,2,11,3,3,3,4,3,2,2,99,2,1,336,C**,1
0,Ostprignitz-Ruppin,12068,12,54,2604,36,365,3391,361,337,9405,2,1144,11.5,29792,19417,24544,4853,3372,489,8673,1312,1428,1890,2282,1316,6609,532,3.10186,37.1116,85.1,20.7,19.8,12.6,41.5,5.4,167.50044,65.308569618,824.3,587.5,46.8,704,99078,98861,49331,49747,2389,2478,3330,4039,2391,1645,3033,3837,5950,5996,5236,6174,8534,9915,8997,11717,13417,4008,8332,16463,35118,26968,7972,3552,3.59,0.0071055128282767,7470,10709,3239,53.6,57.4,-8.4,19.7,5.5,3.0,124,6621,332376,1083625,6036,275,3,321,41,30,587,913,111,347,56,212,134,741,333,125,152,458,135,903,1,0,3120,1172,79,5,132,149,304,6429,2,226,5,97,827,91,118,153,84,130,306,1128,2256.8,3.29,1.59,0.01,0.0,0.05,1.07,0.29,0.92,0.07,0.12,0.04,0.1,0.03,0.01,36.54,50.33,0.48,0.22,0.12,0.37,1.2,0.56,0.0,2.61,0.0,2310,36733,19529,12.5,12513,14425,13616,5542,3889,2665,337,213,3,11,2,3,4,4,3,2,2,99,2,0,337,C*,1
0,Potsdam-Mittelmark,12069,12,62,1599,42,554,2975,545,338,21150,5,702,3.3,49820,22191,44756,20502,7914,1785,28079,3827,4264,6167,7513,4398,13093,548,3.1093,41.8244,86.1,19.1,11.3,12.4,44.7,12.5,388.6625,74.645604372,423.7,703.8,39.9,1583,214664,216566,106258,108406,5400,5922,8563,10787,6251,3951,6660,7180,11591,13466,13362,15377,20363,20840,16858,22659,25434,9383,21670,35604,83103,51963,14843,9006,4.2,0.0073743152088845,30497,55461,24964,74.3,81.6,-39.2,14.8,6.0,4.2,142,7625,448660,1311098,11917,338,12,597,50,61,1355,1721,256,494,254,495,446,1365,780,179,309,759,276,1788,1,0,6486,2473,136,7,197,224,456,13122,1,441,13,228,1497,163,117,267,106,247,596,2195,2526.6,1.9,1.11,0.0,0.0,0.04,0.88,0.14,0.57,0.06,0.09,0.03,0.05,0.08,0.0,54.49,34.13,1.09,1.84,0.01,0.38,0.77,0.08,0.0,2.27,0.0,2479,51347,23349,7.6,8034,16268,27052,14074,12266,19891,338,206,4,10,2,2,2,3,3,2,2,99,2,0,338,C*,1
0,Prignitz,12070,12,59,2229,36,416,2960,410,339,6261,1,362,4.7,27396,21115,20035,2865,1516,119,4328,627,678,909,1114,738,4755,539,3.02864,37.5878,83.3,19.3,10.3,13.8,49.9,6.8,205.94752,63.219099237,410.1,554.4,44.4,500,76508,76158,37977,38531,1716,1742,2338,2923,1742,1235,2358,2946,4431,4106,3572,4658,6536,7880,6832,9571,11922,2916,5866,12422,26281,21588,7085,3157,4.13,0.0065352642860877,5475,7602,2127,58.5,61.7,-8.4,17.6,9.1,2.9,79,2687,126828,275513,4519,239,4,253,38,32,468,737,97,256,32,221,83,393,231,75,112,353,93,661,0,0,2492,903,73,6,89,126,268,5012,1,145,4,95,709,73,65,132,23,87,265,890,2592.1,2.74,1.42,0.0,0.0,0.1,1.86,0.26,0.77,0.12,0.19,0.05,0.09,0.06,0.0,44.98,42.27,1.18,0.69,0.0,0.7,0.56,0.47,0.0,1.5,0.0,2239,33332,19904,11.5,17359,9295,12512,3234,2014,1270,339,214,2,11,2,3,4,4,3,2,2,99,2,0,339,C*,1
0,Spree-Neiße,12071,12,53,1900,37,406,3254,402,340,9073,3,499,4.4,33689,20312,27760,6364,4140,562,10137,1439,1644,2217,2718,1448,7142,580,3.00417,39.032,82.1,17.8,9.8,15.4,49.2,7.8,234.32526,64.179629856,1229.6,573.3,59.6,794,114429,113720,56269,58160,2532,2676,3650,4591,2598,1675,2733,3599,5826,6461,5785,7430,10197,12097,10763,14684,17132,4292,9284,15920,40956,33381,9887,3806,3.33,0.0069388004788995,14144,21624,7480,61.9,68.6,-21.3,14.4,6.7,3.8,114,4713,273165,789362,6192,163,6,409,26,34,770,1009,158,400,64,275,105,469,334,140,165,423,164,897,0,0,3543,1150,83,2,140,164,318,6882,0,256,17,123,1015,29,100,191,34,169,347,1333,2138.6,2.07,1.05,0.0,0.0,0.08,1.02,0.09,0.41,0.07,0.07,0.02,0.07,0.06,0.0,67.39,24.57,0.6,0.32,0.0,0.19,0.87,0.7,0.0,0.37,0.0,2532,40511,20936,9.5,11590,13666,20835,6005,4137,2886,340,207,2,11,3,3,4,3,3,2,2,99,2,1,340,C**,1
0,Teltow-Fläming,12072,12,62,1567,39,416,2295,411,341,15752,2,503,3.0,42013,24301,36158,13206,6538,1135,20037,3182,3233,4317,4960,2995,10692,547,3.03878,41.2444,84.0,19.0,9.4,13.1,48.1,10.5,319.0719,70.186288386,800.1,935.6,56.8,1521,168296,169997,83842,84454,4669,4649,6189,7526,4449,2884,6080,7116,11027,11331,9943,11354,15279,15641,12344,17260,20555,7911,15690,31536,63541,39370,11949,8836,5.25,0.0090376479536055,30234,37250,7016,71.6,75.0,-13.1,13.5,4.7,3.6,96,4422,260118,576450,10075,211,3,497,81,47,1122,1511,315,376,165,519,728,1264,588,124,229,523,202,1312,0,0,5548,2253,145,10,160,166,470,11026,1,316,11,136,1217,126,103,203,55,203,403,1662,1657.0,2.01,2.13,0.0,0.0,2.49,3.14,0.11,0.82,0.09,0.12,0.04,0.16,0.18,0.0,33.63,46.46,1.74,1.18,0.02,0.19,3.37,0.13,0.0,1.98,0.0,2441,42346,20501,10.5,13126,19908,20896,10451,8208,8857,341,210,5,10,2,3,2,4,3,2,2,99,2,0,341,C*,1
0,Uckermark,12073,12,60,2034,34,437,3468,433,342,11371,5,731,6.1,40290,25822,27436,5654,4451,785,11038,1571,1764,2354,2978,1732,6989,531,3.04443,38.902,84.0,22.4,13.0,13.6,41.7,9.3,283.13199,66.323272882,704.2,550.8,45.6,846,119552,118947,58670,60882,2674,2893,3867,4947,2909,1765,3501,4420,6516,6655,6085,7238,10170,12136,10827,15132,17817,4498,9841,18718,41226,34151,10513,5047,4.22,0.0070764186295503,6230,10300,4070,50.2,54.4,-9.7,20.2,6.1,4.4,142,6569,339803,1012548,6595,270,7,306,147,30,518,970,152,338,82,256,98,478,345,132,168,521,198,1415,1,0,3381,1288,83,2,121,135,329,7449,3,762,5,137,899,95,115,149,40,160,361,1188,2104.2,2.11,1.62,0.01,0.0,0.05,1.96,0.64,0.67,0.07,0.14,0.03,0.1,0.32,0.0,45.64,40.49,1.83,2.43,0.0,0.39,0.52,0.01,0.0,0.96,0.0,2334,35578,19090,10.4,15514,17510,18871,6262,3839,2126,342,215,2,12,3,3,4,4,3,2,2,99,2,1,342,C**,1
0,"Rostock, Hansestadt",13003,13,95,387,67,347,1437,274,343,19223,6,1514,7.2,41938,60888,35530,11279,7195,2615,24115,4411,4159,5156,5916,3297,12638,368,3.04644,32.6395,85.9,27.6,15.0,11.6,31.5,14.3,435.64092,56.942696752,656.7,675.5,74.6,2042,208886,209191,102911,105975,5727,5383,6577,7457,4279,4246,13615,16064,17657,14325,10879,10893,13899,14876,13184,21049,28776,9235,15928,55404,64828,46670,17126,12982,6.21,0.0097756671102898,34543,23031,11512,37.7,29.3,11.9,13.5,8.8,4.3,113,14958,818282,2139097,9091,26,3,344,45,30,526,1254,214,457,196,464,402,1175,566,117,251,894,241,1593,0,1,4601,1963,196,21,188,200,584,10338,5,708,0,195,1221,136,103,234,45,162,757,1487,3077.0,1.87,1.24,0.02,0.0,0.06,0.91,0.09,0.51,0.06,0.06,0.03,0.06,0.0,0.01,60.39,25.02,1.38,0.42,0.16,1.1,2.49,0.33,0.0,3.77,0.0,2763,33335,18902,10.8,21192,43271,28659,12713,7361,5235,343,216,4,11,2,2,2,1,3,1,99,99,2,0,343,C*,1
0,"Schwerin, Landeshauptstadt",13004,13,92,450,66,376,1612,331,344,10551,2,1420,14.8,27265,27209,17656,4324,3912,931,10887,1852,1863,2358,2790,1633,6012,398,3.16456,35.376999999999995,84.1,27.5,12.6,12.8,33.0,14.1,446.20296,62.768113,2407.6,640.1,88.3,909,95818,95653,46054,49764,2689,2692,3373,3992,2370,1839,4403,5338,6784,6256,5207,5445,6697,7348,6900,10792,13693,4464,8305,20319,30745,23577,8243,8936,9.33,0.0094867352689473,25668,10561,15107,51.4,30.0,30.5,15.8,5.4,2.5,47,2748,209079,362429,5199,11,1,205,39,17,382,758,120,209,105,272,175,706,255,73,152,477,126,943,0,0,2650,1096,107,13,119,115,399,6035,6,359,0,109,720,51,46,125,27,113,361,962,181.4,8.73,7.98,0.02,0.0,0.0,4.22,2.55,8.22,0.42,0.95,1.11,0.51,0.02,1.66,19.4,28.23,2.9,0.05,2.09,1.77,1.83,0.13,0.84,0.44,5.96,2795,34893,19676,13.5,12012,17440,13092,5605,3034,2839,344,217,3,11,2,3,3,3,3,2,99,99,2,0,344,C*,1
0,Mecklenburgische Seenplatte,13071,13,64,2002,31,665,3968,651,345,25066,5,1646,6.4,72485,50511,60220,14365,8809,1819,25002,3612,4041,5454,6687,3889,15420,517,3.08703,39.0944,84.2,22.9,12.2,13.3,43.5,8.1,250.04943,67.744842068,1688.9,549.5,52.2,1914,259130,258074,127108,132022,6048,6558,8893,10975,6530,4145,7877,10446,15533,15468,13927,15416,21427,25707,23522,31321,35337,10211,22258,43430,90073,70766,21336,8244,3.18,0.0073862540037818,13066,16753,3687,56.2,57.5,-4.3,15.7,7.1,3.4,408,44850,1050403,3639281,14413,589,17,669,125,50,1237,2184,368,840,141,764,309,1264,841,282,421,1205,286,2362,1,0,7610,2935,240,11,305,337,880,16063,5,752,10,360,2044,313,269,402,256,308,949,2671,130.5,6.47,5.6,0.0,0.0,0.0,4.87,1.51,5.2,0.45,0.9,0.51,0.14,0.0,0.02,19.31,19.57,1.92,4.35,0.07,1.17,0.07,0.08,0.0,27.79,0.0,2325,37258,19580,10.4,28740,42844,35929,13036,9459,6082,345,218,2,12,2,3,4,4,3,2,99,99,2,0,345,C*,1
0,Landkreis Rostock,13072,13,51,2173,37,821,2858,777,346,19923,5,785,3.6,54761,31223,47084,16921,7643,1580,23801,3447,3892,5291,6031,3398,12018,535,3.13093,38.7256,84.9,26.7,13.0,13.6,40.1,6.6,206.64138,68.62588282899999,1222.6,571.0,39.6,1698,215113,215794,107111,108002,5527,6029,8139,9804,5592,3296,5744,7751,13041,14001,12282,13674,18991,21610,18468,24905,26259,9570,20342,34772,79734,55987,15389,6764,3.14,0.0078935257283381,21737,36615,14878,71.0,76.0,-22.2,14.7,7.6,3.3,359,35919,1151835,5022830,11683,411,6,571,254,39,1169,1782,247,669,122,548,351,1236,675,235,297,799,224,1715,4,0,6266,2501,160,10,236,259,691,12922,2,502,8,283,1662,219,290,265,143,279,649,2322,5495.6,0.44,1.07,0.0,0.0,0.11,2.0,0.15,0.78,0.06,0.05,0.04,0.02,0.07,0.0,58.22,26.22,0.62,0.13,0.39,1.75,0.11,0.09,0.0,7.67,0.0,2239,43022,20888,9.9,16794,23603,28905,14424,11793,8879,346,216,3,11,2,2,4,4,3,2,99,99,2,0,346,C*,1
0,Vorpommern-Rügen,13073,13,68,1535,33,589,3246,558,347,20049,5,1135,5.1,59549,49410,52727,11843,6525,1593,19298,2799,3120,4421,5061,2916,13145,498,3.10984,37.935,83.7,22.7,13.8,12.8,44.0,6.8,211.46912000000003,65.828253463,1562.2,531.6,46.4,1571,224684,224702,110477,114207,5097,5465,7772,9254,5218,3491,7257,9276,13551,13861,12129,13434,18846,22096,19520,27087,31330,8587,18929,38091,79407,60983,18705,9376,4.17,0.0069920421569849,8968,18169,9201,57.4,62.1,-13.4,15.4,8.4,4.7,925,91770,2229504,10024917,12868,377,6,509,118,53,1069,1788,276,1406,121,556,400,1044,838,251,346,918,304,2064,0,0,6912,2575,157,9,261,417,757,14211,6,607,7,289,1928,272,635,533,128,277,799,2417,3431.3,0.48,1.2,0.0,0.0,0.12,2.94,0.19,0.77,0.05,0.11,0.06,0.03,0.26,0.0,71.03,18.12,0.65,0.12,0.31,1.12,0.1,0.09,0.0,2.23,0.01,2194,36435,19806,10.9,23106,35590,32375,15034,9661,6338,347,219,3,12,2,3,4,4,3,2,99,99,2,1,347,C*,1
0,Nordwestmecklenburg,13074,13,57,1786,35,694,3402,659,348,14720,2,593,3.8,40664,29028,36254,10040,5045,936,15566,2268,2474,3419,3947,2441,9264,535,3.05583,38.4827,84.4,22.6,10.0,14.7,45.7,7.0,213.9081,66.167680823,1590.4,595.5,42.6,1276,156729,157322,77899,78830,3948,4144,5721,6833,4128,2627,5447,6833,10147,10377,8882,10232,13385,14339,12844,17828,19014,6854,13976,28640,56890,39462,11500,5364,3.42,0.0081414415966413,10357,25550,15193,63.8,71.3,-32.0,15.2,4.6,2.2,195,21080,643147,2335845,7985,257,6,374,61,27,848,1081,225,447,87,348,234,893,422,161,233,574,165,1290,1,0,4136,1644,141,8,155,220,415,8727,2,375,3,206,1044,102,176,195,89,170,460,1444,3215.0,0.58,1.18,0.0,0.0,0.05,3.19,0.17,0.95,0.07,0.1,0.08,0.03,0.06,0.05,68.0,18.73,0.86,0.21,0.4,2.39,0.45,0.07,0.01,0.73,1.65,2495,38369,19899,10.5,17623,21070,20182,9073,7553,5766,348,217,3,11,2,3,3,3,3,2,5,99,2,0,348,C*,1
0,Vorpommern-Greifswald,13075,13,67,1629,35,890,3008,824,349,21713,8,2233,9.4,67473,46903,57371,11746,7637,1697,20354,3164,3300,4475,5267,3040,14026,493,3.08356,35.2295,83.5,23.1,21.0,11.8,38.1,6.0,185.0136,60.471967541000005,2088.8,480.9,46.3,1849,236697,235623,115881,120816,5733,5867,8063,9719,5571,3978,9631,11858,15315,14332,12363,13633,18379,22482,20451,27775,31547,9552,19810,45094,79757,62252,19158,10329,4.36,0.0078116748416752,13241,17280,4039,58.8,59.7,-3.3,14.4,8.4,4.9,563,53093,1392886,6228820,12235,360,10,507,82,50,1042,1799,264,917,105,580,319,1081,750,311,382,1085,279,1942,1,0,6438,2375,145,14,258,344,781,13621,6,598,10,318,1755,332,413,389,150,287,801,2214,2127.1,0.6,1.31,0.0,0.0,0.34,3.32,0.12,0.76,0.05,0.13,0.08,0.02,0.01,0.04,73.27,14.02,0.72,0.05,0.53,1.03,0.11,0.01,0.01,3.43,0.03,2244,35525,18823,9.7,26198,36875,37329,12181,7503,5248,349,220,2,12,3,3,4,4,3,2,99,99,2,1,349,C**,1
0,Ludwigslust-Parchim,13076,13,51,2504,31,1039,3580,983,350,19057,6,960,4.5,60603,31814,52258,13467,7125,1380,20062,2951,3261,4434,5094,3067,13471,563,2.99846,42.5683,82.4,22.1,10.9,12.9,46.9,7.2,215.88912,70.11654675300001,1379.6,606.8,40.6,1773,212618,211779,106198,106420,5359,5604,7471,8972,5450,3270,6373,8667,13034,13297,11912,13895,18628,21410,18883,24473,25920,9018,18543,35734,77768,55489,15227,10692,5.03,0.0083388988702743,13268,35736,22468,67.8,75.2,-35.4,22.4,6.9,2.7,185,14246,379063,1131080,11701,503,10,653,124,47,1348,1797,393,527,121,518,216,988,642,288,288,766,276,1823,0,0,6158,2436,176,5,224,243,616,12919,3,588,10,301,1635,233,183,300,155,274,665,2383,3945.6,0.53,1.1,0.0,0.0,0.08,2.74,0.19,0.72,0.07,0.06,0.06,0.02,0.15,0.02,61.62,22.73,0.5,0.56,1.4,1.7,0.17,0.22,0.01,1.33,4.01,2295,41601,20756,10.1,17954,25173,34374,12813,9423,6286,350,217,2,11,2,3,3,4,3,2,5,99,2,0,350,C*,1
0,Chemnitz,14511,14,87,542,62,277,1358,254,351,20394,3,2353,9.5,60846,78577,40648,10768,10708,2032,25676,4716,4485,5499,6084,3707,13692,442,3.05588,34.6443,83.8,24.0,8.3,14.1,42.9,10.6,323.92328,59.14538272,630.4,632.5,88.1,2320,247237,246334,122248,124989,6989,6575,8357,9639,5540,4246,11476,15610,17916,15908,12979,13961,16400,17056,15944,31372,37269,11427,20414,53655,76096,62793,21949,20512,8.3,0.0093837087490949,51919,27847,24072,45.2,30.4,21.3,11.0,5.3,3.4,44,3506,267116,520996,13240,51,7,772,32,49,981,2091,254,409,285,625,455,1745,820,78,342,1033,350,2469,1,0,6562,2994,286,24,328,226,817,15218,8,1052,5,318,1857,97,52,323,64,280,953,2357,4766.8,0.33,1.08,0.0,0.0,0.16,2.58,0.09,0.51,0.05,0.09,0.04,0.02,0.11,0.0,61.61,28.84,0.26,0.56,0.18,0.78,0.06,0.2,0.0,2.44,0.0,2633,35155,20559,11.6,33798,45283,44663,9535,6149,5120,351,221,4,9,2,1,1,1,2,1,7,99,2,2,351,C*,1
0,Erzgebirgskreis,14521,14,70,1004,38,488,2349,468,352,30874,6,2061,6.1,95236,71427,66065,19001,16625,2038,36633,5378,5908,8173,9804,5310,19294,550,3.11233,37.7779,84.2,21.0,4.9,14.8,52.9,6.4,199.18912,66.000052966,619.5,495.0,51.1,2540,337696,334948,165218,172478,8044,8568,11783,14806,8426,5228,9563,11789,18076,20117,18792,21484,25016,28273,28404,49111,50216,13454,29456,51850,111700,97914,30574,6612,1.96,0.0075215578508481,18775,35793,17018,66.9,71.6,-16.5,7.6,3.8,2.3,274,12761,611082,1889450,20095,276,20,1865,53,79,2247,3576,545,983,205,779,337,1496,1205,378,508,1370,421,3203,0,0,11363,4021,297,12,488,435,1009,22278,4,891,61,392,3459,100,296,666,212,399,1239,3842,1827.9,5.28,1.79,0.03,0.0,0.08,3.34,0.2,1.19,0.08,0.1,0.07,0.08,0.05,0.0,38.04,47.75,0.7,0.02,0.01,0.09,0.36,0.12,0.0,0.6,0.0,2191,40173,20848,8.2,30186,35707,72999,18997,10729,6558,352,222,1,10,2,1,3,2,2,1,99,99,2,1,352,C*,1
0,Mittelsachsen,14522,14,59,1406,36,523,3097,499,353,28056,7,1327,4.3,77378,60111,61404,17925,14274,2263,31435,4651,5111,7095,8288,4594,16930,534,3.11458,36.6801,84.2,23.3,8.3,13.5,46.7,8.1,252.28098,64.128463422,459.4,571.2,60.3,2289,306185,304099,152310,153875,7462,7862,10708,12708,7552,4768,9956,12671,17671,18163,16685,19423,24257,26205,24257,39454,46383,12498,26343,51167,103044,83068,27979,10312,3.37,0.0074758724300667,27688,40014,12326,67.1,70.3,-10.8,10.8,4.4,3.1,160,6074,292258,648680,17053,434,17,1336,194,96,1880,2812,459,690,175,683,323,1352,1130,282,445,1214,373,2708,2,0,9335,3589,339,14,427,311,931,19022,4,750,52,364,2742,74,184,535,148,369,1080,3356,2116.9,4.44,2.03,0.0,0.0,0.21,3.78,0.18,0.97,0.08,0.18,0.06,0.11,0.0,0.0,68.13,18.09,0.63,0.01,0.0,0.01,0.33,0.35,0.0,0.42,0.0,2243,41048,20986,9.4,27049,35475,60629,15444,10694,7183,353,223,1,10,2,2,2,3,2,2,99,99,2,1,353,C*,1
0,Vogtlandkreis,14523,14,67,1189,39,746,1963,654,354,19593,7,1718,7.5,66882,51068,51230,11642,8411,1072,20716,3075,3304,4553,5538,3141,13747,544,3.13967,39.8562,82.9,22.2,3.8,14.3,52.9,6.9,216.63723,69.158117674,956.0,532.7,57.6,1647,227796,225997,111055,116741,5238,5394,7332,9195,5441,3541,6796,8483,12406,12974,12012,14677,17977,19626,18444,31433,36827,8712,18327,35778,75937,65559,21684,8121,3.57,0.0072301532950534,14067,21095,7028,60.7,64.7,-9.7,10.9,5.4,3.0,152,8162,348893,1443185,14288,232,11,1106,32,57,1562,2361,343,636,153,521,303,1325,1085,229,366,1049,302,2208,0,0,7760,2711,226,12,361,303,826,15856,6,603,39,265,2380,70,183,404,103,325,934,2732,1412.4,5.08,1.96,0.0,0.01,0.07,3.16,0.18,1.39,0.1,0.19,0.1,0.14,0.02,0.0,43.61,42.04,0.65,0.14,0.02,0.0,0.26,0.04,0.0,0.85,0.0,2241,38323,20784,10.5,30696,22992,48876,9519,6572,4829,354,224,2,10,2,2,3,3,2,2,99,99,2,1,354,C*,1
0,Zwickau,14524,14,71,876,43,421,2411,412,355,28415,6,2008,6.3,91390,72152,64509,15966,14719,1646,33066,5073,5481,7231,8526,4943,19111,532,3.16215,35.8221,84.8,28.1,5.6,13.6,45.7,7.1,224.51265,64.03805052,506.8,578.0,71.8,2428,317531,315002,154978,162553,7628,7957,10444,12834,7746,5096,10300,12650,17979,18443,16546,20335,25214,26986,24680,42712,49981,12662,26077,52540,105694,88468,29561,10603,3.34,0.0076464975073299,32519,34582,2063,64.4,65.2,-2.1,8.5,3.9,2.5,86,4627,249467,514743,17323,208,15,1294,41,58,1852,2865,441,621,222,771,419,1460,1178,205,455,1339,368,2981,1,0,9455,3600,309,17,450,331,1085,19645,9,770,28,334,3017,99,117,454,102,349,1222,3603,949.8,8.75,3.64,0.05,0.0,0.2,4.21,0.33,2.21,0.16,0.59,0.17,0.23,0.08,0.0,57.96,19.31,0.7,0.1,0.0,0.0,0.55,0.2,0.0,0.56,0.0,2484,40108,21494,10.0,32419,38119,65128,15805,10633,8009,355,225,2,10,2,1,2,2,2,1,7,99,2,2,355,C*,1
2,Dresden,14612,14,93,439,68,305,1547,264,356,54415,6,3862,7.0,97902,148998,86105,30604,25390,7093,65608,12482,11982,14881,16269,8237,30716,356,3.15318,35.052,86.8,25.8,14.6,12.2,32.1,15.4,485.58972,63.957286888,0.0,754.4,81.9,6095,554649,556780,276729,277920,18374,17616,21577,23246,12310,11137,34843,43499,47825,41380,33418,31667,34620,33628,28311,51185,70013,29658,51935,148323,175921,109387,41556,41971,7.57,0.0109889317388113,96812,56466,40346,36.3,25.1,15.0,10.7,6.2,4.0,184,23024,2247007,4604408,27973,126,12,1350,107,95,1791,3946,471,1135,915,1305,1181,4304,1552,163,737,2077,702,5066,4,0,13742,6767,535,49,502,520,1460,31463,25,1643,7,582,3346,237,222,792,172,417,1934,4518,328.5,18.35,6.92,0.02,0.0,0.13,5.59,2.24,5.46,0.51,1.08,0.6,0.75,0.69,0.09,28.13,24.3,1.58,0.0,0.0,0.0,1.75,1.22,0.04,0.55,0.0,2987,36642,19950,9.4,60046,87566,62994,39471,29437,22394,356,226,4,9,2,1,1,1,1,1,99,99,2,2,356,C*,1
0,Bautzen,14625,14,60,1295,37,498,3014,491,357,28950,7,1702,5.7,74326,50321,61191,20914,12799,2580,33735,4966,5549,7400,8788,4786,16612,552,3.10874,40.0213,85.2,22.8,7.6,14.0,47.5,8.1,251.80794,70.66818358,558.3,582.9,61.0,2388,300880,299758,148502,152378,7705,8228,11069,13347,7698,4634,7785,10448,16770,18250,17108,19264,24140,27379,24739,36448,45868,12995,27522,46285,104593,80743,27620,6249,2.08,0.007936718957724,29256,35824,6568,70.2,72.3,-7.2,11.6,5.1,3.1,161,5460,276778,749466,15908,324,24,1236,48,78,1750,2656,411,743,167,633,326,1432,881,274,454,1172,354,2526,3,0,8676,3441,300,5,350,343,949,17737,11,717,48,373,2435,83,135,508,163,393,1010,3169,2395.6,4.33,1.93,0.01,0.0,0.28,2.17,0.2,0.86,0.07,0.18,0.06,0.1,0.15,0.0,44.34,36.82,1.46,0.89,0.0,0.4,1.11,0.04,0.0,4.6,0.0,2283,42461,20891,8.2,19288,37830,53805,17869,11486,7447,357,227,1,11,2,2,3,3,3,2,99,99,2,1,357,C*,1
0,Görlitz,14626,14,65,1181,37,550,2634,532,358,23130,6,1819,7.1,73794,51997,58609,13608,9277,1396,23219,3254,3732,5052,6436,3364,14089,513,2.97751,39.6761,82.3,21.5,11.4,13.4,47.3,6.4,190.56064,64.817276835,921.8,478.5,55.0,1805,254894,252725,124905,129989,5962,6423,8618,10876,6167,3983,7954,8968,13662,14072,13218,15425,20195,23061,21014,33603,41693,9935,21846,39452,84118,72502,24872,11415,4.48,0.0070813750029424,12784,18313,5529,61.0,64.4,-9.5,14.4,6.7,4.4,212,9250,440782,1144285,13919,269,15,956,48,55,1380,2335,356,698,113,576,314,1075,798,296,388,1142,359,2385,1,0,7632,2829,196,8,293,326,798,15496,4,698,40,325,2099,102,181,488,124,275,943,2777,2111.4,4.11,1.78,0.09,0.0,1.32,2.74,0.24,1.07,0.09,0.19,0.06,0.12,0.09,0.0,43.93,35.41,1.62,1.85,0.0,0.25,1.95,0.11,0.0,2.98,0.0,2183,36947,19627,8.9,32305,32705,50149,9986,6156,4034,358,228,2,11,3,3,3,4,3,2,99,99,2,1,358,C**,1
0,Meißen,14627,14,66,1277,41,430,2537,409,359,23931,6,1203,5.0,59498,47216,50879,13416,11014,1640,25716,3772,4288,5750,6610,3942,14657,519,3.04197,39.4384,83.3,19.9,12.0,13.0,47.4,7.6,231.18972,66.62357859800001,666.6,622.4,61.4,1901,242165,241717,119304,122861,6001,6560,8999,10901,6358,3798,6471,8387,13626,15063,14008,15803,19710,21285,18786,28988,37421,10303,22306,37965,84906,63925,22312,7462,3.08,0.0078500196147254,29665,35932,6267,69.1,71.2,-7.4,10.1,4.6,3.1,138,5837,346604,756743,13077,345,16,944,79,59,1310,2144,370,607,161,481,321,1279,702,211,329,960,295,2026,2,0,7067,2933,227,15,286,265,715,14666,5,482,19,279,1948,71,150,407,82,274,804,2525,1454.6,4.4,2.42,0.02,0.0,0.19,3.23,0.24,1.22,0.07,0.23,0.08,0.17,0.19,0.02,67.68,15.93,1.06,0.55,0.0,0.11,0.59,0.53,0.01,1.05,0.0,2418,42203,21718,9.1,19586,32089,36651,14917,11147,10174,359,229,2,11,2,2,3,3,1,2,99,99,2,0,359,C*,1
0,Sächsische Schweiz-Osterzgebirge,14628,14,58,1305,42,407,2406,382,360,23207,6,1277,5.2,51414,46662,48361,15355,11465,1998,27407,4097,4489,6130,7314,3936,13775,525,3.20028,39.0068,85.9,24.5,7.2,15.1,43.9,9.2,294.42576,71.487515837,626.6,536.1,49.3,2048,245611,245586,121219,124392,6557,6897,9410,11345,6438,3924,6776,8773,14311,14980,14586,16025,19433,20665,18097,30281,37113,11047,23410,39650,85059,64330,22090,6671,2.72,0.0083383887529467,24445,42920,18475,66.0,72.6,-24.5,7.4,4.4,2.9,338,16501,751778,2790744,13573,253,9,994,31,50,1526,2092,338,877,132,543,306,1299,720,220,359,987,272,2199,1,0,7287,2974,183,7,295,302,659,15017,3,592,29,297,1961,78,229,458,125,321,786,2597,1654.2,4.26,1.41,0.03,0.0,0.13,2.92,0.2,1.24,0.05,0.2,0.07,0.1,0.03,0.0,49.09,38.58,0.56,0.0,0.01,0.0,0.4,0.3,0.0,0.41,0.0,2298,42188,21289,8.4,18290,30660,42391,14424,9704,8415,360,226,2,10,2,1,2,3,1,2,99,99,2,1,360,C*,1
2,"Leipzig, Stadt",14713,14,96,376,69,329,1040,264,361,52439,6,3975,6.8,116051,172942,88960,33021,24594,6993,67165,13390,12408,14428,15811,8014,32753,343,3.14197,37.02,85.3,25.1,15.3,11.5,32.4,15.8,496.43126,66.144878119,996.9,635.5,79.8,6756,587857,593145,288553,299304,19734,18259,21148,22733,11946,11412,39257,51137,56833,46517,34789,32934,36235,34934,29778,51591,68620,31764,50974,171004,188265,110384,40754,54639,9.29,0.0114925908851982,97724,65824,31900,37.1,27.2,13.6,12.8,7.5,4.8,133,17686,1836797,3376257,29535,97,13,1180,83,77,2030,3899,553,1008,972,1308,1660,4534,1746,132,739,2222,888,5229,4,2,14121,7172,455,42,466,555,1515,33817,23,2616,2,416,3547,227,147,516,111,447,2290,5088,297.8,17.71,9.61,0.0,0.0,0.11,6.25,2.08,10.23,0.63,1.77,1.05,1.74,0.0,0.01,31.62,8.59,2.51,0.23,0.0,0.02,2.95,0.53,0.0,2.36,0.0,2807,33038,18566,13.2,85779,91184,70440,38443,25880,18564,361,230,5,9,1,1,1,1,1,1,7,99,2,0,361,C,1
0,"Leipzig, Kreis",14729,14,61,1349,38,440,2468,430,362,23959,4,1137,4.4,66743,44902,56663,15412,11197,1608,27784,4215,4556,6105,7195,4221,16319,540,3.1257200000000003,38.7995,83.9,20.0,12.3,12.6,46.7,8.4,262.56048,67.833918043,707.4,598.1,53.6,2054,257763,258139,126380,131383,6574,6938,9386,11483,6550,4058,6906,8978,14538,15743,15067,17609,22126,23391,20324,31653,36439,11286,23658,40234,93143,68375,21443,6142,2.38,0.0079685602666014,28007,53572,25565,70.2,77.9,-34.3,11.6,5.6,3.7,107,5321,238426,871799,13584,281,16,846,69,51,1486,2219,389,508,175,576,369,1312,840,199,347,995,324,2153,1,0,7237,3076,175,9,283,261,677,14931,2,656,22,308,2146,49,83,302,107,265,890,2805,1651.3,4.46,2.63,0.06,0.0,1.27,2.9,0.15,1.35,0.07,0.38,0.08,0.14,0.01,0.0,62.01,16.8,1.78,0.25,0.0,0.12,1.71,0.28,0.0,3.54,0.0,2275,43734,22045,10.0,19938,28450,40340,16363,12883,11911,362,230,2,11,1,1,2,3,1,2,7,99,2,0,362,C,1
0,Nordsachsen,14730,14,62,1361,37,585,2851,531,363,17997,7,1428,7.2,53420,36531,44783,11044,8241,1053,20173,3131,3384,4452,5180,3055,12658,534,3.11621,38.6805,84.8,21.3,9.6,13.4,48.4,7.3,227.48333,68.143335765,1242.0,569.6,58.5,1619,197673,197741,98218,99455,5058,5256,6925,8435,4988,3150,5570,7437,11834,12495,11292,13156,16778,18438,16223,23169,27469,8681,17392,32412,71342,51551,16363,7849,3.97,0.0081902940715221,30436,38043,7607,67.6,71.1,-12.0,14.8,6.1,4.2,96,4771,271825,776001,10411,340,12,619,68,62,1106,1721,310,417,120,431,224,926,636,171,262,744,219,1667,4,0,5504,2338,176,11,236,200,617,11519,2,487,14,268,1720,45,95,257,93,238,668,2154,2028.5,2.88,1.93,0.0,0.0,0.14,2.05,0.18,0.93,0.06,0.2,0.05,0.11,0.7,0.0,64.4,21.9,1.14,0.12,0.12,0.11,0.94,0.45,0.0,1.59,0.0,2371,40208,20682,11.2,16888,25778,34623,10678,7544,6105,363,230,2,11,1,1,3,4,1,2,99,99,2,0,363,C,1
0,Dessau-Roßlau,15001,15,87,607,56,364,1435,332,364,6720,3,953,11.7,24472,19947,18505,3525,2947,377,7413,1171,1181,1592,1827,1137,5107,475,3.16106,38.3278,85.3,20.5,18.6,13.2,40.4,7.4,233.91844,68.897649049,205.0,539.6,72.9,539,81237,80103,39457,41780,1858,1829,2473,2953,1740,1128,2617,3588,4497,4492,3931,4811,6491,6986,6346,11162,14335,3004,5978,13140,26052,23571,8358,4526,5.57,0.0066349077390844,13304,9967,3337,39.8,33.8,9.5,16.7,6.3,4.2,26,1470,122642,202806,3810,34,0,203,17,21,291,672,100,168,46,176,89,400,249,47,112,376,117,611,0,0,2007,847,97,6,104,85,337,4461,4,200,0,74,630,30,30,83,33,76,307,776,244.8,0.9,3.67,0.01,0.0,0.07,7.74,0.7,3.17,0.27,0.27,0.27,0.28,0.27,0.01,36.11,36.76,4.79,0.48,0.0,0.35,1.13,1.92,0.04,0.79,0.0,2664,36949,20604,12.9,11037,13727,12137,3796,2306,2288,364,231,1,11,2,1,3,3,3,2,7,99,2,0,364,C*,1
2,Halle (Saale),15002,15,96,392,69,437,1304,265,365,23964,6,2959,12.4,60298,70120,38100,12014,10449,2631,27221,4960,4570,5940,6901,3707,13349,351,3.09152,37.3658,85.1,23.8,12.4,12.1,34.2,17.5,541.016,65.53671162100001,1761.0,487.6,69.7,2549,239257,238762,115713,123544,7210,6619,8530,9829,5410,5187,16510,17244,17840,15377,12531,14016,15569,15460,14173,26405,31347,11526,20575,61479,72927,54242,18013,22690,9.48,0.0106538157713253,40785,30783,10002,42.1,35.2,10.6,11.7,6.7,3.9,41,2855,254159,429592,9642,25,3,391,15,33,551,1351,179,372,232,417,360,1194,649,94,295,1012,267,1884,1,0,4816,1957,194,26,216,208,677,10947,7,686,0,224,1367,96,41,259,60,177,916,1794,135.0,15.32,8.53,0.0,0.0,0.06,6.95,2.87,9.16,0.74,1.13,0.91,1.66,0.0,0.21,26.31,13.02,5.79,0.0,0.0,0.01,4.23,1.35,0.05,1.7,0.0,2806,32326,18229,16.4,26884,51893,34489,12134,5594,3914,365,232,4,9,2,1,1,1,2,1,7,99,2,0,365,C*,1
2,Magdeburg,15003,15,95,426,66,404,1876,335,366,21789,6,2362,9.9,55269,65994,39233,13731,10162,2188,27221,4941,4636,5845,6772,3642,13369,411,3.13538,36.2312,85.3,25.4,10.7,13.2,37.4,13.3,417.00554,64.599725745,476.5,638.7,85.0,2347,238697,237565,117828,120869,6921,6508,8093,9313,5130,4535,15239,17394,18499,15248,12118,13754,16263,17034,14761,25897,31990,11075,19691,59628,74127,54468,18576,22311,9.35,0.0098325492151137,44133,29368,14765,41.8,30.6,16.2,14.4,7.4,3.1,51,5661,405777,692213,11270,32,4,500,38,43,754,1618,215,436,248,553,435,1450,732,128,319,1062,294,2021,1,0,5426,2537,233,25,272,250,797,12853,6,696,0,184,1464,141,46,234,56,179,872,1979,201.0,10.76,8.82,0.15,0.0,0.3,7.93,2.01,9.05,0.73,1.44,0.73,1.14,0.37,0.31,38.97,5.51,3.53,0.0,0.0,0.17,2.54,3.24,0.12,2.16,0.0,2760,34711,19247,14.7,29353,42593,39638,8905,5771,6075,366,233,4,11,2,2,2,1,3,1,99,99,2,0,366,C*,1
0,Altmarkkreis Salzwedel,15081,15,53,2335,31,1052,3840,899,367,7902,1,419,5.0,26717,10296,19159,6110,3399,613,9045,1264,1476,1958,2370,1343,5191,563,3.00676,39.7769,83.8,19.2,11.6,14.0,47.0,8.2,246.55432,66.81630531,930.7,530.8,48.2,636,83765,83173,41748,42017,2053,2261,2903,3608,2165,1346,2699,3397,5035,5053,4418,5460,7466,8450,7215,9366,10870,3471,7412,14127,30113,21494,6556,3077,3.67,0.0075926699695576,5973,14016,8043,46.4,59.6,-31.5,23.3,5.7,2.4,53,4069,98342,351575,4605,211,2,309,32,17,506,768,70,216,40,196,68,312,239,89,157,334,94,817,0,0,2396,969,65,1,104,106,269,4998,0,248,3,119,768,60,55,114,34,108,262,893,2293.3,0.03,1.08,0.0,0.0,0.07,2.7,0.12,0.5,0.07,0.04,0.01,0.07,0.03,0.0,61.77,29.87,0.73,1.72,0.0,0.04,0.82,0.01,0.0,0.32,0.0,2266,44458,21018,12.4,5039,9647,14314,5016,3262,2305,367,234,2,11,2,2,4,3,3,2,99,99,2,0,367,C*,1
0,Anhalt-Bitterfeld,15082,15,71,1260,36,639,2834,598,368,13083,3,794,5.0,50985,31711,41030,7227,5039,710,12740,1875,2056,2734,3239,1997,10437,535,3.0454,37.2685,83.9,21.2,10.5,14.2,46.6,7.5,228.405,63.482929351,1675.7,597.6,58.1,1105,159854,158486,78326,81528,3588,3698,4975,6048,3678,2509,5072,6186,9033,9237,8427,10709,13434,15087,13802,20462,23909,6026,12413,25492,55806,45057,13692,5932,3.71,0.0069125577089093,16671,23650,6979,56.7,63.2,-13.8,12.2,6.4,3.9,59,3739,120324,240435,7804,169,8,499,58,42,746,1334,220,339,71,326,164,790,438,164,209,597,153,1280,1,0,4061,1656,160,8,171,188,536,8563,1,401,7,170,1210,46,59,164,62,181,531,1520,1454.3,0.28,2.75,0.01,0.0,0.31,4.59,0.15,1.2,0.11,0.14,0.11,0.14,0.07,0.01,62.64,19.87,3.15,0.01,0.0,0.34,1.06,0.41,0.01,2.65,0.0,2321,37712,20267,12.6,19502,18800,33796,6034,4418,3341,368,235,1,11,2,2,3,3,3,2,99,99,2,0,368,C*,1
0,Börde,15083,15,57,1762,35,887,3343,857,369,16062,3,592,3.4,47046,22692,44533,10310,6116,894,16477,2400,2767,3584,4348,2408,12340,571,2.98241,40.2702,83.4,20.1,8.2,14.1,49.0,8.6,256.48726,66.776849433,678.4,645.7,56.8,1272,171734,170923,85660,86074,4262,4640,6034,7497,4187,2745,5063,6985,10617,11139,9738,11998,15014,16607,14575,20124,20509,7219,15309,28676,63459,44149,12111,5613,3.27,0.0074068035450172,22710,34519,11809,68.1,74.2,-23.4,13.7,5.5,2.3,55,5078,173334,449806,8497,320,11,567,41,56,921,1269,211,314,75,351,164,845,377,234,276,621,227,1365,0,0,4233,1779,148,9,198,149,496,9271,1,434,8,250,1128,147,71,148,93,241,490,1633,2366.9,0.68,1.68,0.11,0.04,0.55,3.14,0.17,0.8,0.09,0.26,0.05,0.1,0.01,0.0,68.37,19.56,1.11,1.94,0.0,0.03,0.62,0.33,0.0,0.35,0.0,2513,43810,21568,10.7,9610,19192,31550,10157,8085,5926,369,233,1,11,2,2,3,4,3,2,99,99,2,0,369,C*,1
0,Burgenlandkreis,15084,15,64,1346,37,572,2955,544,370,15516,2,1122,6.2,54771,36626,40161,9496,7354,1016,17452,2645,2830,3736,4625,2514,11194,523,2.92338,39.8373,83.6,20.7,8.5,14.3,48.8,7.8,228.02364,64.90679815899999,1038.0,770.4,50.8,1416,180190,178846,89353,90837,4228,4362,5616,7048,4081,2604,5484,7293,10517,10755,9287,11579,15357,16571,15185,22561,27662,7093,14194,29299,62237,49690,16333,9407,5.22,0.0078583717187413,13185,26469,13284,61.2,68.4,-22.6,15.0,9.0,5.5,116,6463,260715,727353,8806,215,9,508,60,48,925,1412,206,476,80,403,211,717,555,183,272,695,195,1386,0,0,4726,1845,121,7,218,228,564,9747,1,433,8,254,1351,40,144,230,51,211,638,1622,1413.7,1.07,2.19,0.01,0.0,2.0,4.34,0.22,1.26,0.1,0.17,0.09,0.19,0.07,0.0,72.33,12.6,1.87,0.01,0.0,0.0,0.77,0.32,0.0,0.38,0.0,2383,38004,19993,11.6,21013,21553,34646,8026,5617,3906,370,236,2,12,2,2,3,3,2,2,7,99,2,0,370,C*,1
0,Harz,15085,15,72,1216,37,633,2605,611,371,18795,5,1511,7.0,62505,44481,53461,9722,7458,762,17949,2583,2893,3889,4768,2964,14632,532,3.03426,36.7516,83.2,21.2,14.3,13.5,43.7,7.3,221.50098,61.853048645,1635.6,527.7,54.1,1519,214446,213310,105101,109345,4704,5018,6635,8400,5184,3373,6782,8564,12259,12581,11037,13993,17996,19849,17816,28408,31847,7980,16803,35466,74249,60389,18423,6471,3.02,0.0070833683071729,9502,22083,12581,52.1,60.3,-17.6,15.1,4.3,2.1,344,21763,1003185,2791372,12097,238,10,753,30,53,1137,1862,265,849,118,458,234,1272,581,242,367,916,343,1999,1,0,6110,2385,204,10,299,362,793,13232,4,593,12,258,1847,169,352,386,70,252,782,2274,2104.6,0.93,1.57,0.07,0.0,0.39,3.3,0.17,0.96,0.1,0.15,0.04,0.09,0.03,0.0,53.63,36.35,1.1,0.0,0.01,0.02,0.47,0.06,0.0,0.55,0.0,2450,37980,20525,12.6,27041,26915,37985,11336,7043,5533,371,237,2,11,2,2,3,3,3,2,99,99,2,0,371,C*,1
0,Jerichower Land,15086,15,60,1793,34,1112,3273,1055,372,7383,4,748,8.3,26851,12397,21709,5881,3309,563,9111,1383,1567,1954,2191,1411,5838,559,3.05871,38.9844,84.4,17.3,14.7,13.2,47.7,7.1,217.16841,67.093484107,1135.8,542.4,46.7,701,89928,89589,44781,45147,2209,2358,2977,3628,2219,1385,2503,3323,5164,5371,4942,5995,7840,9054,7796,10853,12311,3757,7551,14205,32606,24255,7215,3128,3.48,0.0077951249888799,8550,16754,8204,58.1,68.1,-30.3,16.8,7.2,3.1,44,2484,80721,155273,5121,205,7,332,67,31,503,736,125,193,49,202,115,679,241,137,138,361,102,750,0,0,2615,1003,93,3,96,97,280,5517,0,197,8,112,719,94,36,89,55,117,267,872,1576.9,0.04,1.4,0.02,0.0,0.2,3.12,0.25,0.69,0.06,0.1,0.03,0.07,0.05,0.0,56.51,31.74,1.27,0.11,0.0,0.14,2.81,0.81,0.0,0.6,0.0,2352,43634,21296,12.0,6040,11098,14808,5128,3847,2954,372,233,2,11,2,2,3,4,3,2,99,99,2,0,372,C*,1
0,Mansfeld-Südharz,15087,15,62,1666,35,999,3105,853,373,10977,1,774,5.7,41060,21885,38594,6191,4075,431,10420,1438,1658,2302,2690,1727,8972,544,3.05565,37.2657,83.1,23.4,8.6,14.5,46.8,6.7,204.72855,63.084498658,2032.6,421.7,42.4,869,136249,134942,66992,69257,2784,3066,4191,5204,3199,2089,3714,4896,7275,7533,6931,8839,11380,12978,12060,18726,21384,4709,10566,20536,46451,40156,12524,3920,2.88,0.0063780284625942,8792,17021,8229,61.5,68.5,-21.6,16.0,6.7,4.1,70,3800,167668,368063,6781,149,10,401,40,36,704,1134,147,319,58,329,158,497,443,189,207,536,171,1092,0,0,3683,1323,84,3,172,160,446,7558,1,330,20,155,1081,35,66,143,47,157,445,1370,1448.9,0.66,1.81,0.23,0.0,0.3,3.82,0.16,1.12,0.09,0.17,0.05,0.1,0.04,0.0,60.31,27.88,1.66,0.0,0.0,0.03,0.72,0.03,0.0,0.81,0.0,2324,37841,19768,12.4,13469,15819,31256,5151,3218,2238,373,238,1,12,2,3,3,4,2,2,99,99,2,0,373,C*,1
0,Saalekreis,15088,15,59,1282,45,680,2502,597,374,16113,1,634,3.4,47108,30308,48334,9190,6536,684,16416,2472,2728,3613,4251,2508,12670,564,3.09046,39.3177,84.9,20.6,8.1,12.8,49.7,8.8,271.96048,68.77453499399999,1034.4,865.7,61.6,1377,184582,183815,91361,93221,4550,4680,6508,7854,4507,2783,5669,7126,10622,11759,10271,13095,15809,16853,15262,23374,23860,7600,16121,30185,66614,49633,13662,6729,3.65,0.0074600990345754,33778,41280,7502,75.9,78.7,-11.6,12.1,6.7,4.2,66,4338,223790,422542,8561,184,10,571,47,66,941,1393,203,364,84,344,155,775,540,219,266,629,207,1330,0,0,4422,1934,181,13,195,177,522,9250,3,383,3,164,1127,19,71,184,103,207,483,1596,1433.7,1.43,3.51,0.03,0.0,0.65,4.03,0.2,1.2,0.09,0.31,0.11,0.27,0.1,0.0,73.98,6.96,2.74,0.02,0.0,0.09,1.54,0.27,0.0,2.48,0.0,2528,41190,21279,11.7,15075,23830,31214,10745,8141,6318,374,232,2,9,2,1,2,3,2,2,7,99,2,0,374,C*,1
0,Salzlandkreis,15089,15,72,1162,36,1088,2388,827,375,16365,6,1312,6.9,62357,35977,48964,8639,6719,756,16599,2473,2702,3547,4273,2629,12804,512,3.0562,35.0769,83.1,19.6,11.4,13.8,47.7,7.5,229.215,59.389920066,1941.3,523.8,51.1,1348,190560,189125,93148,97412,4325,4545,5889,7571,4428,2968,6277,7680,10746,10896,9623,12647,16218,17830,15789,24584,28544,7217,15153,31501,65888,52986,16380,6057,3.18,0.0070738874895046,15110,25220,10110,54.8,61.7,-16.1,13.9,5.7,3.1,69,3881,138316,431731,8999,179,9,577,73,46,869,1477,228,419,78,381,164,739,537,188,273,775,214,1490,0,0,4683,1869,175,9,255,219,601,9924,3,445,4,227,1599,95,68,202,69,226,671,1736,1427.1,0.81,2.94,0.27,0.0,0.62,4.5,0.26,1.46,0.14,0.31,0.08,0.15,0.19,0.0,77.33,5.12,2.22,0.0,0.0,0.16,1.2,0.8,0.01,1.42,0.0,2449,37472,19871,13.1,20652,25178,38619,7637,5015,3931,375,239,1,11,2,2,3,3,3,2,99,99,2,0,375,C*,1
0,Stendal,15090,15,61,2086,33,1093,3387,967,376,10374,4,1001,8.9,32610,18162,27098,6497,4076,713,10710,1527,1687,2370,2834,1673,6870,521,3.02805,38.3625,83.0,21.6,12.1,13.5,44.4,8.4,254.3562,64.277174363,1286.9,471.7,46.5,810,111982,111190,55278,56704,2630,2741,3764,4578,2885,1879,3641,4740,6663,6159,5606,7231,9810,11268,9863,13346,15178,4398,9349,19223,39168,30088,8964,4000,3.57,0.0072333053526459,6121,13319,7198,53.6,62.0,-19.0,21.0,8.8,3.4,58,3328,142354,267370,6321,263,2,337,64,34,670,948,118,266,55,265,142,562,312,150,219,485,119,1099,0,0,3214,1317,79,6,154,115,368,6846,3,392,6,151,999,100,44,118,50,141,334,1160,2423.3,0.06,1.22,0.01,0.0,0.1,2.79,0.18,0.57,0.06,0.09,0.02,0.15,0.06,0.0,66.95,21.8,0.87,1.15,0.01,0.34,1.72,1.24,0.0,0.6,0.0,2358,38894,19657,12.6,10376,12984,22776,5145,3175,2111,376,240,2,11,2,3,4,4,3,2,99,99,2,0,376,C*,1
0,Wittenberg,15091,15,58,1810,36,959,2432,855,377,10857,3,575,4.6,37341,20719,33743,6082,4158,534,10115,1453,1606,2164,2724,1582,8275,554,3.07163,37.5669,84.1,18.8,14.9,12.3,46.8,7.2,221.15736,64.696233291,1634.1,533.3,52.5,922,125840,124953,61933,63907,2803,2876,3982,4852,2960,1846,3534,4794,6968,6917,6228,8230,10931,12036,10979,16395,19509,4681,9909,19500,43420,36086,11357,4270,3.39,0.0073267641449459,7600,15399,7799,46.4,55.6,-19.7,15.6,5.7,4.1,84,6950,241359,704767,6506,177,7,427,17,36,745,1066,161,316,53,277,126,514,396,140,188,495,150,1065,0,0,3425,1386,95,1,155,149,427,7237,2,301,5,168,1133,26,90,165,67,152,384,1234,1930.5,0.35,1.46,0.0,0.0,0.13,3.53,0.11,0.68,0.06,0.09,0.05,0.07,0.05,0.0,48.4,38.93,1.95,0.8,0.0,0.14,1.25,0.75,0.01,1.18,0.0,2293,40275,20879,10.6,13999,12136,25994,6174,4163,2753,377,241,1,11,2,3,3,4,3,2,7,99,2,0,377,C*,1
0,Erfurt,16051,16,89,555,64,358,2184,315,378,20223,2,1690,7.9,51478,58092,29427,14098,9146,3222,26807,4759,4584,5800,6755,3571,10056,399,3.16055,33.0361,84.7,30.4,10.9,11.8,32.6,14.3,451.95865,58.958114826000006,587.7,665.6,87.6,2182,213699,213981,103920,109779,6380,6141,7602,8775,4893,4059,12378,14316,17126,14905,12143,12979,15033,15653,13891,22462,24963,10246,18714,52208,70598,47870,14345,17393,8.14,0.0102106233534083,47698,24244,23454,45.3,27.5,24.6,12.4,6.6,3.8,66,5438,504212,879168,11001,62,3,449,41,32,690,1476,184,447,260,550,384,1561,770,123,287,963,266,2103,0,0,5163,2523,218,25,230,246,678,12198,8,754,4,166,1588,96,70,289,77,197,828,2031,269.9,4.99,5.79,0.0,0.0,0.77,7.51,1.18,4.34,0.27,1.09,0.42,0.78,0.86,0.0,60.06,8.5,1.41,0.0,0.0,0.03,0.52,0.16,0.0,1.31,0.0,2679,36459,19677,11.1,18686,31906,32620,15024,9628,7452,378,242,4,10,2,1,2,1,2,1,99,99,2,0,378,C*,1
0,Gera,16052,16,86,676,65,453,1819,325,379,8039,1,972,10.3,27105,28990,13837,5919,3681,931,10514,1704,1708,2304,2727,1461,4625,442,3.13371,34.4004,84.4,27.1,5.1,11.9,43.5,12.4,388.58004,60.655960398000005,1458.4,516.1,70.7,801,94152,93125,45517,48635,2383,2375,3099,3593,2068,1510,3282,4383,5807,5471,4597,5341,6952,8178,7837,12432,14844,3897,7534,16467,29813,26621,8793,6176,6.56,0.0085075197552893,15532,13477,2055,43.0,39.8,5.3,14.9,7.6,4.7,15,1201,104524,172107,4796,26,2,230,11,20,417,723,73,172,79,240,132,583,305,45,105,426,133,896,0,0,2564,975,78,2,138,108,342,5531,6,353,2,68,796,26,23,153,27,111,416,968,152.2,5.38,4.11,0.01,0.0,0.21,8.91,1.23,4.12,0.2,0.43,0.14,0.51,0.24,0.0,54.34,19.13,0.25,0.0,0.0,0.0,0.33,0.24,0.0,0.21,0.0,2390,35712,20317,11.8,12583,16574,17519,2871,2013,1996,379,243,2,11,2,1,2,2,2,1,7,99,2,0,379,C*,1
0,Jena,16053,16,92,465,67,346,1436,318,380,11277,1,1403,12.6,21160,30015,16909,6734,4989,1383,12778,2311,2273,2808,3180,1680,5733,359,3.0988,33.4059,85.6,27.9,16.0,12.0,29.7,14.3,443.1284,59.0743878,181.8,732.0,74.6,1120,111407,111343,55665,55742,3318,3233,3969,4454,2442,2178,8618,10274,10368,8167,5961,5907,6563,6327,5927,10464,13237,5355,9543,33455,33145,22301,7544,10735,9.64,0.0100532282531618,26448,11378,15070,46.4,27.6,26.0,13.2,6.2,3.9,28,2124,198505,334627,5376,12,2,266,14,17,257,698,71,229,150,257,184,708,293,56,172,580,125,1116,0,0,2593,1157,125,8,109,139,319,6088,9,373,0,95,609,46,37,144,27,86,447,842,114.8,9.22,3.69,0.0,0.0,0.0,5.36,1.58,6.1,0.23,0.71,0.1,0.46,0.0,0.0,34.22,36.51,0.9,0.0,0.0,0.0,0.31,0.55,0.0,0.05,0.0,3066,35176,19085,5.9,11455,14903,13170,10763,5775,4363,380,244,3,10,2,1,2,1,2,1,7,99,2,0,380,C*,1
0,Suhl,16054,16,77,866,36,528,1819,486,381,2272,1,511,14.7,11688,10393,6865,1886,997,201,3116,462,563,644,753,468,1978,502,3.12145,39.0619,84.5,25.6,6.2,13.4,46.7,8.0,249.716,68.687102502,462.9,625.6,83.9,202,34835,36789,16960,17875,702,811,945,1143,695,535,1243,1487,1791,1757,1601,2114,2739,3090,2950,5511,5721,1262,2583,5989,11833,11706,3416,2654,7.62,0.0057987656093009,8472,6439,2033,54.7,45.6,16.8,17.1,6.5,2.7,18,1815,91087,233175,2122,10,1,123,2,4,153,325,45,79,28,134,57,261,125,23,66,202,49,369,0,0,1190,383,45,2,50,34,151,2434,2,117,0,25,318,16,23,47,12,43,175,399,103.0,3.36,2.87,0.0,0.0,0.0,6.11,0.84,5.58,0.1,0.44,0.08,0.11,0.33,0.0,11.28,68.56,0.25,0.0,0.0,0.0,0.0,0.0,0.0,0.08,0.0,2540,38095,22260,10.7,6864,4152,5154,1983,1280,917,381,245,2,10,2,3,3,4,3,2,99,99,2,0,381,C*,1
0,Weimar,16055,16,90,503,39,306,1198,284,382,6879,1,593,9.1,17169,16226,10256,3821,3218,752,7884,1302,1303,1785,2106,1118,3323,402,3.20308,36.1878,86.8,29.2,11.5,11.5,37.9,9.9,317.10492,67.074652795,1140.4,536.9,53.8,602,65090,65228,31655,33435,1888,1884,2434,2826,1603,1279,3655,4487,4831,4484,3735,3926,4494,4635,3984,6817,8128,3097,6013,15672,21259,14377,4810,5884,9.04,0.0092487325241972,12280,11757,523,51.4,49.2,4.4,12.1,7.4,3.9,46,4383,394516,743331,3814,16,0,175,15,5,292,462,55,202,87,140,115,573,220,25,127,345,118,706,0,0,1899,782,61,5,70,91,241,4236,2,219,0,62,512,24,63,114,19,73,275,743,84.5,6.8,3.51,0.0,0.0,0.06,6.66,1.75,6.61,0.46,0.44,0.47,0.47,0.04,0.0,42.99,22.71,1.36,0.0,0.0,0.01,5.44,0.12,0.0,0.13,0.0,2902,37057,19601,10.7,4962,9613,10488,4753,2296,2316,382,246,3,10,2,1,2,2,2,1,99,99,2,0,382,C*,1
0,Eisenach,16056,16,85,601,38,342,1491,312,383,4486,1,397,9.4,12816,11230,6311,2745,2143,341,5129,820,805,1058,1399,759,2123,442,3.2000900000000003,39.8181,84.5,30.2,7.5,12.5,40.3,9.5,304.00855,71.780780378,571.1,602.1,92.0,389,42370,42250,20874,21496,1132,1101,1415,1792,1046,722,1629,2174,2780,2780,2320,2793,3184,3581,2956,4734,6231,1881,3574,8185,14503,10467,3640,3475,8.2,0.009181024309653,12469,7032,5437,57.3,40.0,28.8,13.3,6.1,2.9,30,2064,201388,336530,2302,18,2,130,6,9,145,397,58,130,23,97,64,232,167,19,57,231,47,394,0,0,1210,481,52,6,64,75,200,2631,2,95,0,34,400,17,48,93,16,60,204,433,104.2,3.97,3.56,0.0,0.0,0.06,5.12,0.59,2.44,0.14,0.86,0.12,0.61,0.0,0.0,41.69,38.7,0.88,0.01,0.0,0.0,0.87,0.23,0.0,0.14,0.0,2721,37245,20016,12.1,4350,6768,7325,1935,1260,1127,383,247,2,10,2,3,3,4,3,2,99,99,2,0,383,C*,1
0,Eichsfeld,16061,16,56,1707,33,694,3603,667,384,10185,1,424,4.2,28616,14064,16622,10020,4350,1113,14342,2173,2266,3127,3653,1983,5186,564,3.1579200000000003,39.4021,84.9,24.3,4.7,14.7,48.5,7.8,246.31776,70.426632672,636.7,524.5,46.7,930,100380,100006,50364,50016,2933,2954,3907,4624,2772,1637,3374,4436,6448,6766,6051,6427,7833,8529,7934,11722,12033,4888,9566,18050,35305,25270,6927,3505,3.49,0.0092647937836222,9776,15761,5985,70.3,72.4,-15.0,11.2,4.7,2.3,48,2304,116130,330929,5933,121,6,507,15,22,797,906,144,217,48,252,96,527,320,150,164,389,128,976,0,0,3036,1293,100,4,170,105,240,6431,0,234,15,119,909,96,52,137,52,135,331,1205,943.1,0.88,1.52,0.08,0.0,0.14,3.43,0.18,0.67,0.08,0.42,0.03,0.12,0.01,0.0,58.32,32.09,0.85,0.0,0.0,0.01,1.08,0.01,0.0,0.09,0.0,2360,44883,20644,6.4,4163,8818,20006,6797,4053,2306,384,248,2,10,2,2,3,3,3,2,99,99,2,0,384,C*,1
0,Nordhausen,16062,16,68,1203,47,490,1990,434,385,7737,3,984,11.7,23377,18142,18426,4743,2894,568,7908,1234,1365,1726,1989,1227,5081,533,2.9676400000000003,37.0911,83.1,21.9,4.2,13.9,51.4,8.7,258.18468,60.98045973,1018.9,495.8,56.1,662,83822,83416,41477,42345,2055,2178,2812,3514,2078,1480,3554,3622,5167,4916,4184,5383,6703,7393,6696,10243,11844,3507,7092,15625,28083,22291,6818,3535,4.22,0.0078976879578153,6877,9412,2535,57.2,59.6,-6.8,13.3,5.3,2.6,34,1785,79623,187366,4239,79,12,224,18,29,372,707,89,213,36,179,79,331,271,104,132,394,105,728,0,0,2231,790,77,5,101,118,291,4703,3,184,9,90,706,23,41,134,23,104,312,838,713.9,1.62,1.9,0.16,0.11,0.39,2.84,0.33,1.2,0.1,0.4,0.04,0.22,0.05,0.0,56.53,30.99,1.13,0.0,0.0,0.01,1.21,0.01,0.0,0.77,0.0,2467,35899,19220,10.3,10857,10615,15542,3884,2330,1635,385,249,2,10,2,3,3,4,3,2,99,99,2,0,385,C*,1
0,Wartburgkreis,16063,16,55,1566,27,1005,4101,958,386,10284,3,532,4.3,37097,17466,26321,9413,4864,968,14026,2019,2414,3097,3554,1971,7630,595,3.09837,39.4852,84.5,20.1,6.8,13.8,51.0,8.3,257.16471,68.918064307,506.5,622.7,48.9,914,123025,118974,61525,61500,2992,3326,4306,5043,3078,1900,3782,4928,7277,7801,6902,8405,9944,11679,10413,15111,16138,4930,10230,19822,42674,31960,9358,3697,3.01,0.0074293842714895,14308,23231,8923,72.2,78.9,-32.8,11.2,4.4,2.0,91,4264,135088,775418,6553,117,4,513,10,29,663,1112,219,346,55,278,108,549,370,151,183,448,154,1042,0,0,3634,1205,125,7,171,188,341,7056,2,207,10,148,1044,77,96,230,59,163,380,1207,1307.5,1.44,1.42,0.05,0.04,0.19,2.95,0.19,0.89,0.06,0.12,0.04,0.09,0.03,0.0,50.26,39.37,0.98,0.08,0.0,0.01,1.25,0.26,0.0,0.27,0.0,2514,44912,21615,8.1,6128,11304,26092,7761,4753,3146,386,247,2,10,2,3,3,4,3,2,99,99,2,0,386,C*,1
0,Unstrut-Hainich-Kreis,16064,16,65,1428,31,858,3530,855,387,10596,4,1284,12.5,29958,16832,21742,7540,3937,833,11792,1816,1932,2552,3065,1721,6308,514,3.08182,39.6712,84.6,23.0,7.2,13.9,47.7,8.3,255.79106,68.954356637,947.4,508.1,45.9,872,102912,102232,51119,51793,2721,2796,3707,4643,2752,1623,3471,4400,6103,6504,5608,6817,8279,9334,8353,12176,13625,4542,9277,17822,35775,26768,8048,3754,3.65,0.0084732587064676,8513,14044,5531,59.5,64.9,-16.5,13.1,5.9,2.9,46,2414,119606,407851,5519,131,2,361,41,29,591,832,133,265,46,252,131,442,312,112,170,464,112,918,0,0,2935,1219,108,6,148,153,298,5950,1,208,8,114,902,25,54,187,68,128,391,1085,979.7,1.66,1.72,0.06,0.01,0.22,2.42,0.18,0.93,0.06,0.06,0.03,0.09,0.12,0.0,70.34,19.74,0.78,0.0,0.0,0.04,1.29,0.03,0.0,0.22,0.0,2242,39655,19607,10.0,8305,11051,21690,4605,3070,2148,387,250,2,10,2,3,3,4,3,2,99,99,2,0,387,C*,1
0,Kyffhäuserkreis,16065,16,64,1525,35,1043,3558,864,388,6570,1,462,6.2,23418,11842,19919,4220,2184,380,6459,955,1070,1409,1683,1019,4875,572,2.99477,36.7546,81.6,23.7,7.5,13.5,49.0,6.3,188.67051,59.878935952,1618.2,469.9,38.8,515,75009,74212,37274,37735,1710,1772,2427,3083,1870,1207,2209,2904,4293,4304,3910,4849,6224,7144,6637,9922,10544,2803,6066,12066,25794,21447,6036,2027,2.7,0.0068658427655348,4512,12840,8328,57.2,68.5,-38.9,17.0,6.6,3.6,42,2605,106940,357293,3748,131,6,277,21,22,329,626,86,191,24,149,43,275,231,96,121,300,104,615,0,0,2053,688,37,2,98,104,263,4108,1,172,10,82,661,9,50,129,35,84,273,707,1037.9,0.99,1.32,0.13,0.02,0.19,2.26,0.2,0.87,0.06,0.16,0.04,0.12,0.03,0.0,67.42,24.46,0.61,0.12,0.01,0.06,0.6,0.09,0.0,0.24,0.0,2427,37387,19212,11.5,8269,8397,15241,3418,1972,1232,388,251,2,10,2,3,4,4,3,2,99,99,2,0,388,C*,1
0,Schmalkalden-Meiningen,16066,16,68,1265,36,689,2807,661,389,10415,3,715,5.8,38525,21556,28123,8282,3886,685,11769,1750,2060,2590,3023,1582,7732,569,3.08337,39.9784,84.0,22.3,7.8,14.1,49.1,6.7,206.58579,69.030191556,295.2,555.8,50.6,903,122347,124916,61186,61161,2884,3166,3990,4764,2745,1889,4254,5056,7448,7545,6604,8009,9918,11481,10253,15375,16966,4969,10341,21523,43881,34060,10142,4498,3.68,0.0073806468487171,11029,19041,8012,66.0,70.4,-17.5,12.6,5.2,2.3,118,5430,266952,620854,7754,119,6,712,30,22,850,1289,212,406,82,319,136,641,386,166,185,531,175,1264,1,0,4385,1529,134,3,188,186,356,8437,1,339,8,111,1274,34,143,259,68,207,470,1476,1210.7,1.19,1.39,0.02,0.01,0.15,3.28,0.19,0.87,0.06,0.15,0.04,0.1,0.01,0.0,40.61,50.57,0.76,0.05,0.0,0.0,0.26,0.1,0.0,0.18,0.0,2352,41441,21386,9.6,12558,11836,24221,7278,4374,2839,389,252,2,10,2,3,3,4,3,2,99,99,2,0,389,C*,1
0,Gotha,16067,16,69,1186,48,432,3350,402,390,12637,2,508,3.8,37451,26968,26861,8835,5584,1129,15226,2354,2475,3270,3939,2308,7939,525,3.14079,37.3814,85.2,25.1,6.3,13.5,46.9,8.3,260.68557000000004,66.68724831,638.8,578.2,55.8,1092,135452,134908,67468,67984,3459,3567,4692,5679,3526,2273,4911,5811,8360,8663,7602,9255,10978,12036,10673,16296,17671,5717,11686,24273,47925,35092,10215,8402,6.2,0.0080618964651684,12528,18795,6267,67.2,70.7,-13.7,9.6,6.3,3.2,98,6098,334024,942050,7037,108,7,475,35,36,707,1124,174,362,66,314,138,538,423,131,200,525,147,1311,1,0,3778,1443,123,5,191,163,353,7636,0,344,4,127,1173,34,90,233,97,181,452,1345,936.1,1.3,2.19,0.01,0.0,0.3,3.77,0.35,1.36,0.08,0.14,0.06,0.18,0.07,0.0,59.24,29.1,0.73,0.16,0.01,0.02,0.33,0.0,0.0,0.59,0.0,2468,39312,20149,10.5,12182,15477,26561,7233,4751,3194,390,253,2,10,2,2,3,3,2,2,99,99,2,0,390,C*,1
0,Sömmerda,16068,16,52,1862,36,521,2768,479,391,6559,-99,-99,-99.0,18802,9714,15356,5269,2555,632,8110,1208,1276,1752,2117,1179,4256,543,3.14806,38.1952,85.1,22.8,12.3,13.2,45.3,6.4,201.47584,68.216603264,1427.6,567.5,45.0,529,69655,69427,34762,34893,1808,1861,2478,3037,1801,1073,2131,2674,4116,4502,3978,4938,5778,6467,5912,8877,8224,3009,6226,11505,25273,18736,4678,1853,2.66,0.0075945732538941,9707,13341,3634,73.3,75.6,-18.7,10.7,6.2,3.8,19,677,28815,63209,3472,101,5,239,29,15,378,605,87,126,36,161,47,252,177,102,95,231,63,626,1,0,1852,757,59,2,75,54,175,3749,0,181,3,74,573,16,28,104,53,75,191,764,806.9,0.84,1.57,0.0,0.0,0.25,2.69,0.1,0.82,0.06,0.15,0.05,0.21,0.06,0.0,82.89,8.44,0.56,0.0,0.0,0.07,0.37,0.1,0.0,0.77,0.0,2388,41994,20212,9.5,3966,7967,13077,4005,2582,1919,391,242,2,10,2,1,3,4,2,2,99,99,2,0,391,C*,1
0,Hildburghausen,16069,16,47,1860,26,811,4938,793,392,5642,2,505,7.9,20895,8065,12775,5362,2714,574,7633,1060,1155,1727,1990,938,3455,586,3.05633,38.5268,83.5,21.3,6.9,14.0,51.3,6.5,198.66145,65.547842152,701.4,581.8,43.0,494,63553,63197,31766,31787,1541,1568,2171,2540,1507,957,2051,2713,3934,4256,3577,4270,5156,6008,5480,7609,8215,2567,5253,10860,22948,16668,4901,2087,3.28,0.0077730398250279,4704,13297,8593,66.7,75.2,-40.5,9.9,3.5,1.6,62,2883,94846,369756,3619,92,2,276,66,21,386,586,103,193,30,164,46,249,210,87,99,254,94,583,0,0,2015,637,65,0,81,88,182,3900,1,161,3,62,494,12,70,117,30,80,212,705,938.4,0.52,1.25,0.0,0.0,0.13,3.01,0.12,0.51,0.04,0.16,0.02,0.06,0.0,0.0,44.66,48.17,0.87,0.0,0.0,0.01,0.07,0.04,0.0,0.37,0.0,2311,45718,21214,8.4,2567,5759,13734,3669,2232,1514,392,245,1,10,2,3,3,4,3,2,99,99,2,0,392,C*,1
0,Ilm-Kreis,16070,16,68,1302,37,537,2571,507,393,9367,2,567,5.2,31384,25935,21629,6605,3888,774,10868,1659,1853,2306,2806,1488,6298,517,3.16208,39.534,84.4,20.5,10.4,14.3,46.7,8.1,256.12848,70.338774725,821.7,641.6,53.1,919,108742,106249,54633,54109,2732,2882,3602,4432,2501,1789,4539,5563,6948,6780,5735,6935,8644,9243,8370,13362,14685,4472,8997,20609,36119,27770,8282,6355,5.84,0.0084511964098508,11113,15379,4266,66.0,69.4,-11.4,10.8,6.3,3.6,87,3418,156608,365902,6076,79,6,521,18,24,562,971,137,322,100,242,116,513,363,119,150,404,133,1132,0,0,3286,1234,105,5,137,136,308,6574,2,306,1,104,976,23,111,209,76,172,359,1183,843.7,0.33,1.69,0.07,0.01,0.19,4.48,0.22,1.01,0.07,0.36,0.06,0.12,0.07,0.0,44.99,45.21,0.59,0.01,0.01,0.0,0.14,0.02,0.0,0.34,0.0,2509,37052,20119,9.5,14326,15249,17140,5664,3742,2909,393,254,2,10,2,3,3,4,2,2,99,99,2,0,393,C*,1
0,Weimarer Land,16071,16,48,1770,37,317,3153,308,394,7495,3,1053,12.8,21898,12229,16937,6302,3194,734,9474,1341,1586,2163,2374,1298,4687,559,3.24797,37.9975,85.8,21.4,6.0,14.2,52.0,6.4,207.87008,70.593231323,487.8,577.0,44.3,645,81947,82156,40645,41302,2129,2363,3226,3774,2183,1286,2586,3025,4784,5291,4908,5641,6845,7421,6875,10235,9375,3699,7955,13611,29896,21547,5448,3004,3.67,0.0078709409740442,10770,19027,8257,68.6,74.7,-33.6,10.7,5.9,3.5,49,3291,167374,551760,4359,115,1,265,17,28,524,699,111,236,43,178,72,361,286,91,115,270,103,706,0,0,2306,905,59,3,100,96,189,4733,2,185,9,101,635,12,50,134,79,117,239,949,804.5,1.07,1.66,0.02,0.0,0.13,3.49,0.15,1.04,0.07,0.21,0.06,0.15,0.05,0.0,72.01,17.84,0.72,0.0,0.0,0.01,0.99,0.07,0.0,0.24,0.0,2372,42190,20370,9.5,5683,8914,13364,4972,3772,2848,394,246,3,10,2,1,3,2,2,1,99,99,2,0,394,C*,1
0,Sonneberg,16072,16,58,1375,38,337,1653,321,395,4635,1,381,6.8,17780,10431,12389,3878,1899,331,5506,763,879,1140,1442,874,3534,561,3.04732,38.1055,85.0,20.7,7.7,13.4,51.8,6.4,195.02848,65.801136281,1279.8,588.4,54.5,373,56196,57717,27673,28523,1190,1290,1668,2137,1385,827,1882,2227,3182,3371,3031,3846,4554,5263,4749,7247,8347,2032,4399,9417,20471,16135,5263,2868,5.1,0.0066374830948821,6784,9596,2812,62.8,66.3,-10.2,7.8,2.7,1.6,40,1430,58099,183976,3327,36,1,334,9,15,310,511,67,181,36,151,48,242,189,54,85,255,81,603,0,0,1837,620,63,2,74,86,187,3663,0,145,0,60,504,15,34,114,10,83,229,601,433.6,0.77,1.41,0.01,0.0,0.15,4.65,0.21,0.84,0.08,0.05,0.03,0.13,0.0,0.0,27.93,62.21,0.88,0.01,0.0,0.01,0.13,0.02,0.0,0.48,0.0,2362,41591,21462,8.9,5428,5563,12090,2970,1643,1289,395,255,2,10,2,3,3,4,3,2,8,99,2,0,395,C*,1
0,Saalfeld-Rudolstadt,16073,16,62,1423,37,341,2492,322,396,8772,3,994,9.3,30316,23337,22553,6558,3658,692,10132,1553,1659,2239,2434,1526,6329,566,3.0531200000000003,37.7786,83.7,26.2,8.8,14.1,43.3,7.6,232.03712,64.361170371,879.9,550.8,56.0,759,106356,103199,52388,53968,2456,2514,3354,3973,2460,1543,3074,3914,5952,6132,5492,6930,8612,10040,9030,14052,16828,3987,8032,16133,35548,29651,9848,2952,2.78,0.0071364097935236,6153,11946,5793,62.5,68.3,-18.8,10.8,5.1,2.9,96,4128,160280,446439,6028,112,7,404,15,27,660,944,126,387,61,292,124,472,355,133,159,452,132,1017,0,0,3368,1174,104,3,131,192,364,6641,4,253,5,109,1001,33,120,272,135,137,407,1249,1036.0,0.67,1.36,0.08,0.0,0.2,3.62,0.16,1.1,0.06,0.11,0.03,0.22,0.0,0.0,34.72,55.65,0.7,0.0,0.0,0.0,0.39,0.21,0.0,0.73,0.0,2466,39242,20959,8.3,12237,13267,19810,5653,3271,2547,396,256,1,10,2,3,3,4,2,2,99,99,2,0,396,C*,1
0,Saale-Holzland-Kreis,16074,16,54,1677,38,343,3419,340,397,7190,3,654,7.9,20517,12729,16264,6573,3542,761,9855,1458,1626,2174,2414,1451,4546,569,3.22019,37.9251,85.8,28.7,10.0,12.5,41.9,6.8,218.97292,69.85608788399999,542.5,556.5,48.8,656,83051,82950,41360,41691,2061,2211,2945,3407,2157,1388,2584,3045,4778,5249,4596,5499,7019,7742,6903,10586,10881,3398,7280,13670,29728,22639,6235,2645,3.18,0.0078987610022757,11034,18380,7346,76.6,79.8,-29.0,11.3,5.8,3.6,46,2082,99598,349616,4662,89,4,323,22,13,554,812,118,212,40,229,109,364,245,129,118,289,101,779,0,0,2543,990,86,5,103,104,219,5078,0,227,13,100,667,19,59,144,89,127,273,917,815.3,1.07,1.62,0.0,0.0,0.27,3.6,0.17,1.0,0.06,0.24,0.06,0.08,0.08,0.0,52.39,38.22,0.49,0.0,0.0,0.05,0.22,0.2,0.0,0.19,0.0,2288,42956,20631,7.6,5131,9216,14445,5254,3446,2379,397,244,2,10,2,1,3,3,2,2,99,99,2,0,397,C*,1
0,Saale-Orla-Kreis,16075,16,54,1686,35,449,3172,444,398,7441,1,120,1.5,22511,14015,18458,5379,2723,568,7782,1133,1246,1722,2003,1120,4793,578,3.13216,37.256,84.5,21.2,6.0,14.6,52.2,5.9,184.79744,65.736354167,1301.2,578.8,57.6,582,80868,80312,40119,40749,1946,2040,2749,3261,2027,1289,2492,3014,4552,4809,4437,5367,6628,7640,7043,10290,11284,3191,6772,12970,28382,22173,6824,2732,3.38,0.0071969134886481,7573,11468,3895,69.6,70.0,-9.7,11.0,4.7,2.7,67,2850,100450,328509,5052,120,6,390,10,24,600,841,115,279,33,211,90,354,260,134,125,328,129,866,0,0,2870,997,84,5,122,128,262,5600,0,182,12,104,860,23,69,196,95,133,286,1142,1151.3,0.56,1.41,0.0,0.0,0.23,3.1,0.11,0.62,0.04,0.33,0.03,0.1,0.03,0.0,48.78,41.8,0.3,0.0,0.01,0.01,0.45,0.12,0.0,1.98,0.0,2253,40511,20610,7.6,7388,7994,17082,4532,2501,1632,398,257,1,11,2,3,3,4,2,2,99,99,2,2,398,C*,1
0,Greiz,16076,16,55,1654,38,608,2779,563,399,8403,2,403,4.1,29220,19192,21603,6498,3345,567,9263,1187,1573,1965,2412,1386,5744,573,3.17824,37.9562,83.5,21.9,3.2,13.1,54.6,7.3,232.01152,67.152878286,993.8,527.1,43.4,658,98159,97398,48326,49833,2061,2444,3103,3882,2343,1411,2605,3013,5011,5522,5067,6280,8352,9423,9000,13188,15454,3603,7881,14002,33832,28824,9256,2260,2.3,0.0067034097739382,10843,18785,7942,64.9,72.0,-27.1,12.4,5.9,3.5,36,1545,65812,137514,6110,156,3,463,29,22,794,966,166,287,60,257,88,502,314,128,153,409,139,978,1,0,3482,1239,101,3,132,140,279,6686,0,277,12,113,1002,22,57,194,64,159,367,1209,846.0,1.07,1.97,0.02,0.0,0.32,5.06,0.15,1.43,0.07,0.1,0.02,0.14,0.02,0.0,60.73,27.02,0.3,0.0,0.0,0.02,0.43,0.15,0.0,0.96,0.0,2233,40784,21275,7.8,11098,10354,18760,5324,3370,2287,399,243,2,11,2,1,3,2,2,1,99,99,2,0,399,C*,1
0,Altenburger Land,16077,16,62,1458,35,584,3628,574,400,7676,2,618,6.9,27465,20139,18574,5201,3604,557,8388,1223,1303,1839,2225,1272,4839,534,3.08846,37.523,83.8,21.7,6.0,12.8,52.1,7.5,231.6345,64.74292165199999,1035.8,472.4,45.8,638,90118,89393,44138,45980,1994,2009,2809,3508,2120,1332,2491,3026,4683,4974,4536,6055,7528,8047,7665,12669,14672,3286,6964,13334,30553,26601,8655,3138,3.48,0.0070796067378326,7139,13135,5996,65.0,71.7,-25.3,15.2,6.4,4.3,25,949,43698,96785,4384,96,11,255,18,26,458,719,139,202,43,171,90,383,241,113,128,335,119,715,1,0,2457,884,83,7,122,119,268,4857,1,171,18,90,807,23,33,123,59,102,314,912,569.4,2.08,2.48,0.01,0.0,0.65,4.52,0.26,1.39,0.1,0.23,0.1,0.24,0.32,0.0,73.41,11.73,0.68,0.0,0.0,0.34,0.41,0.08,0.0,0.97,0.0,2218,38560,20571,9.0,10621,9561,20085,3862,2322,1607,400,258,1,11,2,2,3,3,2,2,7,99,2,0,400,C*,1
