_id,ags2,bundesland,ags5,kreis,kr_schuel,kr_schuel_vor,kr_schuel_grund,kr_schuel_haupt,kr_schuel_real,kr_schuel_gym,kr_schuel_waldorf,kr_schuel_geschul,kr_schuel_abend,kr_schuel_sonder,kr_schuel_orient,kr_schuel_mult,kr_schueler,kr_student,kr_azubi
1,01,Schleswig-Holstein,01001,"Flensburg, Stadt",11610,-99,3225,-99,-99,3492,435,4026,93,336,-99,-99,9829,7959,6627
2,01,Schleswig-Holstein,01002,"Kiel, Landeshauptstadt",23898,-99,7944,-99,-99,7215,1014,6951,105,480,-99,192,22982,30916,12096
3,01,Schleswig-Holstein,01003,"Lübeck, Hansestadt",20478,-99,7269,-99,-99,5247,609,6753,87,510,-99,-99,20776,8676,15427
4,01,Schleswig-Holstein,01004,"Neumünster, Stadt",10380,-99,2940,-99,-99,3135,327,3804,-99,174,-99,-99,9692,98,7426
5,01,Schleswig-Holstein,01051,Dithmarschen,13158,-99,4629,-99,-99,3717,132,4119,-99,375,-99,189,13000,1547,3758
6,01,Schleswig-Holstein,01053,Herzogtum Lauenburg,19320,-99,7539,-99,-99,4275,-99,7104,-99,405,-99,-99,19088,690,3641
7,01,Schleswig-Holstein,01054,Nordfriesland,16341,-99,5580,-99,-99,4134,-99,6126,-99,285,-99,216,14746,12,5312
8,01,Schleswig-Holstein,01055,Ostholstein,18558,-99,6459,-99,-99,4578,321,6669,-99,411,-99,123,18274,503,5457
9,01,Schleswig-Holstein,01056,Pinneberg,33948,-99,12054,-99,-99,9816,393,11079,-99,348,-99,255,34988,3663,6816
10,01,Schleswig-Holstein,01057,Plön,11607,-99,4560,-99,-99,2907,-99,3792,-99,297,-99,51,12264,1574,1698
11,01,Schleswig-Holstein,01058,Rendsburg-Eckernförde,26316,-99,9921,-99,-99,6249,498,8946,-99,516,-99,186,28561,2272,5624
12,01,Schleswig-Holstein,01059,Schleswig-Flensburg,19074,-99,7656,-99,-99,3255,-99,7575,-99,507,-99,78,20046,1129,2755
13,01,Schleswig-Holstein,01060,Segeberg,28413,-99,10278,-99,-99,7782,384,9399,-99,414,-99,156,29069,861,5656
14,01,Schleswig-Holstein,01061,Steinburg,12615,-99,4581,-99,-99,3204,357,4197,-99,165,-99,111,13394,71,3482
15,01,Schleswig-Holstein,01062,Stormarn,26823,-99,9600,-99,-99,7353,165,9417,-99,288,-99,-99,27092,1368,3818
16,02,Hamburg,02000,Hamburg,196587,9288,59425,-99,-99,55737,3326,62415,1493,4441,462,-99,177076,96182,52295
17,03,Niedersachsen,03101,Braunschweig,25564,58,7643,758,1972,8509,329,5126,313,856,-99,-99,26011,21628,12736
18,03,Niedersachsen,03102,Salzgitter,11084,66,4123,1042,2240,2396,-99,973,-99,244,-99,-99,10351,1853,3369
19,03,Niedersachsen,03103,Wolfsburg,15140,61,4345,471,1174,4491,383,2907,129,294,-99,885,13188,387,5673
20,03,Niedersachsen,03151,Gifhorn,17463,102,6423,773,1857,4336,-99,2284,-99,137,-99,1551,18123,386,3794
21,03,Niedersachsen,03153,Goslar,11703,39,3802,100,1017,3366,-99,578,-99,542,-99,2259,11394,3655,3802
22,03,Niedersachsen,03154,Helmstedt,7781,9,2849,467,865,2215,-99,640,-99,298,-99,438,8020,183,1060
23,03,Niedersachsen,03155,Northeim,13099,63,4117,495,1393,4438,-99,797,-99,340,-99,1456,12759,900,4064
24,03,Niedersachsen,03157,Peine,14653,44,4926,993,1817,3735,-99,2473,-99,396,-99,269,14902,971,2097
25,03,Niedersachsen,03158,Wolfenbüttel,10958,28,3866,638,1148,2655,-99,2215,-99,352,-99,56,11559,7809,1550
26,03,Niedersachsen,03159,Göttingen,30186,78,9825,857,2537,9573,346,3670,137,1075,-99,2088,24753,32272,9708
27,03,Niedersachsen,03241,Hannover,121418,334,40250,3220,10631,37306,1539,21210,351,3548,-99,3029,121038,48136,40430
28,03,Niedersachsen,03251,Diepholz,22398,148,7662,942,3144,6547,92,-99,-99,477,-99,3386,23116,485,4190
29,03,Niedersachsen,03252,Hameln-Pyrmont,14964,59,5191,650,2042,4367,-99,911,-99,259,-99,1485,14627,385,4869
30,03,Niedersachsen,03254,Hildesheim,28601,75,8835,803,2666,8650,336,2745,-99,1252,-99,3239,29345,13595,8973
31,03,Niedersachsen,03255,Holzminden,5331,-99,2290,189,444,1040,-99,-99,-99,153,-99,1215,5944,24,1529
32,03,Niedersachsen,03256,Nienburg/Weser,12533,37,4333,206,819,3577,-99,777,-99,335,-99,2449,13082,0,3122
33,03,Niedersachsen,03257,Schaumburg,15656,8,5237,-99,-99,4886,-99,4221,-99,144,-99,1160,15433,53,4516
34,03,Niedersachsen,03351,Celle,19015,88,6651,-99,38,5280,-99,841,-99,709,-99,5408,18427,46,5478
35,03,Niedersachsen,03352,Cuxhaven,20367,40,7162,1297,2438,5786,208,-99,-99,462,-99,2974,19032,160,4617
36,03,Niedersachsen,03353,Harburg,27658,103,9396,377,1972,8050,338,3362,-99,404,-99,3656,26492,985,3755
37,03,Niedersachsen,03354,Lüchow-Dannenberg,5120,16,1472,205,596,1325,334,-99,-99,300,-99,872,4039,0,762
38,03,Niedersachsen,03355,Lüneburg,20019,17,6728,274,332,6365,423,1955,-99,434,-99,3491,19858,8206,6512
39,03,Niedersachsen,03356,Osterholz,11735,12,4122,388,1237,3470,142,1819,-99,101,-99,444,11710,618,1966
40,03,Niedersachsen,03357,Rotenburg (Wümme),17604,80,5836,616,1521,4995,-99,1128,-99,482,-99,2946,18516,87,5616
41,03,Niedersachsen,03358,Heidekreis,14933,14,4994,523,1293,4348,351,-99,-99,375,-99,3035,15246,0,3805
42,03,Niedersachsen,03359,Stade,22117,215,7606,792,1837,5403,477,2044,-99,354,-99,3389,22032,1065,6800
43,03,Niedersachsen,03360,Uelzen,8615,24,2970,216,856,2753,-99,-99,-99,90,-99,1706,8933,39,2816
44,03,Niedersachsen,03361,Verden,14898,-99,5061,378,1183,4377,451,1021,-99,309,-99,2118,14960,375,2856
45,03,Niedersachsen,03401,Delmenhorst,8263,47,2761,254,883,2068,-99,826,-99,266,-99,1158,8282,565,3498
46,03,Niedersachsen,03402,Emden,5488,-99,1768,41,85,1774,-99,741,-99,114,-99,965,5346,3576,4132
47,03,Niedersachsen,03403,Oldenburg,19129,41,5452,-99,-99,6303,432,3392,314,809,-99,2386,15599,12924,13220
48,03,Niedersachsen,03404,Osnabrück,19807,35,5310,790,2089,7699,-99,1109,234,1022,-99,1519,17863,22656,16416
49,03,Niedersachsen,03405,Wilhelmshaven,7071,16,2301,121,183,1590,-99,1366,-99,228,-99,1266,7123,5767,2760
50,03,Niedersachsen,03451,Ammerland,12928,55,4529,287,782,3703,-99,183,-99,540,-99,2849,13234,1177,3277
51,03,Niedersachsen,03452,Aurich,19867,34,6706,922,2764,4539,188,3745,-99,655,-99,314,17137,356,5005
52,03,Niedersachsen,03453,Cloppenburg,20263,36,7005,606,1762,4394,-99,397,-99,900,-99,5163,21518,202,5968
53,03,Niedersachsen,03454,Emsland,35945,255,12355,523,1019,10110,-99,648,-99,790,-99,10245,38154,0,11988
54,03,Niedersachsen,03455,Friesland,9293,74,3313,24,66,1984,-99,1665,-99,493,-99,1674,8652,722,2701
55,03,Niedersachsen,03456,Grafschaft Bentheim,14950,44,5160,1006,2021,4112,-99,-99,-99,477,-99,2130,15987,0,4176
56,03,Niedersachsen,03457,Leer,17087,64,5836,954,2046,3086,-99,2436,-99,548,-99,2117,17175,140,4909
57,03,Niedersachsen,03458,Oldenburg,12826,36,4914,322,954,2592,-99,669,-99,556,-99,2783,13441,569,1734
58,03,Niedersachsen,03459,Osnabrück,34642,91,13125,1000,2620,6827,684,2828,-99,798,-99,6669,36004,3197,2784
59,03,Niedersachsen,03460,Vechta,17212,125,5734,578,1569,4864,-99,-99,-99,714,-99,3628,17435,4829,5115
60,03,Niedersachsen,03461,Wesermarsch,9226,-99,3015,99,166,2799,-99,501,-99,284,-99,2362,8941,454,1941
61,03,Niedersachsen,03462,Wittmund,5951,47,1985,630,1293,1534,-99,-99,-99,214,-99,248,4969,53,1393
62,04,Bremen,04011,Bremen,54442,16,18341,-99,-99,10366,1068,23429,714,459,-99,49,51288,29788,20141
63,04,Bremen,04012,Bremerhaven,12496,-99,4417,-99,-99,1253,-99,6658,138,30,-99,-99,12794,2319,5231
64,05,Nordrhein-Westfalen,05111,Düsseldorf,61243,156,21619,2640,7271,19128,483,6565,856,2525,-99,-99,58034,43563,26561
65,05,Nordrhein-Westfalen,05112,Duisburg,52132,85,18203,811,3213,10827,145,14401,259,2313,-99,1875,50688,5941,15872
66,05,Nordrhein-Westfalen,05113,Essen,60584,95,19825,1435,7498,17671,441,8216,1203,3269,-99,931,59088,62485,20416
67,05,Nordrhein-Westfalen,05114,Krefeld,25444,82,7961,425,2350,6494,495,5984,376,1277,-99,-99,25774,11237,10164
68,05,Nordrhein-Westfalen,05116,Mönchengladbach,28525,-99,9340,2280,2607,6819,368,5801,-99,1310,-99,-99,28314,1052,9733
69,05,Nordrhein-Westfalen,05117,Mülheim an der Ruhr,18112,-99,6045,420,2201,4723,592,3676,-99,455,-99,-99,16460,6106,3529
70,05,Nordrhein-Westfalen,05119,Oberhausen,20303,-99,7089,-99,2466,4845,-99,5037,220,646,-99,-99,20445,3679,5506
71,05,Nordrhein-Westfalen,05120,Remscheid,12817,-99,3845,523,1406,3051,418,2443,185,485,-99,461,13142,1247,3625
72,05,Nordrhein-Westfalen,05122,Solingen,16859,-99,5505,171,1962,3428,-99,4680,-99,593,-99,520,16996,1782,4209
73,05,Nordrhein-Westfalen,05124,Wuppertal,38690,-99,12978,1996,4982,8535,377,7405,648,1769,-99,-99,37098,19289,10322
74,05,Nordrhein-Westfalen,05154,Kleve,30735,-99,10818,911,3918,7705,-99,4899,-99,1419,-99,1065,31865,6415,7659
75,05,Nordrhein-Westfalen,05158,Mettmann,51091,-99,17558,1136,6155,13907,659,8166,-99,1797,-99,1713,51660,5879,8263
76,05,Nordrhein-Westfalen,05162,Rhein-Kreis Neuss,50091,-99,16923,289,3532,16325,-99,9827,882,1350,-99,963,49809,5899,8941
77,05,Nordrhein-Westfalen,05166,Viersen,31903,-99,9909,856,2763,9324,-99,6902,513,1134,-99,502,33607,1298,5315
78,05,Nordrhein-Westfalen,05170,Wesel,47652,31,15466,594,3039,11633,547,12990,-99,1876,-99,1476,49931,1035,11796
79,05,Nordrhein-Westfalen,05314,Bonn,40749,-99,12134,1478,3626,14983,423,5538,1191,1376,-99,-99,40607,33933,13257
80,05,Nordrhein-Westfalen,05315,Köln,108502,286,37799,4909,12102,31261,712,14549,2607,4277,-99,-99,105314,89680,41479
81,05,Nordrhein-Westfalen,05316,Leverkusen,18806,-99,6205,857,2444,5615,-99,2954,-99,405,-99,326,19297,1856,6323
82,05,Nordrhein-Westfalen,05334,Aachen,56125,139,18151,1521,4932,16937,501,9812,599,2780,-99,753,58780,56760,18445
83,05,Nordrhein-Westfalen,05358,Düren,27128,65,8991,1098,1698,7442,-99,4865,-99,1352,-99,1617,27213,1074,6183
84,05,Nordrhein-Westfalen,05362,Rhein-Erft-Kreis,51005,-99,17528,3151,8059,14576,427,5567,-99,1697,-99,-99,51568,7915,9793
85,05,Nordrhein-Westfalen,05366,Euskirchen,21612,42,6780,826,2581,6682,82,3494,-99,1125,-99,-99,20962,335,3959
86,05,Nordrhein-Westfalen,05370,Heinsberg,26884,-99,8983,1421,3535,6686,144,5093,9,735,-99,278,28579,693,5823
87,05,Nordrhein-Westfalen,05374,Oberbergischer Kreis,32007,-99,10053,1225,4094,8109,455,4504,-99,1473,-99,2094,32954,259,7625
88,05,Nordrhein-Westfalen,05378,Rheinisch-Bergischer Kreis,30139,-99,10269,372,3128,9379,365,3642,-99,1309,-99,1675,29500,1808,3458
89,05,Nordrhein-Westfalen,05382,Rhein-Sieg-Kreis,65104,-99,22625,1404,3893,18776,390,13814,306,2531,-99,1365,66411,12646,8473
90,05,Nordrhein-Westfalen,05512,Bottrop,11341,-99,3931,349,1611,2978,-99,1922,-99,216,-99,334,11509,2836,2111
91,05,Nordrhein-Westfalen,05513,Gelsenkirchen,29994,154,10075,1612,2434,5117,-99,7298,993,1807,-99,504,28947,10136,9487
92,05,Nordrhein-Westfalen,05515,Münster,32885,171,10030,1144,3290,11716,408,3218,1026,1441,-99,441,32794,54240,18784
93,05,Nordrhein-Westfalen,05554,Borken,42261,-99,14302,1723,4771,9950,-99,6295,692,1584,-99,2944,45819,55,13011
94,05,Nordrhein-Westfalen,05558,Coesfeld,24456,-99,7813,1064,2960,6260,-99,3924,-99,907,-99,1528,26034,1228,6096
95,05,Nordrhein-Westfalen,05562,Recklinghausen,63393,-99,21193,2243,10059,15312,452,10209,-99,2706,-99,1219,65354,8132,19346
96,05,Nordrhein-Westfalen,05566,Steinfurt,50003,-99,16779,2679,7075,12456,122,6565,613,1987,-99,1727,53146,2657,13773
97,05,Nordrhein-Westfalen,05570,Warendorf,31241,-99,10376,1013,1275,8235,217,5049,-99,820,-99,4256,33784,1364,6231
98,05,Nordrhein-Westfalen,05711,Bielefeld,39008,196,12353,561,6029,9663,349,5626,1715,1909,-99,607,39693,31094,17301
99,05,Nordrhein-Westfalen,05754,Gütersloh,41793,-99,13721,397,3107,11178,390,10913,-99,1378,-99,709,44069,3406,8642
100,05,Nordrhein-Westfalen,05758,Herford,28418,-99,9218,151,4686,6840,-99,6073,-99,978,-99,472,28984,1424,8649
101,05,Nordrhein-Westfalen,05762,Höxter,16380,-99,4830,54,1653,5271,-99,1626,-99,628,-99,2318,17719,170,4325
102,05,Nordrhein-Westfalen,05766,Lippe,38732,-99,13282,1135,4240,9235,344,5866,-99,1435,-99,3195,39875,7529,8308
103,05,Nordrhein-Westfalen,05770,Minden-Lübbecke,36995,-99,11447,432,2977,8806,276,7167,601,1603,-99,3686,38030,37,8991
104,05,Nordrhein-Westfalen,05774,Paderborn,34625,153,11591,1004,3746,8295,440,6501,690,1271,-99,934,36230,20447,11110
105,05,Nordrhein-Westfalen,05911,Bochum,36207,134,11316,885,3199,8574,1210,7288,685,1945,-99,971,35813,35177,11874
106,05,Nordrhein-Westfalen,05913,Dortmund,60631,68,21059,2806,7599,14417,766,9308,1332,2854,-99,422,59680,42310,23150
107,05,Nordrhein-Westfalen,05914,Hagen,21682,-99,6981,1000,2027,5215,350,3836,577,813,-99,883,21599,2082,9377
108,05,Nordrhein-Westfalen,05915,Hamm,19905,-99,6543,1548,3558,4046,355,2937,-99,918,-99,-99,21062,5782,6655
109,05,Nordrhein-Westfalen,05916,Herne,16670,-99,5329,354,2510,3689,900,3120,145,623,-99,-99,16703,3107,3793
110,05,Nordrhein-Westfalen,05954,Ennepe-Ruhr-Kreis,31493,-99,10476,895,3560,8458,747,4787,-99,1123,-99,1447,32486,12768,6329
111,05,Nordrhein-Westfalen,05958,Hochsauerlandkreis,27369,-99,8687,1942,3791,7504,-99,-99,235,1308,-99,3902,29216,76,9585
112,05,Nordrhein-Westfalen,05962,Märkischer Kreis,43631,-99,14379,1505,6149,10561,400,7684,-99,1721,-99,1232,44723,13178,11934
113,05,Nordrhein-Westfalen,05966,Olpe,15682,62,4902,81,1323,4502,-99,1300,192,926,-99,2394,16528,410,3238
114,05,Nordrhein-Westfalen,05970,Siegen-Wittgenstein,29910,-99,9657,1349,4064,7996,327,4039,355,866,-99,1257,30101,17057,9888
115,05,Nordrhein-Westfalen,05974,Soest,34606,56,10565,636,2968,10348,263,2985,628,1880,-99,4277,35439,396,8932
116,05,Nordrhein-Westfalen,05978,Unna,42080,-99,13535,1684,4493,10474,-99,8988,159,1290,-99,1457,44519,2718,9637
117,06,Hessen,06411,Kreisfreie Stadt Darmstadt,18634,78,5259,336,1091,8102,645,2089,305,571,158,-99,18541,30624,12203
118,06,Hessen,06412,Kreisfreie Stadt Frankfurt am Main,72295,462,26425,1928,6123,22673,900,10118,1060,2339,267,-99,67020,56517,27355
119,06,Hessen,06413,Kreisfreie Stadt Offenbach am Main,14412,144,5022,388,570,3965,-99,3084,171,648,420,-99,13477,3489,4792
120,06,Hessen,06414,Landeshauptstadt Wiesbaden,31140,200,10881,506,2593,9519,434,5255,431,1160,-99,161,30150,24703,10611
121,06,Hessen,06431,Bergstraße,25853,127,9377,1565,4336,8501,-99,850,187,618,14,278,26780,1612,4375
122,06,Hessen,06432,Darmstadt-Dieburg,29163,170,10443,1122,2221,8838,-99,3235,-99,1234,1362,538,28487,7402,1636
123,06,Hessen,06433,Groß-Gerau,27740,209,10472,472,880,6911,-99,7286,-99,839,671,-99,26081,6158,5634
124,06,Hessen,06434,Hochtaunus,27258,87,9350,705,2369,10989,328,2198,-99,463,769,-99,27091,2230,4898
125,06,Hessen,06435,Main-Kinzig,42029,373,14392,1964,6251,11821,-99,5731,-99,1303,194,-99,42465,1566,12181
126,06,Hessen,06436,Main-Taunus,25543,98,9350,954,3527,9135,-99,1503,-99,563,413,-99,23906,4159,3844
127,06,Hessen,06437,Odenwaldkreis,9488,44,3310,311,854,2812,-99,1301,-99,481,7,368,10099,79,1471
128,06,Hessen,06438,Offenbach,36229,277,12950,1803,4726,11328,435,2698,141,882,989,-99,35322,4146,6256
129,06,Hessen,06439,Rheingau-Taunus,18143,61,6095,441,1998,6390,-99,2329,-99,658,171,-99,18903,7683,1554
130,06,Hessen,06440,Wetterau,32751,159,11166,1407,3281,11979,503,1355,-99,832,1119,950,33055,1900,6916
131,06,Hessen,06531,Gießen,26834,157,8465,656,1274,6748,-99,6992,273,1115,917,237,27443,33965,8246
132,06,Hessen,06532,Lahn-Dill,24967,110,9090,796,2010,6069,-99,4890,94,748,302,858,25824,2500,8213
133,06,Hessen,06533,Limburg-Weilburg,17821,116,5745,1075,2628,5021,-99,1312,23,548,333,1020,17440,512,7649
134,06,Hessen,06534,Marburg-Biedenkopf,24087,144,7991,845,1850,7526,442,1604,271,916,1689,809,25310,22906,7269
135,06,Hessen,06535,Vogelsberg,9430,76,3474,517,1111,2636,-99,596,50,171,799,-99,10191,114,3040
136,06,Hessen,06611,Kreisfreie Stadt Kassel,20450,152,6568,560,1479,6199,845,2547,282,1111,396,311,21880,20358,13294
137,06,Hessen,06631,Fulda,22534,137,7784,1678,5398,5711,533,-99,-99,860,433,-99,23362,8240,8347
138,06,Hessen,06632,Hersfeld-Rotenburg,11602,107,4030,486,1049,3024,-99,1445,273,379,809,-99,12090,7,3732
139,06,Hessen,06633,Kassel,21223,113,7799,654,1233,5205,-99,4268,-99,696,909,346,18827,4001,2694
140,06,Hessen,06634,Schwalm-Eder,18297,106,6181,840,1813,5776,-99,1554,-99,968,1059,-99,18403,226,3736
141,06,Hessen,06635,Waldeck-Frankenberg,15662,102,5269,846,2544,4418,-99,438,-99,926,684,435,16733,75,4708
142,06,Hessen,06636,Werra-Meißner,9094,60,3117,393,818,2411,126,877,-99,304,597,391,9186,3147,2180
143,07,Rheinland-Pfalz,07111,Stadt Koblenz,12455,-99,3479,-99,-99,5485,-99,805,222,319,-99,2145,11870,7705,9401
144,07,Rheinland-Pfalz,07131,Ahrweiler,12234,-99,4063,-99,390,4549,-99,566,-99,450,-99,2216,12569,229,2627
145,07,Rheinland-Pfalz,07132,Altenkirchen (Ww),12604,-99,4516,-99,-99,2813,-99,2392,-99,337,-99,2546,12972,296,3484
146,07,Rheinland-Pfalz,07133,Bad Kreuznach,16623,10,5523,-99,-99,5118,28,1763,-99,566,-99,3615,16740,195,4732
147,07,Rheinland-Pfalz,07134,Birkenfeld,6908,-99,2538,-99,-99,1982,-99,747,-99,405,-99,1236,6913,27,2146
148,07,Rheinland-Pfalz,07135,Cochem-Zell,4964,12,1889,-99,-99,733,-99,602,-99,275,-99,1453,5855,0,843
149,07,Rheinland-Pfalz,07137,Mayen-Koblenz,20125,-99,7110,-99,-99,5651,-99,1679,-99,615,-99,5070,20808,1378,3538
150,07,Rheinland-Pfalz,07138,Neuwied,19017,-99,6357,-99,-99,4710,412,797,-99,1686,-99,5055,20122,294,6541
151,07,Rheinland-Pfalz,07140,Rhein-Hunsrück-Kreis,10378,-99,3507,-99,360,2276,128,1851,-99,302,-99,1954,10531,26,3029
152,07,Rheinland-Pfalz,07141,Rhein-Lahn-Kreis,12108,-99,3978,-99,-99,3824,300,818,-99,376,-99,2812,12224,865,2258
153,07,Rheinland-Pfalz,07143,Westerwaldkreis,19353,-99,7091,-99,-99,4966,-99,832,-99,749,-99,5715,20888,395,4423
154,07,Rheinland-Pfalz,07211,Stadt Trier,11916,-99,3222,-99,568,4782,417,777,-99,466,-99,1684,11501,16374,8248
155,07,Rheinland-Pfalz,07231,Bernkastel-Wittlich,11155,-99,3761,-99,-99,2825,-99,1558,-99,496,-99,2515,11198,152,2212
156,07,Rheinland-Pfalz,07232,Eifelkreis Bitburg-Prüm,10195,-99,3470,-99,-99,3427,-99,-99,34,380,-99,2884,9585,169,1939
157,07,Rheinland-Pfalz,07233,Vulkaneifel,5849,-99,1931,-99,-99,1877,-99,-99,-99,201,-99,1840,5635,0,1462
158,07,Rheinland-Pfalz,07235,Trier-Saarburg,13271,-99,5345,88,-99,4205,-99,779,-99,560,-99,2294,10582,2171,773
159,07,Rheinland-Pfalz,07311,Stadt Frankenthal (Pfalz),7252,-99,1629,-99,-99,2474,425,824,-99,644,-99,1256,6379,446,1429
160,07,Rheinland-Pfalz,07312,Stadt Kaiserslautern,11821,-99,3151,-99,437,5238,-99,1710,-99,234,-99,1051,9753,17296,6401
161,07,Rheinland-Pfalz,07313,Stadt Landau in der Pfalz,8148,-99,1708,-99,421,3167,-99,1468,-99,698,-99,686,5127,57,2558
162,07,Rheinland-Pfalz,07314,Stadt Ludwigshafen a. Rh.,18604,12,6583,-99,-99,4886,-99,2906,-99,973,-99,3244,18263,6955,12292
163,07,Rheinland-Pfalz,07315,Stadt Mainz,22437,12,6807,-99,259,9053,397,3262,227,372,-99,2048,21362,40521,9030
164,07,Rheinland-Pfalz,07316,Stadt Neustadt a.d. W.,5124,-99,1730,-99,-99,2674,125,-99,-99,115,-99,480,5453,48,2894
165,07,Rheinland-Pfalz,07317,Stadt Pirmasens,4513,8,1447,31,-99,1934,-99,-99,-99,269,-99,824,4164,23,1727
166,07,Rheinland-Pfalz,07318,Stadt Speyer,8053,21,1700,-99,351,3851,-99,922,105,246,-99,857,6587,543,2049
167,07,Rheinland-Pfalz,07319,Stadt Worms,9031,26,3060,-99,-99,2912,-99,822,-99,221,-99,1990,9182,2938,2874
168,07,Rheinland-Pfalz,07320,Stadt Zweibrücken,4187,-99,1114,-99,-99,1972,-99,-99,-99,109,-99,992,3473,153,1294
169,07,Rheinland-Pfalz,07331,Alzey-Worms,13050,-99,4707,-99,-99,3179,-99,1761,-99,260,-99,3143,13685,448,1320
170,07,Rheinland-Pfalz,07332,Bad Dürkheim,11110,-99,4373,-99,-99,2812,-99,1640,-99,426,-99,1859,11547,286,1277
171,07,Rheinland-Pfalz,07333,Donnersbergkreis,8238,-99,2596,-99,-99,2291,-99,1536,-99,466,-99,1349,8659,161,1482
172,07,Rheinland-Pfalz,07334,Germersheim,12213,-99,4614,-99,-99,2545,-99,3073,-99,273,-99,1708,12115,654,1833
173,07,Rheinland-Pfalz,07335,Kaiserslautern,10075,-99,3829,-99,376,1651,384,2389,-99,315,-99,1131,8214,1655,1074
174,07,Rheinland-Pfalz,07336,Kusel,5489,-99,2205,-99,-99,1199,-99,770,-99,216,-99,1099,5533,75,681
175,07,Rheinland-Pfalz,07337,Südliche Weinstraße,9784,-99,3500,-99,-99,3269,-99,-99,-99,260,-99,2755,10546,78,1577
176,07,Rheinland-Pfalz,07338,Rhein-Pfalz-Kreis,11090,-99,5436,-99,-99,1790,-99,862,-99,97,-99,2905,11084,1188,0
177,07,Rheinland-Pfalz,07339,Mainz-Bingen,22307,-99,7893,-99,-99,7420,-99,3371,-99,570,-99,3053,22794,4518,2851
178,07,Rheinland-Pfalz,07340,Südwestpfalz,6644,-99,2760,-99,-99,499,-99,2211,-99,-99,-99,1174,7145,256,804
179,08,Baden-Württemberg,08111,Stuttgart,59213,554,18272,2456,8800,19853,2672,3378,512,2716,-99,-99,57336,72711,38162
180,08,Baden-Württemberg,08115,Böblingen,39762,320,10797,1308,7847,11137,369,6476,37,1471,-99,-99,39418,3675,12286
181,08,Baden-Württemberg,08116,Esslingen,53355,387,16841,2049,10692,15195,1765,4214,135,2077,-99,-99,55519,16817,13800
182,08,Baden-Württemberg,08117,Göppingen,25431,167,6715,1152,5255,5976,608,4363,65,1130,-99,-99,27119,378,9294
183,08,Baden-Württemberg,08118,Ludwigsburg,56272,406,16857,1115,11920,15954,823,7271,25,1901,-99,-99,57439,10907,11530
184,08,Baden-Württemberg,08119,Rems-Murr-Kreis,42358,277,10523,892,8931,10122,1394,8603,91,1525,-99,-99,44820,3400,13856
185,08,Baden-Württemberg,08121,Heilbronn,15141,86,4098,1057,3096,4080,392,1145,187,1000,-99,-99,15360,5980,14432
186,08,Baden-Württemberg,08125,Heilbronn,33042,100,9632,1368,6631,7532,-99,6442,-99,1337,-99,-99,33723,1549,2536
187,08,Baden-Württemberg,08126,Hohenlohekreis,11359,27,3404,630,2396,2335,-99,1893,-99,674,-99,-99,12107,13,5215
188,08,Baden-Württemberg,08127,Schwäbisch Hall,20200,113,6159,975,4610,4415,597,2375,6,950,-99,-99,22185,5,6295
189,08,Baden-Württemberg,08128,Main-Tauber-Kreis,13245,41,3458,494,3871,2830,-99,2029,11,511,-99,-99,14956,97,5702
190,08,Baden-Württemberg,08135,Heidenheim,13797,52,3869,826,2921,3400,345,1677,-99,707,-99,-99,14689,94,3868
191,08,Baden-Württemberg,08136,Ostalbkreis,34337,248,7862,1337,7303,9185,622,5473,93,2214,-99,-99,37145,7780,11900
192,08,Baden-Württemberg,08211,Baden-Baden,5543,75,1711,350,623,2474,-99,-99,-99,310,-99,-99,5533,0,2935
193,08,Baden-Württemberg,08212,Karlsruhe,27391,211,8052,1115,3690,9737,1000,2098,174,1314,-99,-99,27941,31168,18536
194,08,Baden-Württemberg,08215,Karlsruhe,43222,206,13140,2049,8872,11369,-99,5751,-99,1835,-99,-99,42042,3103,9757
195,08,Baden-Württemberg,08216,Rastatt,21574,218,6467,1565,5210,4360,327,2548,50,829,-99,-99,22226,413,7194
196,08,Baden-Württemberg,08221,Heidelberg,15652,144,4183,51,1613,6278,478,2252,188,465,-99,-99,15133,26511,8912
197,08,Baden-Württemberg,08222,Mannheim,30389,295,9481,2125,4484,8911,1016,2430,316,1331,-99,-99,30713,15791,14677
198,08,Baden-Württemberg,08225,Neckar-Odenwald-Kreis,14321,104,3885,1070,2608,4036,-99,1698,-99,920,-99,-99,15943,14,4683
199,08,Baden-Württemberg,08226,Rhein-Neckar-Kreis,50487,339,16620,2167,8636,14759,-99,5439,4,2523,-99,-99,50876,6770,12064
200,08,Baden-Württemberg,08231,Pforzheim,14938,182,3889,1621,2357,4486,771,754,86,792,-99,-99,15060,5000,8620
201,08,Baden-Württemberg,08235,Calw,15817,114,4662,1445,3476,3525,120,1728,13,734,-99,-99,17228,291,5568
202,08,Baden-Württemberg,08236,Enzkreis,17281,22,6199,1339,4132,3505,-99,1563,-99,521,-99,-99,18163,1121,931
203,08,Baden-Württemberg,08237,Freudenstadt,11637,67,3812,857,2562,2488,225,940,-99,686,-99,-99,13049,9,3720
204,08,Baden-Württemberg,08311,Freiburg im Breisgau,25270,205,7528,1016,2974,8904,1480,1745,256,1162,-99,-99,25029,26831,16452
205,08,Baden-Württemberg,08315,Breisgau-Hochschwarzwald,25594,228,8374,1576,5357,6577,375,2079,-99,1028,-99,-99,26148,2890,3234
206,08,Baden-Württemberg,08316,Emmendingen,15247,138,5524,1397,3308,3096,353,453,17,961,-99,-99,16371,1351,3522
207,08,Baden-Württemberg,08317,Ortenaukreis,45196,375,13320,3523,9617,11699,659,3870,135,1998,-99,-99,48256,3723,14640
208,08,Baden-Württemberg,08325,Rottweil,13874,107,4803,1119,2541,3541,186,981,-99,596,-99,-99,15434,48,4959
209,08,Baden-Württemberg,08326,Schwarzwald-Baar-Kreis,21670,160,6395,1416,4775,4971,414,2348,79,1112,-99,-99,22647,2831,10139
210,08,Baden-Württemberg,08327,Tuttlingen,15079,107,4649,1206,3639,3242,-99,1637,-99,599,-99,-99,15766,156,4628
211,08,Baden-Württemberg,08335,Konstanz,28266,205,8379,1453,4853,7536,610,3979,72,1179,-99,-99,29104,13899,9649
212,08,Baden-Württemberg,08336,Lörrach,24263,218,7749,761,4708,6094,823,2762,87,1061,-99,-99,25428,48,7075
213,08,Baden-Württemberg,08337,Waldshut,18104,78,5795,1347,4277,3425,142,2462,-99,578,-99,-99,19082,3,4698
214,08,Baden-Württemberg,08415,Reutlingen,28691,249,8207,1335,5023,7583,724,4327,71,1172,-99,-99,30507,6575,10569
215,08,Baden-Württemberg,08416,Tübingen,23488,154,6438,549,1454,8732,807,4396,33,925,-99,-99,23754,23958,6679
216,08,Baden-Württemberg,08417,Zollernalbkreis,17907,234,5830,1616,4173,3746,374,1184,47,703,-99,-99,19985,102,5509
217,08,Baden-Württemberg,08421,Ulm,15569,105,3986,303,2310,5763,809,1420,155,718,-99,-99,15338,11028,11496
218,08,Baden-Württemberg,08425,Alb-Donau-Kreis,18466,50,5840,632,4781,3179,-99,3455,-99,529,-99,-99,19146,1607,3466
219,08,Baden-Württemberg,08426,Biberach,21475,129,6445,1113,4676,4526,194,3428,7,957,-99,-99,22712,4882,6724
220,08,Baden-Württemberg,08435,Bodenseekreis,21625,134,6368,1336,3800,5155,844,2612,28,1348,-99,-99,22707,2519,7313
221,08,Baden-Württemberg,08436,Ravensburg,33437,453,8822,2315,6782,7844,786,3640,113,2682,-99,-99,35360,6108,13410
222,08,Baden-Württemberg,08437,Sigmaringen,13632,141,4099,1151,2741,3714,-99,1008,-99,778,-99,-99,15471,3122,4257
223,09,Freistaat Bayern,09161,Ingolstadt,15071,-99,4603,2298,2937,4523,-99,-99,-99,710,-99,-99,14595,4703,8244
224,09,Freistaat Bayern,09162,München,128364,-99,46011,14080,18119,39767,1460,965,469,6896,597,-99,123512,110747,58312
225,09,Freistaat Bayern,09163,Rosenheim,8465,-99,2111,1026,1610,3026,340,-99,-99,352,-99,-99,7610,3236,5774
226,09,Freistaat Bayern,09171,Altötting,11325,-99,3932,2119,2522,2277,16,-99,-99,459,-99,-99,12018,0,3573
227,09,Freistaat Bayern,09172,Berchtesgadener Land,9542,-99,3355,1486,2055,2106,-99,-99,-99,540,-99,-99,9958,0,1539
228,09,Freistaat Bayern,09173,Bad Tölz-Wolfratshausen,13475,-99,4441,2042,2695,3459,261,-99,15,562,-99,-99,14540,66,2525
229,09,Freistaat Bayern,09174,Dachau,15890,-99,5985,2962,2888,3591,-99,-99,-99,464,-99,-99,15426,993,2053
230,09,Freistaat Bayern,09175,Ebersberg,16388,-99,5537,1752,3230,4879,402,-99,-99,588,-99,-99,16716,730,79
231,09,Freistaat Bayern,09176,Eichstätt,12967,-99,4899,2310,2712,2744,-99,-99,-99,302,-99,-99,14332,4139,1098
232,09,Freistaat Bayern,09177,Erding,14092,-99,5044,2494,2998,3139,-99,-99,-99,417,-99,-99,14549,328,2977
233,09,Freistaat Bayern,09178,Freising,17024,-99,6320,2889,3498,3756,-99,-99,-99,561,-99,-99,17086,5830,2980
234,09,Freistaat Bayern,09179,Fürstenfeldbruck,23295,-99,8359,2884,3799,7278,450,-99,-99,525,-99,-99,23369,1491,3717
235,09,Freistaat Bayern,09180,Garmisch-Partenkirchen,8400,-99,2724,1144,1670,2320,-99,-99,-99,542,-99,-99,8629,0,1376
236,09,Freistaat Bayern,09181,Landsberg am Lech,12907,-99,4181,1738,2643,3400,424,-99,-99,521,-99,-99,13316,45,2510
237,09,Freistaat Bayern,09182,Miesbach,10175,-99,3438,1209,2445,2676,-99,-99,-99,407,-99,-99,9508,59,1997
238,09,Freistaat Bayern,09183,Mühldorf a.Inn,11103,-99,4107,2238,2040,2276,-99,-99,-99,442,-99,-99,11120,2,2505
239,09,Freistaat Bayern,09184,München,37997,-99,13987,3737,4170,14907,403,-99,-99,793,-99,-99,35547,6776,1032
240,09,Freistaat Bayern,09185,Neuburg-Schrobenhausen,9967,-99,3483,1488,2709,1857,-99,-99,-99,430,-99,-99,10111,165,2845
241,09,Freistaat Bayern,09186,Pfaffenhofen a.d.Ilm,11651,-99,4636,2088,2532,1842,-99,-99,-99,553,-99,-99,12573,233,2093
242,09,Freistaat Bayern,09187,Rosenheim,24194,-99,9041,4392,4740,4487,627,-99,-99,907,-99,-99,24510,1820,3644
243,09,Freistaat Bayern,09188,Starnberg,15732,-99,5771,2183,2480,4958,-99,-99,-99,340,-99,-99,15814,484,2158
244,09,Freistaat Bayern,09189,Traunstein,17152,-99,5976,3270,3283,4028,-99,-99,-99,595,-99,-99,18439,0,5354
245,09,Freistaat Bayern,09190,Weilheim-Schongau,13827,-99,4905,2624,2560,3036,129,-99,-99,573,-99,-99,14971,12,4132
246,09,Freistaat Bayern,09261,Landshut,8533,-99,2409,848,2204,2524,42,-99,-99,506,-99,-99,8233,3046,7857
247,09,Freistaat Bayern,09262,Passau,5699,-99,1475,589,1182,1980,-99,-99,-99,473,-99,-99,4482,10036,5896
248,09,Freistaat Bayern,09263,Straubing,7096,-99,1334,870,1445,2600,-99,-99,-99,847,-99,-99,5188,68,4880
249,09,Freistaat Bayern,09271,Deggendorf,11277,-99,3875,1774,2555,2641,-99,-99,-99,432,-99,-99,11997,6233,3999
250,09,Freistaat Bayern,09272,Freyung-Grafenau,6607,-99,2272,1281,1237,1540,-99,-99,-99,277,-99,-99,7166,56,768
251,09,Freistaat Bayern,09273,Kelheim,12046,-99,4381,2357,2456,2310,-99,-99,-99,542,-99,-99,12269,723,2140
252,09,Freistaat Bayern,09274,Landshut,14587,-99,5850,2912,3237,2183,-99,-99,-99,405,-99,-99,13312,989,0
253,09,Freistaat Bayern,09275,Passau,16408,-99,6323,3516,3275,2787,-99,-99,-99,507,-99,-99,18483,1144,531
254,09,Freistaat Bayern,09276,Regen,6860,-99,2371,1376,1473,1343,-99,-99,-99,297,-99,-99,7494,53,1193
255,09,Freistaat Bayern,09277,Rottal-Inn,11315,-99,3955,2263,2661,2000,-99,-99,-99,436,-99,-99,10558,4,2177
256,09,Freistaat Bayern,09278,Straubing-Bogen,7627,-99,3354,1452,1264,1246,-99,-99,-99,311,-99,-99,7693,82,7
257,09,Freistaat Bayern,09279,Dingolfing-Landau,9049,-99,3207,1756,2000,1732,-99,-99,-99,354,-99,-99,9961,64,2041
258,09,Freistaat Bayern,09361,Amberg,6170,-99,1361,851,1695,1914,-99,-99,-99,349,-99,-99,4327,1910,2327
259,09,Freistaat Bayern,09362,Regensburg,17495,-99,4664,2230,2840,6317,135,-99,81,1228,-99,-99,15120,25199,12071
260,09,Freistaat Bayern,09363,Weiden i.d.OPf.,5620,-99,1346,663,1369,2108,-99,-99,-99,134,-99,-99,4248,0,4561
261,09,Freistaat Bayern,09371,Amberg-Sulzbach,6710,-99,3277,1643,1007,603,-99,-99,-99,180,-99,-99,7138,685,634
262,09,Freistaat Bayern,09372,Cham,11342,-99,4176,2063,2587,2136,-99,-99,-99,380,-99,-99,12547,10,2082
263,09,Freistaat Bayern,09373,Neumarkt i.d.OPf.,13182,-99,4608,2475,2894,2833,-99,-99,-99,372,-99,-99,14825,21,3084
264,09,Freistaat Bayern,09374,Neustadt a.d.Waldnaab,7352,-99,2969,1351,1356,1225,-99,-99,-99,451,-99,-99,8083,10,929
265,09,Freistaat Bayern,09375,Regensburg,13559,-99,6741,2426,2137,1916,-99,-99,-99,339,-99,-99,13734,4090,176
266,09,Freistaat Bayern,09376,Schwandorf,13947,-99,4790,2689,2709,3358,-99,-99,-99,401,-99,-99,14866,342,3217
267,09,Freistaat Bayern,09377,Tirschenreuth,5651,-99,2287,1032,1467,660,-99,-99,-99,205,-99,-99,6738,22,1387
268,09,Freistaat Bayern,09461,Bamberg,10850,-99,2210,827,1427,5734,-99,-99,72,580,-99,-99,8131,8701,6430
269,09,Freistaat Bayern,09462,Bayreuth,9448,-99,2049,959,1672,4131,-99,-99,-99,637,-99,-99,7243,10709,4919
270,09,Freistaat Bayern,09463,Coburg,6198,-99,1179,533,1537,2284,324,-99,-99,341,-99,-99,4120,3482,3599
271,09,Freistaat Bayern,09464,Hof,5954,-99,1555,964,829,1918,290,-99,-99,398,-99,-99,4766,2240,4299
272,09,Freistaat Bayern,09471,Bamberg,9726,-99,5176,2085,2071,-99,-99,-99,-99,394,-99,-99,10269,2726,-99
273,09,Freistaat Bayern,09472,Bayreuth,7249,-99,3338,1283,932,674,-99,916,-99,106,-99,-99,7524,966,204
274,09,Freistaat Bayern,09473,Coburg,5304,-99,2642,1185,654,592,-99,-99,-99,231,-99,-99,5763,1288,-99
275,09,Freistaat Bayern,09474,Forchheim,10989,-99,4133,1833,2260,2434,-99,-99,-99,329,-99,-99,11856,1282,1051
276,09,Freistaat Bayern,09475,Hof,6979,-99,2772,1592,1418,1054,-99,-99,-99,143,-99,-99,7825,399,609
277,09,Freistaat Bayern,09476,Kronach,5870,-99,2100,1145,1063,1348,-99,-99,-99,214,-99,-99,6096,13,1205
278,09,Freistaat Bayern,09477,Kulmbach,5559,-99,2032,910,825,1464,51,-99,-99,277,-99,-99,6510,274,2240
279,09,Freistaat Bayern,09478,Lichtenfels,6015,-99,2150,961,1234,1405,-99,-99,-99,265,-99,-99,6470,121,1428
280,09,Freistaat Bayern,09479,Wunsiedel i.Fichtelgebirge,7111,-99,2196,1172,1540,1890,-99,-99,-99,313,-99,-99,6996,5,2104
281,09,Freistaat Bayern,09561,Ansbach,5840,-99,1395,899,1274,2038,-99,-99,-99,234,-99,-99,4654,2205,5508
282,09,Freistaat Bayern,09562,Erlangen,12942,-99,3846,1107,2051,4871,541,-99,-99,526,-99,-99,11544,23042,4217
283,09,Freistaat Bayern,09563,Fürth,11644,-99,4085,2006,1866,2960,-99,-99,-99,727,-99,-99,11454,1904,5429
284,09,Freistaat Bayern,09564,Nürnberg,49447,-99,16762,8708,7252,12046,955,-99,801,2923,-99,-99,47255,15928,25063
285,09,Freistaat Bayern,09565,Schwabach,5138,-99,1326,702,1098,1709,-99,-99,-99,303,-99,-99,4987,58,737
286,09,Freistaat Bayern,09571,Ansbach,17342,-99,6358,3011,3984,3000,-99,-99,-99,989,-99,-99,18875,360,2032
287,09,Freistaat Bayern,09572,Erlangen-Höchstadt,13589,-99,4816,2142,1728,4264,-99,-99,-99,639,-99,-99,13777,3998,1582
288,09,Freistaat Bayern,09573,Fürth,10132,-99,3950,1490,1416,2890,-99,-99,-99,386,-99,-99,9855,765,-99
289,09,Freistaat Bayern,09574,Nürnberger Land,16208,-99,5771,2690,2976,3620,-99,-99,-99,1151,-99,-99,16693,417,2669
290,09,Freistaat Bayern,09575,Neustadt a.d.Aisch-Bad Windsheim,9596,-99,3290,1501,2071,2215,-99,-99,-99,519,-99,-99,10302,69,1414
291,09,Freistaat Bayern,09576,Roth,11741,-99,4195,1960,1986,2460,521,-99,-99,619,-99,-99,12396,62,1877
292,09,Freistaat Bayern,09577,Weißenburg-Gunzenhausen,9033,-99,3198,1831,1684,1950,-99,-99,-99,370,-99,-99,9579,26,2148
293,09,Freistaat Bayern,09661,Aschaffenburg,9268,-99,2216,1183,1925,3502,-99,-99,-99,442,-99,-99,8268,1802,6927
294,09,Freistaat Bayern,09662,Schweinfurt,8714,-99,1871,1151,1870,2874,-99,-99,287,661,-99,-99,6534,70,6582
295,09,Freistaat Bayern,09663,Würzburg,15643,-99,3165,1292,2888,6265,392,-99,85,1556,-99,-99,10670,28228,10927
296,09,Freistaat Bayern,09671,Aschaffenburg,14426,-99,5752,2450,3034,2528,-99,-99,-99,662,-99,-99,15444,818,-99
297,09,Freistaat Bayern,09672,Bad Kissingen,9154,-99,3142,1719,1588,2196,-99,-99,-99,509,-99,-99,10088,3,1944
298,09,Freistaat Bayern,09673,Rhön-Grabfeld,8012,-99,2559,1411,1917,1685,-99,-99,-99,440,-99,-99,8652,0,2131
299,09,Freistaat Bayern,09674,Haßberge,8498,-99,2740,1458,1866,1685,328,-99,-99,421,-99,-99,8947,104,1276
300,09,Freistaat Bayern,09675,Kitzingen,10185,-99,2915,1286,2114,3525,-99,-99,-99,345,-99,-99,10394,709,2180
301,09,Freistaat Bayern,09676,Miltenberg,11797,-99,4329,2249,2174,2637,-99,-99,-99,408,-99,-99,13051,61,2082
302,09,Freistaat Bayern,09677,Main-Spessart,11472,-99,3951,1748,2808,2541,-99,-99,-99,424,-99,-99,12622,470,1826
303,09,Freistaat Bayern,09678,Schweinfurt,6737,-99,3715,1711,873,-99,-99,-99,-99,438,-99,-99,7213,111,0
304,09,Freistaat Bayern,09679,Würzburg,9407,-99,5256,1915,1318,639,-99,-99,-99,279,-99,-99,9811,5794,16
305,09,Freistaat Bayern,09761,Augsburg,28963,-99,8773,4987,5220,7757,403,-99,418,1405,-99,-99,28453,20836,15380
306,09,Freistaat Bayern,09762,Kaufbeuren,5733,-99,1396,806,1440,1682,-99,-99,-99,409,-99,-99,5428,0,3212
307,09,Freistaat Bayern,09763,Kempten (Allgäu),8913,-99,2240,1188,2340,2496,-99,-99,-99,649,-99,-99,8173,3988,6991
308,09,Freistaat Bayern,09764,Memmingen,5600,-99,1476,852,1421,1511,-99,-99,-99,340,-99,-99,5549,5,4342
309,09,Freistaat Bayern,09771,Aichach-Friedberg,12095,-99,4792,2016,2713,2020,-99,-99,-99,554,-99,-99,12200,1120,2106
310,09,Freistaat Bayern,09772,Augsburg,23451,-99,9019,4246,4624,4374,-99,-99,-99,1188,-99,-99,24895,2203,1825
311,09,Freistaat Bayern,09773,Dillingen a.d.Donau,10044,-99,3339,1810,1916,2502,75,-99,-99,402,-99,-99,11073,3,3382
312,09,Freistaat Bayern,09774,Günzburg,13885,-99,4341,2173,2937,3575,-99,-99,-99,859,-99,-99,14424,109,3056
313,09,Freistaat Bayern,09775,Neu-Ulm,16182,-99,6401,2832,3023,3471,-99,-99,-99,455,-99,-99,15762,3374,4040
314,09,Freistaat Bayern,09776,Lindau (Bodensee),7001,-99,2668,812,1329,1843,-99,-99,-99,349,-99,-99,8001,9,2302
315,09,Freistaat Bayern,09777,Ostallgäu,13093,-99,4693,2531,2716,2779,-99,-99,-99,374,-99,-99,14473,27,895
316,09,Freistaat Bayern,09778,Unterallgäu,12022,-99,4991,2245,2450,2172,-99,-99,-99,164,-99,-99,13044,10,2155
317,09,Freistaat Bayern,09779,Donau-Ries,13573,-99,4685,2302,3465,2621,-99,-99,-99,500,-99,-99,14358,0,3263
318,09,Freistaat Bayern,09780,Oberallgäu,11767,-99,4979,2808,1361,1798,336,-99,-99,485,-99,-99,11726,902,2000
319,10,Saarland,10041,Regionalverband Saarbrücken,30091,49,10653,-99,520,8240,527,8541,329,1181,-99,51,29648,24978,13758
320,10,Saarland,10042,Landkreis Merzig-Wadern,10376,-99,3444,-99,-99,2608,-99,4072,-99,252,-99,-99,10360,40,1519
321,10,Saarland,10043,Landkreis Neunkirchen,11097,-99,4025,-99,-99,2566,-99,4079,-99,427,-99,-99,10787,859,3466
322,10,Saarland,10044,Landkreis Saarlouis,18103,-99,6341,-99,-99,5469,-99,5513,70,710,-99,-99,17333,842,5736
323,10,Saarland,10045,Saarpfalz-Kreis,13286,-99,4458,-99,551,4071,377,3243,-99,586,-99,-99,11777,1585,4298
324,10,Saarland,10046,Landkreis St. Wendel,8294,-99,2565,-99,-99,1566,330,3606,-99,227,-99,-99,7525,67,82
325,11,Berlin,11000,Berlin,360031,-99,119663,-99,-99,76510,4627,94030,3068,8167,53966,-99,327252,188068,88374
326,12,Brandenburg,12051,Brandenburg an der Havel,6774,-99,2371,-99,-99,1679,-99,-99,58,283,1079,1304,6252,2287,1959
327,12,Brandenburg,12052,Cottbus,10094,-99,3177,-99,-99,2187,326,1617,212,352,1342,881,9757,6484,2151
328,12,Brandenburg,12053,Frankfurt (Oder),5888,-99,1820,-99,-99,1387,287,459,44,234,838,819,5651,5792,1810
329,12,Brandenburg,12054,Potsdam,22968,-99,7185,-99,-99,5355,369,4894,431,822,3163,749,20292,15909,5537
330,12,Brandenburg,12060,Barnim,17722,-99,6639,-99,-99,4069,-99,907,100,747,2908,2352,15651,2085,2977
331,12,Brandenburg,12061,Dahme-Spreewald,16284,-99,6059,-99,-99,3592,-99,1011,236,508,2705,2173,14916,3082,839
332,12,Brandenburg,12062,Elbe-Elster,8993,-99,3255,-99,-99,1944,-99,-99,54,327,1534,1879,8947,1,1804
333,12,Brandenburg,12063,Havelland,16813,-99,6030,-99,-99,3766,-99,1989,41,328,2716,1943,16357,554,1588
334,12,Brandenburg,12064,Märkisch-Oderland,18066,-99,6991,-99,-99,3496,-99,531,66,828,3068,3086,16891,338,1723
335,12,Brandenburg,12065,Oberhavel,21086,-99,7674,-99,-99,4107,-99,2517,132,492,3755,2409,19639,412,3138
336,12,Brandenburg,12066,Oberspreewald-Lausitz,9037,-99,3459,-99,-99,1810,-99,-99,49,282,1479,1958,8756,27,1322
337,12,Brandenburg,12067,Oder-Spree,17557,-99,6251,-99,-99,3912,-99,1016,55,874,2833,2616,16284,371,3527
338,12,Brandenburg,12068,Ostprignitz-Ruppin,9405,-99,3114,-99,-99,1942,-99,702,44,500,1418,1685,8875,273,2044
339,12,Brandenburg,12069,Potsdam-Mittelmark,21150,-99,7914,-99,-99,5043,660,1561,-99,446,3678,1848,18617,2258,3107
340,12,Brandenburg,12070,Prignitz,6261,-99,2270,-99,-99,1238,-99,-99,34,433,1096,1190,5085,0,1386
341,12,Brandenburg,12071,Spree-Neiße,9073,-99,3604,-99,-99,2037,-99,-99,-99,169,1768,1495,7916,271,2911
342,12,Brandenburg,12072,Teltow-Fläming,15752,-99,6027,-99,-99,3162,-99,748,78,475,2686,2576,14597,467,1535
343,12,Brandenburg,12073,Uckermark,11371,-99,4013,-99,-99,1899,-99,798,80,739,1935,1907,10889,4,1397
344,13,Mecklenburg-Vorpommern,13003,"Rostock, Hansestadt",19223,-99,6717,-99,-99,4915,309,2397,199,1152,-99,3534,17122,13103,7700
345,13,Mecklenburg-Vorpommern,13004,"Schwerin, Landeshauptstadt",10551,-99,3361,-99,-99,3149,334,714,118,805,-99,2070,9466,19,6112
346,13,Mecklenburg-Vorpommern,13071,Mecklenburgische Seenplatte,25066,-99,9248,-99,-99,5877,67,1276,49,1138,-99,7411,23322,1823,4883
347,13,Mecklenburg-Vorpommern,13072,Landkreis Rostock,19923,-99,7613,-99,-99,3937,-99,524,-99,1059,-99,6790,18093,512,2458
348,13,Mecklenburg-Vorpommern,13073,Vorpommern-Rügen,20049,-99,7880,-99,-99,3391,-99,1209,-99,760,-99,6809,18399,2410,2814
349,13,Mecklenburg-Vorpommern,13074,Nordwestmecklenburg,14720,-99,5650,-99,-99,3194,34,493,-99,782,-99,4567,14034,6761,1306
350,13,Mecklenburg-Vorpommern,13075,Vorpommern-Greifswald,21713,-99,7818,-99,-99,4388,336,1394,46,1413,-99,6318,20177,9577,3911
351,13,Mecklenburg-Vorpommern,13076,Ludwigslust-Parchim,19057,-99,7225,-99,-99,4077,-99,-99,-99,1001,-99,6754,18842,25,849
352,14,Sachsen,14511,Chemnitz,20394,-99,7831,-99,-99,4869,392,-99,305,1788,-99,5209,18399,9750,12725
353,14,Sachsen,14521,Erzgebirgskreis,30874,-99,11581,-99,-99,6676,-99,-99,164,1259,-99,11194,29985,151,4489
354,14,Sachsen,14522,Mittelsachsen,28056,-99,10355,-99,-99,6779,-99,-99,263,1655,-99,9004,27630,7105,3112
355,14,Sachsen,14523,Vogtlandkreis,19593,-99,7335,-99,-99,4852,-99,-99,-99,887,-99,6519,19548,59,4842
356,14,Sachsen,14524,Zwickau,28415,-99,10187,-99,-99,7953,-99,-99,-99,1482,-99,8793,27651,3483,7440
357,14,Sachsen,14612,Dresden,54415,-99,20811,-99,-99,17493,931,-99,467,2279,-99,12434,46313,37910,21454
358,14,Sachsen,14625,Bautzen,28950,-99,10887,-99,-99,7195,-99,-99,95,1464,-99,9309,28565,135,5076
359,14,Sachsen,14626,Görlitz,23130,-99,8453,-99,-99,5221,133,-99,70,1529,-99,7724,22571,2556,4719
360,14,Sachsen,14627,Meißen,23931,-99,8695,-99,-99,6007,-99,-99,-99,1184,-99,8045,22910,711,3408
361,14,Sachsen,14628,Sächsische Schweiz-Osterzgebirge,23207,-99,9088,-99,-99,5392,-99,-99,-99,1308,-99,7419,21208,1861,3132
362,14,Sachsen,14713,Leipzig,52439,-99,20720,-99,-99,15664,690,-99,755,2563,-99,12047,44845,35123,18594
363,14,Sachsen,14729,Leipzig,23959,-99,9452,-99,-99,6627,-99,-99,-99,739,-99,7141,21263,700,2352
364,14,Sachsen,14730,Nordsachsen,17997,-99,6875,-99,-99,4487,-99,-99,-99,920,-99,5715,17543,538,4305
365,15,Sachsen-Anhalt,15001,Dessau-Roßlau,6720,-99,2511,-99,-99,2190,-99,153,-99,321,-99,1545,6420,264,2959
366,15,Sachsen-Anhalt,15002,Halle (Saale),23964,-99,8559,-99,-99,6840,294,2574,213,1878,-99,3603,21058,19559,8257
367,15,Sachsen-Anhalt,15003,Magdeburg,21789,-99,8031,-99,-99,6198,582,4548,231,1092,-99,1110,19033,17832,8581
368,15,Sachsen-Anhalt,15081,Altmarkkreis Salzwedel,7902,-99,2994,-99,-99,1917,-99,912,-99,333,-99,1746,8067,0,740
369,15,Sachsen-Anhalt,15082,Anhalt-Bitterfeld,13083,-99,5082,-99,-99,3072,-99,690,-99,759,-99,3480,12992,3775,3009
370,15,Sachsen-Anhalt,15083,Börde,16062,-99,6222,-99,-99,4503,-99,1473,-99,546,-99,3318,15836,378,2250
371,15,Sachsen-Anhalt,15084,Burgenlandkreis,15516,-99,5712,-99,-99,4365,-99,438,-99,735,-99,4266,15307,221,2277
372,15,Sachsen-Anhalt,15085,Harz,18795,-99,6594,-99,-99,5652,189,618,-99,1311,-99,4431,18708,2693,4375
373,15,Sachsen-Anhalt,15086,Jerichower Land,7383,-99,3054,-99,-99,1818,-99,225,-99,303,-99,1983,6940,452,1206
374,15,Sachsen-Anhalt,15087,Mansfeld-Südharz,10977,-99,4275,-99,-99,2394,-99,-99,-99,687,-99,3621,11097,19,1738
375,15,Sachsen-Anhalt,15088,Saalekreis,16113,-99,6708,-99,-99,4014,-99,315,-99,492,-99,4587,14977,3301,2493
376,15,Sachsen-Anhalt,15089,Salzlandkreis,16365,-99,6117,-99,-99,3777,-99,1224,-99,1113,-99,4134,15268,419,2723
377,15,Sachsen-Anhalt,15090,Stendal,10374,-99,3816,-99,-99,2883,-99,471,-99,690,-99,2511,10581,2,2331
378,15,Sachsen-Anhalt,15091,Wittenberg,10857,-99,4038,-99,-99,2793,-99,903,-99,549,-99,2574,10545,0,1043
379,16,Thüringen,16051,Erfurt,20223,-99,6364,-99,-99,5765,310,4454,-99,625,-99,2705,18408,26112,10219
380,16,Thüringen,16052,Gera,8039,-99,2984,-99,-99,1699,179,1246,-99,244,-99,1687,7777,2127,4513
381,16,Thüringen,16053,Jena,11277,-99,2812,-99,-99,3363,329,4661,-99,58,-99,54,10166,18630,3498
382,16,Thüringen,16054,Suhl,2272,-99,758,-99,-99,545,-99,578,-99,158,-99,233,2350,191,563
383,16,Thüringen,16055,Weimar,6879,-99,2032,-99,-99,1961,379,1419,72,303,-99,713,6540,5184,2629
384,16,Thüringen,16056,Eisenach,4486,-99,1197,-99,-99,1424,310,369,-99,260,-99,926,4350,3,1829
385,16,Thüringen,16061,Eichsfeld,10185,-99,3856,-99,-99,2965,-99,-99,-99,331,-99,3033,9617,673,1501
386,16,Thüringen,16062,Nordhausen,7737,-99,2832,-99,-99,1869,-99,-99,-99,535,-99,2501,7422,1908,1883
387,16,Thüringen,16063,Wartburgkreis,10284,-99,4307,-99,-99,2225,-99,-99,-99,231,-99,3521,9754,20,530
388,16,Thüringen,16064,Unstrut-Hainich-Kreis,10596,-99,3337,-99,-99,2867,-99,1540,-99,481,-99,2371,10279,52,2502
389,16,Thüringen,16065,Kyffhäuserkreis,6570,-99,2046,-99,-99,1344,-99,1725,-99,270,-99,1185,6586,29,1383
390,16,Thüringen,16066,Schmalkalden-Meiningen,10415,-99,3953,-99,-99,2733,-99,410,-99,334,-99,2985,10346,2138,3806
391,16,Thüringen,16067,Gotha,12637,-99,4631,-99,-99,3832,-99,547,-99,270,-99,3357,12684,637,3425
392,16,Thüringen,16068,Sömmerda,6559,-99,2509,-99,-99,1676,-99,428,-99,227,-99,1719,6537,391,229
393,16,Thüringen,16069,Hildburghausen,5642,-99,2233,-99,-99,1050,-99,-99,-99,150,-99,2209,5237,21,505
394,16,Thüringen,16070,Ilm-Kreis,9367,-99,3568,-99,-99,2016,-99,1343,38,342,-99,2060,8737,5351,1155
395,16,Thüringen,16071,Weimarer Land,7495,-99,3165,-99,-99,1712,-99,-99,-99,148,-99,2470,6246,941,515
396,16,Thüringen,16072,Sonneberg,4635,-99,1250,-99,-99,1246,-99,1596,-99,108,-99,435,4816,28,818
397,16,Thüringen,16073,Saalfeld-Rudolstadt,8772,-99,3169,-99,-99,2299,-99,949,-99,281,-99,2074,8881,65,1430
398,16,Thüringen,16074,Saale-Holzland-Kreis,7190,-99,2764,-99,-99,1749,-99,400,-99,237,-99,2040,6704,631,776
399,16,Thüringen,16075,Saale-Orla-Kreis,7441,-99,2541,-99,-99,1800,-99,948,-99,226,-99,1926,7401,52,16
400,16,Thüringen,16076,Greiz,8403,-99,2988,-99,-99,1976,-99,237,-99,436,-99,2766,8224,62,359
401,16,Thüringen,16077,Altenburger Land,7676,-99,2721,-99,-99,2105,-99,297,-99,302,-99,2251,7639,25,1586
