ags5,kreis,no_of_births in 2018,2018 population,2019 population,2018 men population,2018 women population,2018 population under 3 yrs,2018 population 3 to 6,2018 population 6 to 10,2018 population 10 to 15,2018 population 15 to 18,2018 population 18 to 20,2018 population 20 to 25,2018 population 25 to 30,2018 population 30 to 35,2018 population 35 to 40,2018 population 40 to 45,2018 population 45 to 50,2018 population 50 to 55,2018 population 55 to 60,2018 population 60 to 65,2018 population 65 to 75,2018 population above 75,2019 population under 5,2019 population 5 to 15,2019 population 15 to 35,2019 population 35 to 60,2019 population 60 to 80,2019 population above 80,no of foreigners 2018,proportion of foreigners in 2018,no_of_births_per_capita
1001,"Flensburg, Stadt",916,89504,90164,44599,44905,2629,2332,3115,3611,2241,2201,8558,8057,5838,4962,4749,5443,6662,6057,5061,8525,9463,4399,7573,27036,27783,17810,5563,12702,14.19,0.010234179478012155
1002,"Kiel, Landeshauptstadt",2480,247548,246794,120566,126982,7047,6361,7815,9567,5835,5432,22002,24488,19806,16018,13691,15247,18332,16398,13540,21566,24403,11333,19424,76854,79062,45970,14151,28564,11.54,0.010018259085106727
1003,"Lübeck, Hansestadt",1971,217198,216530,104371,112827,5826,5431,6982,9014,5434,4490,13765,15014,14052,13070,12129,14378,17690,16199,13326,22610,27788,9419,17818,52653,72503,47637,16500,21984,10.12,0.009074669195848949
1004,"Neumünster, Stadt",687,79487,80196,39241,40246,2082,2120,2794,3707,2333,1942,4618,5167,4886,4576,4364,5359,6543,6081,4963,8181,9771,3613,7239,19242,26839,17452,5811,9216,11.59,0.00864292274208361
1051,Dithmarschen,1036,133210,133193,65720,67490,3249,3216,4469,6037,4179,3031,7374,6833,6670,6748,6936,9209,11696,11101,9500,15894,17068,5371,11593,27964,45170,33194,9901,7597,5.7,0.007777193904361534
1053,Herzogtum Lauenburg,1828,197264,198019,96881,100383,5777,5552,7227,9595,6176,4280,9020,9540,10932,11818,11685,13933,18427,16361,12831,19921,24189,9511,18856,39697,71949,43504,14502,15399,7.81,0.009266769405466786
1054,Nordfriesland,1339,165507,165951,81099,84408,4157,4027,5299,7421,5209,3788,8810,9231,8894,8738,8686,11347,14811,13620,11456,19230,20783,6885,13983,35866,56915,40232,12070,11628,7.03,0.008090292253499852
1055,Ostholstein,1490,200581,200539,96765,103816,4406,4385,6356,8341,5643,3952,8621,9082,9277,10368,10506,13916,18255,17360,14940,26083,29090,7319,16112,36449,69627,54288,16744,11427,5.7,0.007428420438625792
1056,Pinneberg,2982,314391,316103,154211,160180,8984,8744,11541,15004,9364,6549,16038,16067,17615,19183,19086,22716,28929,25399,19669,31903,37600,15027,29695,65688,115041,68482,22170,33370,10.61,0.00948500434172734
1057,Plön,1038,128647,128686,62532,66115,3153,3196,4325,5970,3869,2771,5616,5429,5954,6604,6904,9101,12044,11124,8976,15722,17889,5328,11328,23498,45203,32975,10354,6123,4.76,0.00806859079496607
1058,Rendsburg-Eckernförde,2176,272775,274098,134109,138666,7010,7181,9768,13261,8740,6279,12854,12697,13763,14892,15186,19738,25839,22901,18533,30678,33455,12070,25441,54635,97822,64745,19385,13855,5.08,0.007977270644303914
1059,Schleswig-Flensburg,1692,200025,201156,99092,100933,5412,5364,7234,9618,6254,4603,9363,10080,10514,10663,10913,13835,18335,16605,13530,23104,24598,9257,18635,40895,69967,48000,14402,10413,5.21,0.00845894263217098
1060,Segeberg,2445,276032,277175,136517,139515,7601,7624,10297,13038,8390,5860,13532,14270,16111,17316,16920,19842,25630,22091,17459,28589,31462,12765,26002,58058,101333,60727,18290,23928,8.67,0.008857668676095526
1061,Steinburg,1023,131347,131013,64923,66424,3411,3401,4501,5983,4060,2994,6537,6835,7164,6924,7027,9464,12601,11650,8912,13934,15949,5697,11548,27369,46997,30089,9313,8908,6.78,0.007788529620014161
1062,Stormarn,2133,243196,244156,118831,124365,6542,6979,9338,11900,7309,5247,10935,10453,12542,15032,15015,17720,22921,19646,15377,25386,30854,11243,23698,46473,89884,54356,18502,17841,7.34,0.008770703465517525
2000,Hamburg,21126,1841179,1847253,902048,939131,61527,55110,65257,78729,45839,34534,112486,148012,153975,141244,123205,125082,143394,121805,94725,154400,181855,99947,164687,494366,654050,326494,107709,302265,16.42,0.011474169540278268
3101,Braunschweig,2468,248292,249406,122985,125307,6840,6190,7721,9636,5909,4765,17330,21295,19071,16453,14360,15974,18920,17180,14481,23144,29023,11212,19461,68786,82632,49872,17443,25337,10.2,0.009939909461440561
3102,Salzgitter,1190,104948,104291,52202,52746,3518,3125,4045,4992,3071,2320,6255,6307,6140,6021,5728,6531,8195,7958,6850,11139,12753,5727,10189,23669,33815,23204,7687,18872,17.98,0.01133894881274536
3103,Wolfsburg,1330,124151,124371,61820,62331,3982,3665,4439,5154,3236,2174,6295,8598,9025,8508,7240,7868,9414,9252,7726,11755,15820,6605,11008,29020,42193,25910,9635,18635,15.01,0.010712761073209237
3151,Gifhorn,1767,175920,176523,88035,87885,5505,5205,6617,8661,5629,3961,8680,9157,10565,10636,10074,12238,16050,15517,12161,17117,18147,9311,17128,37609,63995,37856,10624,11499,6.54,0.010044338335607094
3153,Goslar,960,137014,136292,67834,69180,2975,2886,3805,5327,3600,2828,7826,7739,6854,6869,6767,9189,11796,11260,9874,16921,20498,4935,10024,28691,45175,35145,12322,13037,9.52,0.007006583268863036
3154,Helmstedt,784,91307,91297,45241,46066,2485,2414,2967,4033,2482,1826,4318,4683,5238,5415,5032,6174,8160,7985,6744,10037,11314,4219,7850,18456,32386,21443,6943,6102,6.68,0.008586417251689356
3155,Northeim,1005,132765,132285,65445,67320,3178,3269,4196,5659,3703,2849,6596,6702,6648,6891,6877,8980,11617,11970,9955,15550,18125,5405,10956,26279,45402,33018,11225,8330,6.27,0.0075697661281211165
3157,Peine,1231,133965,134801,66286,67679,3937,3862,4984,6555,4247,3137,6647,6546,7449,7862,7810,9903,12286,11092,9008,13339,15301,6658,12969,28310,48660,29001,9203,10225,7.63,0.009188967267569887
3158,Wolfenbüttel,998,119960,119622,59370,60590,3019,2953,3943,5251,3627,2605,6318,6102,6239,6442,6573,8614,11266,10199,8428,13376,15005,5160,10064,24692,42362,28506,8838,7178,5.98,0.00831943981327109
3159,Göttingen,2871,328074,326041,161187,166887,8497,8026,10510,13828,8880,7530,23445,22918,20311,18175,17107,20853,26037,25955,22175,34728,39099,13863,26955,81944,106238,73373,23668,27814,8.48,0.008751074452714936
3241,Hannover,11363,1157624,1157115,567201,590423,34032,32419,41050,51648,31604,23861,70497,78396,76955,74452,69235,77449,94663,86360,71069,110738,133196,55818,104174,279960,398418,238683,80062,159123,13.75,0.00981579511136604
3251,Diepholz,1853,216886,217089,107853,109033,5941,5717,7717,10247,6721,4776,10993,11380,11888,12128,11982,15694,20115,18330,14776,22973,25508,9915,19867,45489,77329,49078,15411,17837,8.22,0.008543658880702304
3252,Hameln-Pyrmont,1244,148559,148549,71840,76719,3874,3840,4916,6567,4306,2955,7398,7621,7609,7775,7746,9903,12937,12658,10762,16821,20871,6537,12879,29863,50422,36036,12812,15215,10.24,0.00837377742176509
3254,Hildesheim,2382,276594,275817,134912,141682,7010,6967,8822,12208,8069,6035,17079,16269,15064,15022,15065,18759,24110,22776,18832,29694,34813,11886,23307,62084,94392,62952,21196,22492,8.13,0.008611900475064535
3255,Holzminden,600,70975,70458,35187,35788,1726,1704,2292,2923,2122,1513,3712,3612,3640,3621,3486,4655,6083,6032,5198,8475,10181,2885,5720,14423,23397,17712,6321,5182,7.3,0.008453680873547023
3256,Nienburg/Weser,1023,121386,121390,60400,60986,3227,3264,4267,5868,3832,2726,6638,6435,6602,6497,6599,8456,10816,10557,8652,12687,14263,5522,11210,26066,42260,27497,8835,9809,8.08,0.008427660520982651
3257,Schaumburg,1312,157781,157820,77174,80607,4009,3950,5082,6985,4763,3520,7950,7908,8145,8457,8406,10984,14438,13476,11081,17545,21082,6759,13367,32027,55314,37519,12834,13317,8.44,0.008315323137766905
3351,Celle,1598,178936,179011,88054,90882,4970,5083,6568,8605,5627,3902,8998,9613,10179,10320,9715,11843,15137,14285,12299,19858,21934,8469,16919,38066,60811,41817,12929,13950,7.8,0.008930567353690706
3352,Cuxhaven,1697,198213,198038,97044,101169,5157,5067,6776,9174,5969,4232,9310,9425,10251,10399,10446,13994,17366,16462,14086,24593,25506,8580,17614,38789,67815,50096,15144,12453,6.28,0.008561496975475877
3353,Harburg,2293,252776,254431,124502,128274,7187,7191,9380,12110,7662,5308,12491,11807,13355,15246,14966,18355,24067,21190,16048,26624,29789,12188,24198,50774,93315,56616,17340,19113,7.56,0.009071272589169859
3354,Lüchow-Dannenberg,355,48424,48412,23839,24585,1074,1170,1509,2167,1487,954,2028,2110,2270,2453,2378,3114,4190,4266,3798,6330,7126,1875,4029,8803,16179,13310,4216,2660,5.49,0.007331075499752189
3355,Lüneburg,1633,183372,184139,89543,93829,5090,5298,6812,8764,5622,4248,11330,10866,10894,11289,11128,13140,16324,14458,11332,17766,19011,8614,17395,43029,65858,38028,11215,12363,6.74,0.008905394498614837
3356,Osterholz,945,113517,113928,55765,57752,3108,3125,4010,5220,3530,2400,5304,5150,5716,6485,6400,8131,10817,9763,7800,12861,13697,5327,10442,21931,41192,27174,7862,6231,5.49,0.008324744311424721
3357,Rotenburg (Wümme),1476,163455,163782,82132,81323,4428,4279,5757,7992,5544,3871,9076,9083,9408,9172,9108,11725,14656,13781,11033,16938,17604,7510,14971,36921,57882,36020,10478,10186,6.23,0.009030008259153895
3358,Heidekreis,1251,139755,140673,69757,69998,3724,3820,4973,6555,4377,3197,7536,7955,8016,7717,7656,9586,12170,11700,9446,14439,16888,6503,12957,31331,48329,31388,10165,11630,8.32,0.008951379199313084
3359,Stade,1955,203102,204512,101043,102059,6032,5803,7669,9776,6451,4663,11038,11370,11917,12038,12014,14147,17559,16209,12937,21301,22178,10179,19478,45521,71739,44626,12969,17304,8.52,0.009625705310632096
3360,Uelzen,700,92572,92389,45241,47331,2143,2194,2919,4166,2667,1946,4701,4635,4674,4650,5019,6458,8172,8102,6724,10513,12889,3644,7676,18625,31806,22845,7793,5321,5.75,0.007561681718014086
3361,Verden,1299,136792,137133,67166,69626,4072,4099,5122,6492,4244,3024,7165,7005,7637,7818,7560,9633,11954,11189,9285,14995,15498,6878,13154,28907,47695,31395,9104,10235,7.48,0.009496169366629628
3401,Delmenhorst,825,77607,77559,38437,39170,2556,2259,2737,3635,2368,1711,4401,4925,4841,4322,4399,5216,6316,5963,4931,8283,8744,4223,7166,17987,26079,17032,5072,12007,15.47,0.01063048436352391
3402,Emden,468,50195,49913,25084,25111,1447,1377,1793,2276,1457,1185,3491,3560,3119,2967,2687,3472,4029,3601,3087,5276,5371,2394,4447,12689,16541,10626,3216,4975,9.91,0.009323637812531128
3403,Oldenburg,1632,168210,169077,80501,87709,4655,4348,5513,7001,4445,3758,13009,14788,12646,10419,9444,10859,13338,12118,9960,15393,16516,7553,14070,48935,55940,32838,9741,16482,9.8,0.009702158016764759
3404,Osnabrück,1660,164748,165251,79756,84992,4641,4136,5285,6655,4022,3920,15922,15618,12105,10262,9021,10540,11958,10828,9209,13819,16807,7434,13346,51939,52270,30014,10248,21491,13.04,0.010075994852744798
3405,Wilhelmshaven,660,76278,76089,37596,38682,2067,1794,2294,2934,1914,1577,5379,5619,4380,3720,3568,4360,6034,5872,4886,9007,10873,3290,5940,18788,23244,18471,6356,7057,9.25,0.0086525603712735
3451,Ammerland,1096,124071,124859,60658,63413,3396,3424,4527,5957,4097,2863,6145,6282,6717,6914,6995,8975,10966,9986,8147,13884,14796,5884,11657,26151,43596,28859,8712,7401,5.97,0.008833651699430164
3452,Aurich,1636,189848,189694,93555,96293,5020,4862,6580,8912,6072,4421,10504,10298,10131,10120,10236,13909,16536,15539,13419,22611,20678,8360,16935,40921,65471,45999,12008,10543,5.55,0.008617420251991066
3453,Cloppenburg,1903,169348,170682,85707,83641,5747,5497,7135,9613,6341,4532,11199,11219,10881,10521,9962,11776,13981,12904,10317,13473,14250,9744,18429,44333,59024,30392,8760,18105,10.69,0.01123721567423294
3454,Emsland,3212,325657,326954,165784,159873,9931,9251,12226,16565,10898,7988,19169,20462,20584,19820,19534,23309,27545,25276,21397,30912,30790,16504,31862,78692,114818,66804,18274,35601,10.93,0.009863138209834274
3455,Friesland,756,98460,98704,48064,50396,2495,2474,3312,4312,2993,2184,4787,4781,4885,4811,5014,6730,9026,8285,6652,12331,13388,4303,8381,19679,33435,25066,7840,4180,4.25,0.007678244972577696
3456,Grafschaft Bentheim,1309,136511,137162,68305,68206,3951,3969,5242,6971,4555,3186,7613,7823,7886,7874,7752,9690,12036,10990,8921,13768,14284,6730,13570,31078,48030,28991,8763,19804,14.51,0.00958897085216576
3457,Leer,1647,169809,170756,84810,84999,4928,4579,6101,8151,5570,4062,9508,9858,9974,9751,9356,12312,14693,13441,11327,18299,17899,8193,15855,38974,59318,38002,10414,13533,7.97,0.009699132554811583
3458,Oldenburg,1160,130144,130890,64574,65570,3634,3462,4773,6301,4280,3139,6776,6368,6898,7216,7519,9723,12417,11223,8735,13399,14281,6132,12195,27626,47601,28779,8557,10819,8.31,0.008913203835751168
3459,Osnabrück,3400,357343,358080,177430,179913,10518,10248,13345,17845,11784,8331,19722,19824,20269,20654,20573,25149,31016,29932,24242,34389,39502,17874,34571,79713,125577,75943,24402,29175,8.16,0.009514667980063972
3460,Vechta,1552,141598,142814,71595,70003,4784,4457,5847,7744,5196,3638,9945,9482,9468,8734,8693,9722,11709,10901,8431,11199,11648,7989,15154,37759,49646,25069,7197,17582,12.42,0.010960606788231473
3461,Wesermarsch,733,88624,88583,44410,44214,2337,2135,2922,4037,2877,1976,4791,4796,4506,4480,4719,6171,8101,7687,6292,9995,10802,3825,7635,18922,30688,21077,6436,6932,7.82,0.00827089727387615
3462,Wittmund,420,56882,56926,27919,28963,1375,1429,1976,2652,1861,1313,2913,2921,2869,2929,2935,4072,4748,4823,4138,7161,6767,2351,5068,11786,19242,14381,4098,2557,4.5,0.007383706620723603
4011,Bremen,6009,569352,567559,281336,288016,17073,15565,18855,24058,14786,12216,37702,42620,41090,37187,33300,36883,44545,40317,33899,55302,63954,28154,48458,147443,189949,115516,38039,103493,18.18,0.010554103612527926
4012,Bremerhaven,1154,113634,113643,56699,56935,3515,3416,4222,5373,3202,2502,7180,7483,7148,6712,6425,7072,8511,8571,7583,11951,12768,5874,10757,27409,36964,25156,7483,20403,17.96,0.010155411232553637
5111,Düsseldorf,6764,619294,621877,299315,319979,19542,17690,21699,25791,14488,10537,33644,48853,51944,46153,40099,42978,49086,42823,34348,54885,64734,31407,54091,160799,220553,116000,39027,125171,20.21,0.010922114536875862
5112,Duisburg,5144,498590,498686,246588,252002,15571,14251,18160,22935,14412,10590,30664,34999,32554,30690,29497,33651,39740,37484,31768,46698,54926,25704,45924,123127,169476,100250,34205,103797,20.82,0.010317094205659962
5113,Essen,5978,583109,582760,283005,300104,17492,16333,19848,25280,15008,11216,34534,42831,40573,36981,33520,37784,45408,42921,37567,58037,67776,29036,50838,143102,194927,123094,41763,93065,15.96,0.010251942604212935
5114,Krefeld,2171,227020,227417,110745,116275,6587,6058,8009,10289,6440,4752,12825,14482,13803,13299,12988,15427,19341,17879,15109,23039,26693,10899,20397,52378,78306,49357,16080,37024,16.31,0.009563034093912431
5116,Mönchengladbach,2577,261454,261034,128655,132799,7765,7149,9115,11829,7508,5407,15389,17719,17095,15611,14701,17282,21714,20968,17679,26261,28262,12788,23297,62642,89227,56164,16916,41731,15.96,0.00985641833745133
5117,Mülheim an der Ruhr,1634,170880,170632,82387,88493,4963,4584,6032,7279,4534,3181,8858,10216,10087,9871,9371,11491,14496,13621,11533,18386,22377,8184,15035,36754,58081,38863,13715,26178,15.32,0.009562265917602996
5119,Oberhausen,1938,210829,210764,103612,107217,6009,5626,7216,9088,5619,4190,11503,13397,13360,13060,12074,14062,17566,16971,15066,22106,23916,10031,18347,47634,72986,46894,14872,31546,14.96,0.009192283793975213
5120,Remscheid,1048,110994,111338,54664,56330,3264,3087,3872,5166,3278,2314,5998,6495,6363,6487,6301,7613,9663,9051,7435,11209,13398,5425,10212,24487,38882,24388,7944,19921,17.95,0.009441951817215345
5122,Solingen,1512,159360,159245,77471,81889,4563,4402,5660,7538,4732,3352,8825,9471,9644,9480,9015,10900,14205,13186,10442,15047,18898,7731,14679,35900,55927,33421,11587,26679,16.74,0.009487951807228915
5124,Wuppertal,3613,354382,355100,173687,180695,10834,10240,13020,16643,10075,7605,21853,24241,23246,21914,19840,23112,29007,26984,22048,33801,39919,17932,33177,87534,119798,72645,24014,69249,19.54,0.010195213075156187
5154,Kleve,2802,310974,312465,154628,156346,8591,8336,10981,14490,9442,6612,18140,18935,18745,17962,17160,21575,28077,25967,21687,32081,32193,14446,28151,72135,110191,68028,19514,45545,14.65,0.0090103995832449
5158,Mettmann,4318,485684,485570,234705,250979,13688,13363,17248,22322,14163,9522,23445,24408,26703,27976,27156,33361,43283,40508,32889,51869,63780,22968,44405,97440,170462,112046,38249,59620,12.28,0.00889055435221255
5162,Rhein-Kreis Neuss,4250,451007,451730,219214,231793,13275,12957,16746,21305,13407,9043,21898,23365,25509,27755,27453,31972,40154,36705,30572,46305,52586,22161,42858,92587,162829,99678,31617,53042,11.76,0.009423357065411402
5166,Viersen,2575,298935,298863,145913,153022,7912,7742,10162,13509,9111,6272,15347,15743,16064,17027,16425,21058,28712,26530,21237,31453,34631,13258,26214,62114,108200,68231,20846,29982,10.03,0.008613912723501765
5170,Wesel,3917,459809,459976,224137,235672,12147,11769,15233,20184,13107,9030,22338,25105,25971,26015,24690,31202,40892,40483,34668,51478,55497,20479,39478,94935,160741,110351,33992,42218,9.18,0.008518754526335935
5314,Bonn,3466,327258,329673,156328,170930,10131,9711,12507,15371,9064,7646,24975,26651,24265,22435,19567,21017,24733,22274,17978,26825,32108,16438,31471,93907,109611,58559,19687,54569,16.67,0.010591032152002395
5315,Köln,11851,1085664,1087863,529368,556296,34075,30850,37779,45874,26701,20602,72069,94134,91019,81800,72720,75840,84640,71985,57206,89094,99276,54589,94151,304884,385925,189843,58471,211013,19.44,0.010915900315383028
5316,Leverkusen,1631,163838,163729,79787,84051,4834,4754,5966,7734,4860,3244,8632,9921,9908,10048,9664,11342,14205,12933,10287,15366,20140,8095,15314,36552,57691,33721,12356,26078,15.92,0.00995495550482794
5334,Aachen,5126,555465,557026,280162,275303,15150,14151,17885,23485,15241,13987,46902,44552,35814,31673,29172,34891,43690,41104,35182,53327,59259,24977,46282,157209,178758,114037,35763,80845,14.55,0.009228304213586815
5358,Düren,2482,263722,264638,130761,132961,7598,7099,9259,12197,7864,5819,15263,15712,15457,15280,14546,17837,22770,22153,18833,27771,28264,12830,24024,59971,91464,59258,17091,28562,10.83,0.009411425667938208
5362,Rhein-Erft-Kreis,4623,470089,470615,230062,240027,14034,13616,17324,21899,13866,9951,25029,25921,27204,28843,28585,32794,41686,38014,31051,48807,51465,23592,44331,101251,168118,102674,30649,59453,12.65,0.009834307971469232
5366,Euskirchen,1887,192840,193656,95124,97716,5410,5217,6759,9043,5971,4158,9993,10259,10866,10857,10778,13090,17487,17233,14046,20629,21044,9089,17540,41151,68838,44303,12735,14744,7.65,0.00978531425015557
5370,Heinsberg,2386,254322,255555,125849,128473,7162,6828,9026,11891,7903,5712,13540,14293,14788,14913,14471,17530,22821,22186,18244,26071,26943,12083,23267,56046,91114,56584,16461,29776,11.71,0.00938180731513593
5374,Oberbergischer Kreis,2627,272471,272057,134069,138402,8050,7616,10133,13133,8744,6262,15004,15066,15427,15701,15089,18112,23848,23215,19104,26618,31349,13535,25660,59867,94653,59256,19086,26201,9.62,0.009641393028982901
5378,Rheinisch-Bergischer Kreis,2378,283455,283271,137572,145883,7604,7795,10177,13371,8745,6060,13759,13363,14689,15761,15958,19941,26526,24515,19586,29298,36307,12918,26096,56130,101479,64708,21940,26854,9.47,0.008389338695736537
5382,Rhein-Sieg-Kreis,5652,599780,600764,294093,305687,17289,17269,22814,29459,18660,13285,31882,32519,33342,35629,34139,41347,53409,50042,40703,60958,67034,28938,58044,128962,212662,132402,39756,60878,10.15,0.009423455266931209
5512,Bottrop,999,117383,117565,57101,60282,3150,2951,3839,5028,3382,2414,6179,6817,6908,7003,6665,8064,10127,9815,8817,12765,13459,5339,9894,25641,41096,27259,8336,12843,10.94,0.008510602046292904
5513,Gelsenkirchen,2811,260654,259645,129778,130876,8270,7641,9810,12409,7754,5690,15232,17250,16416,15519,15233,17729,20448,19879,17649,25670,28055,13767,24945,61790,87506,54559,17078,51880,19.9,0.010784411518718302
5515,Münster,3159,314319,315293,150836,163483,8991,8145,10085,12279,7532,7624,31392,31343,25296,20708,17603,18852,22638,20875,17208,24380,29368,14563,25218,102805,100386,54039,18282,33071,10.52,0.010050299218310061
5554,Borken,3822,370676,371339,185195,185481,11388,10907,14315,19098,12558,8796,21678,22648,22002,21772,21202,25893,33606,30553,24070,33861,36329,19100,36759,87289,131685,74191,22315,34207,9.23,0.0103108914523735
5558,Coesfeld,2177,219929,220586,108564,111365,6458,6223,7808,10563,7267,5213,12014,11264,12081,12545,12419,15243,20287,19054,15905,22324,23261,10887,20530,47457,78579,48837,14296,14109,6.42,0.009898649109485335
5562,Recklinghausen,5521,615261,614137,300019,315242,17004,16109,20900,27176,17823,12808,31775,33991,34282,34821,35039,42752,53097,51639,45837,67862,72346,28584,53577,129707,213643,144275,44351,68254,11.09,0.008973427537256546
5566,Steinfurt,4473,447614,448220,222633,224981,13599,12870,16912,22558,15160,10821,26043,25423,25626,25978,25390,31658,40577,36933,29507,41909,46650,22680,43576,102306,158932,92016,28710,41258,9.22,0.009992985027277967
5570,Warendorf,2635,277783,277840,137298,140485,7928,7871,10269,13929,9324,6686,15038,14716,15642,15933,15980,19570,24477,22934,18912,27642,30932,13351,26624,61012,97757,60028,19068,28371,10.21,0.00948582166655267
5711,Bielefeld,3492,333786,334195,161078,172708,10142,9430,12176,15773,9772,7652,22925,24957,23577,20970,19466,21997,25334,23525,19711,29333,37046,16707,31171,88901,110546,63728,23142,49182,14.73,0.010461792885261815
5754,Gütersloh,3673,364083,364938,181844,182239,10954,10576,13740,18296,11877,8614,21129,21509,22098,21864,21858,25863,32025,29381,23266,32587,38446,18329,35402,84652,130086,72857,23612,46994,12.91,0.0100883589730913
5758,Herford,2317,250783,250578,122959,127824,7035,6909,9059,11900,7715,5558,13240,13806,14248,14485,14386,17216,21731,21011,17053,24854,30577,11818,23348,54075,87710,54386,19241,23230,9.26,0.00923906325388882
5762,Höxter,1174,140667,140251,70059,70608,3712,3591,4878,6776,4557,3171,7726,7479,7497,7487,7499,9405,12472,12200,10380,14818,17019,6166,12860,29989,48264,32446,10526,7907,5.62,0.008345951786844106
5766,Lippe,3364,348391,347514,170965,177426,10356,10031,13269,17475,11119,7834,19341,19498,19521,19312,18362,22872,28928,28370,23855,35399,42849,17248,34180,76491,116038,76864,26693,29722,8.53,0.009655817745004893
5770,Minden-Lübbecke,2869,310710,310409,153305,157405,8948,8707,11425,15335,9923,6974,17001,17560,17615,17172,16874,21015,26349,25996,21515,30950,37351,15008,29765,68632,105807,67878,23319,24684,7.94,0.009233690579640179
5774,Paderborn,3082,306890,307839,153622,153268,9316,9155,11601,14784,9537,7312,21275,22192,21188,19248,17736,20244,24254,23647,20148,26727,28526,15547,29333,81528,104061,59912,17458,28415,9.26,0.010042686304539085
5911,Bochum,3360,364628,365587,177699,186929,9767,8997,11271,14299,9044,7330,24487,27969,25397,22516,19893,23021,28254,27338,24542,37480,43023,16127,28786,94867,119909,79358,26540,46521,12.76,0.009214871046655769
5913,Dortmund,5897,587010,588250,288386,298624,17540,16302,20060,25603,16022,11989,38180,43785,40436,37559,34304,39349,46209,42779,36684,56388,63821,28998,51619,150654,198813,119232,38934,102914,17.53,0.01004582545442156
5914,Hagen,1969,188814,188686,92168,96646,5718,5429,6881,8833,5843,4060,10547,11642,11225,10909,10344,12465,15532,14865,12536,19055,22930,9614,17625,43353,63331,40934,13829,34917,18.49,0.010428252142319955
5915,Hamm,1712,179111,179916,88024,91087,5176,5146,6559,8713,5712,4218,11055,11082,10765,10833,11007,12259,14171,13248,11827,17808,19532,8651,17253,43097,61228,37810,11877,27090,15.12,0.009558318584564879
5916,Herne,1430,156374,156449,76649,79725,4381,4208,5286,6709,4654,3465,9257,10041,9316,9186,9200,11223,12592,12255,10448,16092,18061,7377,13641,36686,53865,33855,11025,26749,17.11,0.009144742732167751
5954,Ennepe-Ruhr-Kreis,2834,324296,324106,157490,166806,8729,8316,10468,13593,8730,6369,16843,18371,18113,18327,17325,22008,29439,27434,23489,35773,40969,14597,27013,68228,112944,76719,24605,33466,10.32,0.008738929866541678
5958,Hochsauerlandkreis,2153,260475,259777,129947,130528,6934,6551,8736,12364,8347,5771,14050,14860,14688,14360,14173,18236,23199,22161,18714,26360,30971,11441,23056,57222,90800,58301,18957,22862,8.78,0.008265668490258182
5962,Märkischer Kreis,3695,412120,410222,202817,209303,11506,10912,14498,19386,12750,8890,21914,23559,23585,23093,22566,27999,37129,34785,28751,41967,48830,19197,37341,89491,143451,91502,29240,54555,13.24,0.008965835193632922
5966,Olpe,1206,134775,133955,67610,67165,3790,3769,4773,6517,4283,3187,7369,7901,7849,8030,7773,9515,12248,11380,9254,12889,14248,6299,12378,30088,48072,28389,8729,12944,9.6,0.008948247078464106
5970,Siegen-Wittgenstein,2727,278210,276944,138358,139852,8004,7427,9544,12222,7977,6008,18229,18489,16962,16293,15002,18117,22861,22175,19127,28227,31546,13274,24277,66789,92833,60681,19090,29845,10.73,0.009801948168649582
5974,Soest,2793,301902,301785,150022,151880,8430,8220,10812,14513,9417,6706,16574,17154,17345,17603,17099,21215,26530,25231,20999,30057,33997,14111,27936,66540,106349,65986,20863,28836,9.55,0.009251346463421906
5978,Unna,3456,394782,394891,192304,202478,10774,10390,13268,17833,11517,8441,20886,21502,21847,22609,22465,27050,34425,33016,28955,42880,46924,18122,34956,83629,137914,92007,28263,40184,10.18,0.008754198519689348
6411,Kreisfreie Stadt Darmstadt,1757,159207,159878,81217,77990,4962,4366,5635,6657,3851,3556,14709,16452,13024,10560,8962,9700,10966,10028,8363,12910,14506,7880,13859,52066,49898,27520,8655,31584,19.84,0.011035946911882016
6412,Kreisfreie Stadt Frankfurt am Main,9122,753056,763380,371671,381385,26055,22899,27956,32640,17892,13046,44029,65702,70348,63809,55385,54089,57206,47048,37192,58550,59210,41964,68908,214657,280645,121943,35263,220674,29.3,0.012113308970382018
6413,Kreisfreie Stadt Offenbach am Main,1679,128744,130280,63699,65045,4628,4155,5181,6282,3673,2491,8134,10383,10476,9555,8620,8773,9594,8656,6957,10438,10748,7592,12942,35782,45593,21960,6411,46160,35.85,0.013041384452867706
6414,Landeshauptstadt Wiesbaden,3209,278342,278474,132943,145399,9394,8430,10587,13349,7838,5673,16563,18425,18519,18887,17828,19120,22298,19840,15987,25796,29808,15051,26752,67169,97093,54720,17689,54138,19.45,0.011528982331089092
6431,Bergstraße,2402,269694,270340,133318,136376,7434,7263,9371,11822,7664,5517,14102,14509,15418,16044,15306,18711,24372,23202,19095,29282,30582,12596,23775,56955,96563,62178,18273,36091,13.38,0.008906390205195519
6432,Darmstadt-Dieburg,2912,297399,297844,147786,149613,8692,8560,11014,13742,8775,6448,16362,16792,17313,18388,17972,20917,26676,24365,19675,30922,30786,14618,27860,64948,107516,64904,17998,42998,14.46,0.009791559487422621
6433,Groß-Gerau,2969,274526,275726,137325,137201,8944,8434,10515,13051,8011,5771,16018,17518,18183,18606,17751,19258,23077,20372,16239,25510,27268,14831,26607,65220,99027,53972,16069,61092,22.25,0.010815004771861318
6434,Hochtaunus,1970,236564,236914,114878,121686,6433,6976,9461,12295,7364,4832,11178,10896,11921,13931,15035,17948,21535,18804,14537,24097,29321,11090,24224,46056,86632,51308,17604,38423,16.24,0.008327556179300316
6435,Main-Kinzig,3969,418950,420552,206555,212395,12023,11639,14864,19310,12261,8878,22208,24115,24847,25759,25388,29625,36263,33706,27871,44118,46075,20189,38435,92231,149556,92950,27191,64603,15.42,0.009473684210526316
6436,Main-Taunus,2297,237735,238558,116332,121403,7097,7121,9498,12199,7174,4760,11271,12128,13659,15690,15629,17773,21265,18213,13956,23211,27091,11930,24180,48946,88395,48971,16136,39021,16.41,0.009662018634193534
6437,Odenwaldkreis,815,96798,96703,47875,48923,2504,2435,3263,4240,2822,2062,4995,5283,5330,5284,5372,6626,8241,8351,7167,11205,11618,4201,8264,20262,33401,23459,7116,13288,13.73,0.008419595446186905
6438,Offenbach,3497,354092,355813,174417,179675,10950,10263,13271,16986,10053,7410,18717,20149,21737,23120,22135,25042,30117,27172,21953,36012,39005,18295,33787,78092,127127,75308,23204,67878,19.17,0.00987596443862047
6439,Rheingau-Taunus,1579,187157,187160,91962,95195,4926,4866,6509,8715,5608,3907,9831,9239,9732,10876,10869,13429,17408,15624,12851,20690,22077,8262,16823,37925,67506,43595,13049,22809,12.19,0.00843676699241813
6440,Wetterau,2730,306460,308339,151276,155184,8471,8470,11165,14317,9109,6491,16423,17203,17999,18842,18695,21866,27499,24864,20318,31326,33402,14421,28757,66744,111701,66710,20006,39056,12.74,0.008908177249885792
6531,Gießen,2650,268876,270688,132135,136741,7781,6997,8956,11347,7244,6135,23329,22007,18321,16181,14489,16448,20442,20188,16959,25403,26649,12882,22699,77598,87225,54115,16169,32483,12.08,0.009855844329728202
6532,Lahn-Dill,2278,253777,253319,125090,128687,7075,6783,8990,11693,7508,5442,13992,14699,14661,14751,14443,17265,21888,20987,17554,26699,29347,11734,22961,55574,88340,56845,17865,27508,10.84,0.008976384778762456
6533,Limburg-Weilburg,1564,172083,171912,85571,86512,4660,4484,5948,8210,5429,3776,9194,9846,9955,10069,9826,11882,15176,14592,12126,18061,18849,7729,15491,37993,60749,38531,11419,20106,11.68,0.00908863745983043
6534,Marburg-Biedenkopf,2151,246648,247084,121414,125234,6495,6403,8388,11070,7017,6198,20604,18668,15746,14444,13773,15735,19096,18984,15590,23187,25250,10875,21634,68085,81391,49523,15576,28516,11.56,0.00872093023255814
6535,Vogelsberg,810,105878,105643,52992,52886,2520,2497,3438,4514,2926,2175,5188,5361,5550,5814,5822,7160,8968,9668,8525,12274,13478,4306,8713,20993,36781,26179,8671,7250,6.85,0.007650314512929976
6611,Kreisfreie Stadt Kassel,2154,201585,202137,99007,102578,6207,5444,6768,8384,5100,4404,16023,18101,15440,12657,11028,12272,14736,13947,11787,18556,20731,10018,17098,59006,64312,39079,12624,36925,18.32,0.01068531884812858
6631,Fulda,2038,222584,223145,110592,111992,6379,6178,7866,10468,6824,5041,13681,14118,13510,12898,12493,15288,18662,17608,14675,21414,25481,10592,20365,53110,76332,46775,15971,20142,9.05,0.009156093879164719
6632,Hersfeld-Rotenburg,1002,120829,120719,60523,60306,3215,3108,4068,5595,3407,2443,6180,6555,6771,6659,6550,8328,10221,10021,8745,13616,15347,5449,10675,25236,41164,28793,9402,11607,9.61,0.008292711186883944
6633,Kassel,1928,236633,236764,116122,120511,6183,6030,7959,10188,6722,4739,11259,11742,12676,12890,12988,16493,20939,20042,16985,28054,30744,10405,20321,46759,82439,58642,18198,16861,7.13,0.008147637903420064
6634,Schwalm-Eder,1377,180222,179673,90181,90041,4494,4609,6085,7935,5180,3747,9061,9684,10058,10177,10092,12725,15659,15671,13137,20210,21698,7576,15557,37162,63472,42614,13292,13074,7.25,0.007640576622165995
6635,Waldeck-Frankenberg,1316,156953,156406,78198,78755,4157,4021,5355,7184,4829,3333,8167,8511,8524,8460,8560,10656,13736,13774,11380,17050,19256,6908,13893,32741,54415,36598,11851,13315,8.48,0.008384675667237962
6636,Werra-Meißner,837,101017,100629,49965,51052,2457,2407,3199,4171,2736,2028,5630,5273,5247,5154,5109,6832,8461,8799,7686,12150,13678,4111,8098,20740,33890,25453,8337,7648,7.57,0.008285734084362038
7111,Stadt Koblenz,1155,114024,114052,55628,58396,3212,2913,3519,4393,2663,2387,8952,9913,8620,7263,6123,6588,8174,7842,6828,11032,13602,5130,8989,32464,35749,23252,8468,15450,13.55,0.010129446432330037
7131,Ahrweiler,1142,129727,130086,63755,65972,3471,3340,4228,5310,3598,2690,6863,6992,7002,7065,6655,8323,11680,11247,9458,14696,17109,5798,10837,26935,44436,31564,10516,12458,9.6,0.00880310189860245
7132,Altenkirchen (Ww),1134,128705,128805,63859,64846,3501,3420,4525,5953,3768,2697,6953,7375,7207,7276,6887,8827,11216,11151,9255,13742,14952,6001,11641,27736,44824,29524,9079,9701,7.54,0.008810846509459618
7133,Bad Kreuznach,1435,158080,158345,77185,80895,4398,4172,5498,7038,4540,3335,7837,8662,8866,8867,8607,10540,13691,13670,11583,17907,18869,7229,14089,32994,54791,37843,11399,16386,10.37,0.009077682186234818
7134,Birkenfeld,728,80720,80951,40021,40699,2134,1924,2631,3397,2250,1725,4098,4575,4518,4349,4199,5093,6694,7228,6320,9338,10247,3729,6726,17175,27042,19767,6512,6929,8.58,0.009018830525272548
7135,Cochem-Zell,487,61587,61375,30841,30746,1497,1473,1862,2688,1825,1275,3055,3338,3313,3208,3193,4117,5516,5518,4729,7024,7956,2513,4956,12567,21348,15088,4903,4514,7.33,0.007907512949161349
7137,Mayen-Koblenz,1944,214259,214434,105746,108513,6123,5763,7355,9601,6211,4505,11106,12051,12687,12891,12028,14370,18814,18228,15578,22860,24088,10199,18868,46501,75345,48773,14748,17030,7.95,0.009073131117012587
7138,Neuwied,1673,181941,182811,89488,92453,5152,4983,6485,8537,5582,3976,9632,10170,10100,10227,9774,12043,16001,15634,13121,19299,21225,8889,16733,39588,63025,41593,12983,17230,9.47,0.009195288582562479
7140,Rhein-Hunsrück-Kreis,865,102937,103163,51206,51731,2750,2689,3465,4526,3115,2274,4949,5566,5824,5920,5577,6953,9013,9127,7790,11372,12027,4690,8890,21581,36204,24426,7372,7994,7.77,0.008403198072607518
7141,Rhein-Lahn-Kreis,1030,122308,122297,60525,61783,3238,3249,4067,5375,3440,2529,6010,6515,6822,6923,6775,8240,10735,10717,9037,14129,14507,5468,10643,24989,42962,29428,8807,10701,8.75,0.008421362461981228
7143,Westerwaldkreis,1794,201597,201904,100218,101379,5609,5415,7173,9495,6229,4355,10191,11246,11926,11914,11355,14259,18159,17553,14186,20809,21723,9457,18406,43602,72465,44546,13428,17579,8.72,0.0088989419485409
7211,Stadt Trier,1028,110636,111528,54444,56192,2944,2742,3318,4135,2599,2641,10570,11162,9140,7399,6203,6578,7869,7362,6342,9019,10613,4840,8595,36102,35637,19704,6650,15513,14.02,0.00929173144365306
7231,Bernkastel-Wittlich,976,112262,112483,56124,56138,3072,3028,3777,4997,3191,2349,5560,6109,6272,6475,6341,7702,9615,9792,8410,12313,13259,5174,9804,23370,39607,26137,8391,11219,9.99,0.008693948085728029
7232,Eifelkreis Bitburg-Prüm,949,98561,99058,49576,48985,2914,2746,3532,4554,2877,2095,5160,6035,5915,5931,5375,6685,8677,8530,7147,9823,10565,4933,8993,21951,35140,21520,6521,12670,12.85,0.009628554905084161
7233,Vulkaneifel,455,60603,60646,30427,30176,1462,1500,1950,2597,1748,1265,3075,3310,3231,3157,3181,3865,5303,5436,4862,6973,7688,2463,5050,12518,20657,15242,4716,4551,7.51,0.007507879147896968
7235,Trier-Saarburg,1247,148945,149398,73673,75272,4064,4262,5587,7027,4365,3049,7175,7896,8684,9451,8919,10597,13448,12817,10835,14845,15924,6954,14213,30824,54912,32636,9859,15576,10.46,0.008372217932793984
7311,Stadt Frankenthal (Pfalz),523,48561,48762,23489,25072,1547,1398,1761,2182,1360,960,2602,3074,3093,3072,2759,3082,3784,3657,3159,4867,6204,2519,4429,11090,16291,10601,3832,8411,17.32,0.010769959432466383
7312,Stadt Kaiserslautern,1005,99845,100030,50353,49492,2865,2438,3109,3857,2443,2097,8953,9308,7047,5767,5076,5834,7048,7387,6343,9598,10675,4670,7796,29899,30804,20531,6330,16421,16.45,0.010065601682608042
7313,Stadt Landau in der Pfalz,398,46677,46881,22078,24599,1305,1097,1513,1897,1156,1075,4681,3750,3152,2601,2423,2965,3677,3547,2885,4195,4758,2105,3766,13831,15072,9196,2911,4752,10.18,0.00852668337725218
7314,Stadt Ludwigshafen a. Rh.,1955,171061,172253,85820,85241,5876,5477,6709,8219,4821,3607,10669,12111,12262,11495,10712,11406,13324,12272,9874,14850,17377,9643,17079,43845,59153,31893,10640,44915,26.26,0.011428671643448829
7315,Stadt Mainz,2227,217118,218578,105599,111519,6248,5585,6901,8323,4894,4466,19579,22363,19265,15674,12815,13217,14844,13480,11434,17629,20401,10097,17192,70862,70469,37713,12245,39440,18.17,0.010257095220110724
7316,Stadt Neustadt a.d. W.,489,53148,53264,25955,27193,1548,1397,1730,2301,1439,1057,2517,3202,3122,2919,2643,3364,4466,4548,3951,5787,7157,2506,4536,11301,17749,12731,4441,5678,10.68,0.009200722510724768
7317,Stadt Pirmasens,365,40403,40231,19780,20623,1043,1059,1340,1650,1078,796,2269,2396,2275,2007,2068,2413,3185,3478,3058,4544,5744,1780,3333,8780,12895,9876,3567,4718,11.68,0.009033982625052596
7318,Stadt Speyer,465,50378,50561,24363,26015,1387,1301,1763,2166,1464,1080,2543,2931,3031,2985,2892,3399,4332,4178,3512,5421,5993,2287,4402,11123,17506,11557,3686,7308,14.51,0.009230219540275517
7319,Stadt Worms,916,83330,83542,41080,42250,2652,2438,3007,3931,2371,1809,5312,5657,5259,5035,4982,5443,6428,6421,5512,8246,8827,4350,7795,20419,28059,17553,5366,14585,17.5,0.010992439697587904
7320,Stadt Zweibrücken,283,34209,34193,16954,17255,889,890,1116,1476,961,712,1945,2242,2265,2012,1883,2069,2578,2815,2440,3648,4268,1488,2905,8059,11206,7953,2582,3648,10.66,0.008272676780964074
7331,Alzey-Worms,1239,129244,129687,64389,64855,3831,3753,4701,5866,3989,2872,6540,6940,7642,7811,7613,8961,11632,11372,9813,13632,12276,6377,12002,27697,46962,29226,7423,12053,9.33,0.009586518523103587
7332,Bad Dürkheim,1109,132660,132671,64838,67822,3420,3337,4385,5635,3735,2686,6068,6398,6656,7354,7114,9247,12187,12310,10073,15660,16395,5764,11214,25367,47334,33254,9738,11034,8.32,0.008359716568671793
7333,Donnersbergkreis,663,75101,75325,37194,37907,2053,1975,2601,3554,2330,1635,3643,3844,4153,4256,4194,5156,6615,6879,5876,8278,8059,3431,6796,15613,26755,17753,4977,5774,7.69,0.00882811147654492
7334,Germersheim,1249,129075,129013,64379,64696,3763,3705,4600,5982,3731,2763,7187,7546,7992,8218,7583,9089,11177,11074,9050,12722,12893,6326,11939,28709,46533,27704,7802,15897,12.32,0.00967654464458648
7335,Kaiserslautern,1191,106057,105979,52135,53922,3426,2985,3809,4937,3232,2308,5281,5755,6133,6205,5781,6907,8909,9370,8114,11186,11719,5769,9816,22174,36607,24471,7142,9178,8.65,0.011229810384981661
7336,Kusel,643,70526,70219,35052,35474,1859,1767,2286,2937,1934,1385,3417,3723,3777,3828,3655,4598,6029,6662,5779,8323,8567,3155,5820,14025,24154,17783,5282,4400,6.24,0.009117205002410459
7337,Südliche Weinstraße,887,110356,110521,54441,55915,2878,2945,3725,4781,3069,2276,5176,5551,5948,6252,6092,7570,10169,10078,8260,12682,12904,4865,9513,21816,39712,26807,7808,8172,7.41,0.008037623690601327
7338,Rhein-Pfalz-Kreis,1424,154201,154609,76030,78171,4607,4511,5465,6717,4212,3166,7153,7911,8710,9450,8800,10371,13593,13690,10874,16483,18488,7761,13941,30850,55430,35507,11120,15604,10.12,0.009234700164071569
7339,Mainz-Bingen,1884,210889,211417,104015,106874,5945,6106,7982,10117,6366,4540,10435,10735,11402,12975,12813,15472,19385,18210,14780,21938,21688,10153,20329,42927,78098,47047,12863,21262,10.08,0.00893360962402022
7340,Südwestpfalz,690,95113,94831,46916,48197,2189,2261,2831,3695,2512,1815,4395,4838,4960,5021,4808,6328,8690,9061,7814,11249,12646,3752,7337,18194,33279,24344,7925,3972,4.18,0.007254528823609811
8111,Stuttgart,6618,634830,635911,317139,317691,18965,16643,20953,26183,15032,11815,42280,59548,58266,49692,41988,42723,45284,40069,32090,50746,62553,30277,52401,186375,220342,108142,38374,157736,24.85,0.010424838145645291
8115,Böblingen,4208,391640,392807,194989,196651,12667,11949,14935,18809,11618,8325,21189,24694,26308,26087,24434,27295,32150,29557,23811,35448,42364,21121,37809,91621,138865,78526,24865,71941,18.37,0.01074456133183536
8116,Esslingen,5268,533859,535024,266783,267076,15533,14788,19095,25073,15582,11231,31398,34515,34838,33928,33065,37694,44943,40819,32237,49859,59261,25938,48869,127142,189650,107941,35484,92571,17.34,0.009867774075177154
8117,Göppingen,2449,257253,258145,128093,129160,7543,7057,9190,12087,7661,5619,14356,15403,15763,15555,14927,17785,21548,20542,16753,25705,29759,12631,23688,58557,89872,55376,18021,42124,16.37,0.009519811236409293
8118,Ludwigsburg,5645,543984,545423,269961,274023,17268,16266,20423,25680,16182,11289,29387,34684,36641,36179,34676,38253,45649,40811,33026,49668,57902,28421,51737,127555,194679,108528,34503,96974,17.83,0.010377143445395453
8119,Rems-Murr-Kreis,4131,426158,427248,210861,215297,12503,12006,15162,20250,12989,9289,23718,25397,25830,26053,25157,30037,36838,34248,27044,41037,48600,21042,39459,96852,151312,89421,29162,67688,15.88,0.009693587824234203
8121,Heilbronn,1366,125960,126592,63527,62433,4022,3696,4701,5893,3593,2666,8329,9677,9247,8388,7900,8452,9142,8578,7163,11105,13408,6615,11897,33848,42296,23792,8144,32145,25.52,0.010844712607176881
8125,Heilbronn,3428,343068,344456,172382,170686,10503,9977,12499,16453,10694,7574,19138,20944,22000,22204,21295,24479,29489,27684,22232,32080,33823,17716,32444,79932,124376,69677,20311,49649,14.47,0.009992188137628692
8126,Hohenlohekreis,1082,112010,112655,56550,55460,3320,3032,4094,5468,3471,2604,6513,7105,7247,6869,6510,7859,9417,9160,7553,10466,11322,5549,10503,26881,39646,23070,7006,12374,11.05,0.009659851798946522
8127,Schwäbisch Hall,1955,195861,196761,98314,97547,6040,5732,7255,9581,6239,4399,11072,12391,12924,12303,11565,13355,16212,15754,13409,18503,19127,10166,18774,46773,68881,40455,11712,22184,11.33,0.009981568561377711
8128,Main-Tauber-Kreis,1220,132321,132399,65923,66398,3665,3478,4319,6109,4049,2852,7069,7665,7739,7648,7377,8893,11160,11023,9459,14324,15492,6103,11595,29027,45649,30494,9531,12270,9.27,0.009220002871804174
8135,Heidenheim,1210,132472,132777,66092,66380,3682,3699,4813,6353,4137,3034,7392,7833,8059,8078,7641,8910,10607,10620,8689,13053,15872,6351,12434,30265,45560,28360,9807,20296,15.32,0.009134005676671296
8136,Ostalbkreis,2968,314002,314025,156480,157522,8907,8643,11199,15122,10071,7325,19062,19356,19017,18902,18423,21838,25641,24937,20943,30428,34188,14941,29105,74238,108937,66302,20502,34477,10.98,0.009452169094464367
8211,Baden-Baden,500,55123,55185,26442,28681,1401,1250,1663,2237,1409,1063,2816,2989,3082,3195,3129,3686,4627,4444,3742,6388,8002,2327,4336,11349,18959,13312,4902,10819,19.63,0.009070623877510295
8212,Karlsruhe,2969,313092,312060,160429,152663,8490,7643,9474,11929,7207,7129,27757,29971,25395,21669,18370,19801,22998,20787,16922,26199,31351,13501,24051,96210,103188,55986,19124,59327,18.95,0.009482835716019572
8215,Karlsruhe,4061,444232,445101,221339,222893,12455,12428,15834,20413,12776,9254,23813,25728,27010,27869,26408,31193,38634,36897,29784,44996,48740,20805,40718,98037,159688,96324,29529,59198,13.33,0.009141619694213834
8216,Rastatt,2067,231018,231420,114797,116221,6300,6276,7951,10414,6895,4883,12063,13363,13805,14030,13355,15893,19911,19637,16400,23692,26150,10771,20526,50351,82392,51304,16076,32189,13.93,0.0089473547515778
8221,Heidelberg,1630,160355,161485,77112,83243,4705,3939,4859,5855,3240,4046,17299,17076,15007,12159,9192,9160,10329,9393,7845,12305,13946,7651,12234,56430,50483,26094,8593,32532,20.29,0.010164946524897883
8222,Mannheim,3303,309370,310658,154273,155097,9342,8164,9876,12508,7566,6809,24146,26748,24626,21840,18782,20359,23243,21115,17277,26852,30117,15008,25378,90495,105056,56575,18146,72494,23.43,0.010676536186443417
8225,Neckar-Odenwald-Kreis,1268,143535,143633,72057,71478,3952,3732,4870,6616,4396,3187,8016,8337,8147,8221,7968,9738,12313,12589,10508,15013,15932,6590,12650,31813,50278,32605,9697,14232,9.92,0.008834082279583377
8226,Rhein-Neckar-Kreis,5055,547625,548355,269317,278308,15785,15463,20110,25337,15653,11313,29007,31632,32811,34160,32213,37953,47871,44497,36304,56352,61164,26484,50723,119416,195186,120243,36303,68879,12.58,0.009230769230769232
8231,Pforzheim,1492,125542,125957,61699,63843,4182,3833,4677,6023,3638,2786,8133,9385,8796,8112,7282,8060,9089,8828,7515,11391,13812,6919,12063,32774,41226,24351,8624,33225,26.47,0.011884468942664607
8235,Calw,1428,158397,159201,79514,78883,4495,4444,5754,7542,5097,3582,8932,9057,9235,9320,9292,10869,13538,13463,10817,15736,17224,7685,14880,35780,56031,34153,10672,23765,15.0,0.009015322259891287
8236,Enzkreis,1879,198905,199556,98744,100161,5724,5436,7176,9403,6318,4567,10636,11116,11494,12081,11232,13854,17678,16787,13306,19677,22420,9770,18333,43796,71053,43119,13485,26121,13.13,0.009446720796360072
8237,Freudenstadt,1115,117935,118243,58898,59037,3346,3191,4234,5831,3741,2664,6685,7140,6870,6945,6672,8148,10123,9954,8176,11313,12902,5616,10972,26952,41606,25137,7960,13969,11.84,0.009454360452791792
8311,Freiburg im Breisgau,2564,230241,231195,109829,120412,7243,6311,7848,9413,5636,5486,21543,23349,20133,16069,13192,13710,15692,14580,12058,17789,20189,11580,19423,75858,73364,38754,12216,39538,17.17,0.011136157330796861
8315,Breisgau-Hochschwarzwald,2520,262795,263601,129641,133154,7714,7551,9771,12601,8035,5782,14383,14765,15166,15566,14865,17695,22644,21147,17811,27403,29896,13023,24980,57703,91353,58575,17967,31079,11.83,0.00958922353926064
8316,Emmendingen,1566,165383,166408,81772,83611,4876,4724,6010,8019,4959,3653,8943,9164,9691,10199,9474,11373,14398,13842,11467,16871,17720,8237,15671,36337,58890,36529,10744,17254,10.43,0.009468929696522617
8317,Ortenaukreis,4109,429479,430953,214221,215258,12529,12341,15563,20658,13046,9420,23885,25788,26352,25524,24298,29422,36535,35184,29521,42275,47138,21255,40539,97963,149809,92015,29372,50556,11.77,0.009567406089704036
8325,Rottweil,1316,139455,139878,69767,69688,4095,3992,5099,6870,4415,3129,7703,8319,8233,8078,7893,9495,11922,11574,9290,13431,15917,7017,13275,31767,48487,29790,9542,16221,11.63,0.009436735864615825
8326,Schwarzwald-Baar-Kreis,2112,212381,212506,105542,106839,6113,5820,7452,9766,6157,4569,12294,13553,13343,12661,11858,13516,16902,16941,14321,21523,25592,10360,19360,49100,71187,46648,15851,32919,15.5,0.009944392389149688
8327,Tuttlingen,1482,140152,140766,70452,69700,4468,4228,5483,7321,4503,3298,7927,8928,9142,8860,8431,9377,11014,10882,8877,12639,14774,7415,14224,33792,48292,27908,9135,23249,16.59,0.010574233689137508
8335,Konstanz,2731,285325,286305,139046,146279,8117,7691,9894,12828,8193,6797,21197,19063,17620,16750,15764,18519,23639,22087,17692,27321,32153,13609,25450,72567,95970,59233,19476,42936,15.05,0.009571541224918953
8336,Lörrach,2290,228639,228736,111981,116658,6852,6634,8698,11171,6952,4825,12164,13580,14082,14115,13397,15695,19927,19043,15102,21599,24803,11417,22176,51034,81260,47707,15142,34423,15.06,0.01001578908235253
8337,Waldshut,1552,170619,171003,84587,86032,4896,4929,6572,8520,5500,3745,9141,9919,10223,10391,9649,11281,14105,13836,11785,17281,18846,8373,16859,38092,58853,37318,11508,26440,15.5,0.009096290565529044
8415,Reutlingen,2863,286748,287034,142232,144516,8682,8162,10359,13690,8644,6352,16885,17695,17817,17600,16759,19930,24095,22714,18615,26895,31854,14389,26908,66385,100381,59367,19604,45065,15.72,0.009984376525729909
8416,Tübingen,2273,227331,228678,110795,116536,6988,6428,8039,10285,6576,5777,19971,18925,16140,14364,12480,14175,17321,16671,14018,18999,20174,11517,20500,67359,74689,42186,12427,30847,13.57,0.009998636349639952
8417,Zollernalbkreis,1673,188935,189363,93808,95127,5172,4933,6461,8663,5711,3954,10516,11226,11210,10857,10442,12962,16070,15985,13107,19223,22443,8629,16886,42280,65775,41760,14033,24079,12.74,0.008854897186863208
8421,Ulm,1372,126329,126790,62660,63669,3811,3484,4481,5513,3299,2896,10074,11220,10086,8694,7773,8090,8835,8018,6860,10848,12347,6143,11233,37545,41501,22949,7419,25082,19.85,0.010860530836150052
8425,Alb-Donau-Kreis,2005,196047,197076,99041,97006,6102,5803,7396,9968,6392,4583,11370,11916,12101,12161,11882,13668,16601,15573,12811,17832,19888,10187,19357,46286,69568,39521,12157,25953,13.24,0.010227139410447495
8426,Biberach,2135,199742,201282,100634,99108,6427,6178,7902,10178,6517,4530,11330,12667,13013,12762,12007,13967,16647,15624,12895,17915,19183,10918,20194,47873,70915,39644,11738,21155,10.59,0.010688788537213004
8435,Bodenseekreis,1990,216227,217470,106544,109683,6146,5857,7649,9977,6486,4914,11588,12554,12878,13181,12431,14425,18099,17229,13914,22940,25959,10308,19600,48384,74946,49071,15161,29006,13.41,0.00920329098586208
8436,Ravensburg,2853,284285,285424,141777,142508,8558,8070,10643,13811,9025,6680,17817,18304,17814,17298,16562,19919,23506,21928,18118,26946,29286,14387,27005,69383,98817,58282,17550,31723,11.16,0.010035703607295495
8437,Sigmaringen,1198,130873,130849,65649,65224,3693,3631,4757,6342,4177,3205,8001,7914,7736,7597,7213,8740,11304,11053,8958,12470,14082,6302,12245,30631,45382,27726,8563,14271,10.9,0.009153912571729844
9161,Ingolstadt,1676,136981,137392,69252,67729,4559,4060,4771,5905,3621,2721,8315,10992,11760,10157,8934,9025,9975,9262,7786,11644,13494,7348,12189,36946,47433,25341,8135,25624,18.71,0.012235273505084647
9162,München,17723,1471508,1484226,717308,754200,49709,42974,49542,57365,32480,25465,92652,134040,138261,118986,100808,100641,108231,90127,70937,122145,137145,79289,123455,428500,520908,252625,79449,382233,25.98,0.01204410713363434
9163,Rosenheim,694,63324,63551,31321,32003,1960,1698,2183,2769,1725,1302,4114,4872,4813,4207,4051,4163,4945,4336,3454,6091,6641,3173,5529,16846,21721,12485,3797,13380,21.13,0.010959509822500157
9171,Altötting,1096,111210,111516,54942,56268,3312,3050,3993,5142,3289,2315,6141,6493,6552,6923,6240,7596,9275,9121,7570,11423,12775,5560,10171,24674,38826,24596,7689,12844,11.55,0.00985522884632677
9172,Berchtesgadener Land,984,105722,105929,52007,53715,2938,2739,3432,4468,2749,2138,6065,6723,6851,6498,6042,6822,8664,8116,6477,11503,13497,4870,8863,24213,35989,23999,7995,17202,16.27,0.009307428917349274
9173,Bad Tölz-Wolfratshausen,1314,127227,127917,62731,64496,3892,3643,4637,6045,3849,2616,7124,7202,7434,7794,7644,8941,11347,10040,7874,12577,14568,6413,11873,28089,45644,27330,8568,16066,12.63,0.010327996415855125
9174,Dachau,1613,153884,154899,77120,76764,4836,4573,5858,7382,4503,3073,8856,9434,10251,10867,10321,11196,13469,11787,9088,13744,14646,8110,14813,35923,57706,29629,8718,24539,15.95,0.010481921447323959
9175,Ebersberg,1376,142142,143649,70972,71170,4305,4603,5842,7357,4398,3144,7971,7790,8373,9582,9736,10898,12814,10822,7946,12153,14408,7339,14993,31943,54073,26881,8420,19285,13.57,0.009680460384685736
9176,Eichstätt,1462,132341,132881,67325,65016,4439,4225,5200,6519,4215,3007,8114,8333,8726,9077,8522,9153,11032,10316,8260,11168,12035,7521,13271,31932,47849,24991,7317,12313,9.3,0.01104721892686318
9177,Erding,1343,137660,138182,69367,68293,4172,4151,5187,6884,4283,3126,8045,8540,8642,9283,9234,10750,12807,11013,8272,11673,11598,7095,13322,32571,52900,25339,6955,16052,11.66,0.009755920383553683
9178,Freising,1867,179116,180007,91393,87723,5634,5365,6708,8410,5251,3936,12200,13272,12916,12682,12089,13348,15719,13353,9996,13897,14340,9347,16896,47364,67183,30829,8388,30991,17.3,0.010423412760445745
9179,Fürstenfeldbruck,2272,219320,219311,107686,111634,6623,6494,8671,10384,6348,4619,11889,12512,13030,14159,14091,15736,18776,16265,12485,21758,25480,10914,21333,47747,78793,45874,14650,33005,15.05,0.010359292358198068
9180,Garmisch-Partenkirchen,860,88467,88424,42969,45498,2477,2226,2823,3598,2339,1814,4915,5121,4951,4948,4847,5858,7737,7084,5556,10019,12154,3944,7216,18951,30268,20791,7254,11683,13.21,0.009721138955768817
9181,Landsberg am Lech,1058,120071,120302,60077,59994,3389,3411,4488,5969,3820,2799,6859,6669,6677,7366,7137,8782,11138,10074,7532,11808,12153,5814,11596,26575,44110,25061,7146,10494,8.74,0.008811453223509423
9182,Miesbach,906,99726,100010,48870,50856,2792,2732,3497,4604,2799,1976,5276,5549,5690,5909,6017,7119,9065,8042,6107,10365,12187,4678,9053,21101,36111,21994,7073,12384,12.42,0.009084892605739726
9183,Mühldorf a.Inn,1142,115250,115872,58360,56890,3437,3304,4226,5292,3406,2515,6797,7312,7088,7021,7099,8159,9722,9364,7587,11286,11635,5732,10807,26957,41159,24455,6762,13863,12.03,0.009908893709327548
9184,München,3198,348871,350473,173601,175270,10150,10622,14302,18150,10106,7188,20297,20159,20740,23238,23414,25911,30164,24474,18634,31930,39392,17221,35989,79064,127041,68324,22834,61279,17.56,0.009166712051159312
9185,Neuburg-Schrobenhausen,980,96680,97303,48679,48001,2988,2908,3642,4557,3000,2103,5503,5843,6177,6406,6073,6820,8031,7834,6403,8902,9490,4953,9360,22414,35147,19834,5595,9986,10.33,0.010136532892014894
9186,Pfaffenhofen a.d.Ilm,1295,127151,128227,64639,62512,4034,3825,4798,5915,3668,2649,7125,7990,8746,8840,8124,8935,10913,10314,8188,11339,11748,6798,12140,29980,47303,25051,6955,14224,11.19,0.010184740977263254
9187,Rosenheim,2423,260983,261330,129253,131730,7444,7308,9578,12220,7997,5664,14374,15141,15284,15704,15194,18612,22965,21103,16842,27120,28433,12589,24148,57885,92745,57382,16581,26785,10.26,0.00928412961763793
9188,Starnberg,1178,136092,136667,66020,70072,3686,3876,5451,7061,4411,2929,6949,6539,6539,7789,8313,9902,12643,10576,8252,13985,17191,6275,13824,27433,49023,30237,9875,19457,14.3,0.0086559092378685
9189,Traunstein,1588,177089,177319,87564,89525,4895,4673,6019,8053,5065,3767,9889,10637,10362,10355,10196,11854,14857,14580,11754,19007,21126,8217,15656,39329,61317,40204,12596,17975,10.15,0.008967242460005985
9190,Weilheim-Schongau,1275,135348,135478,67321,68027,3903,3909,5015,6380,4167,2878,7414,7699,7846,8062,7739,9273,11872,11048,8964,13800,15379,6632,12806,29502,47671,29794,9073,12989,9.6,0.009420161361822856
9261,Landshut,740,72404,73411,35403,37001,2074,1888,2471,2969,1801,1434,4653,5672,5322,4840,4745,4938,5597,5012,4188,6940,7860,3437,6190,19121,25371,14495,4797,13656,18.86,0.010220429810507707
9262,Passau,445,52469,52803,25344,27125,1237,1130,1455,1769,1188,1167,5362,5064,3921,3135,2712,2923,3506,3527,3155,5283,5935,2079,3668,16576,15973,11052,3455,8222,15.67,0.008481198421925327
9263,Straubing,451,47794,47791,24117,23677,1270,1109,1443,1921,1164,980,2778,3650,3326,3114,2913,3274,3716,3816,3148,4967,5205,2064,3780,11769,16686,10358,3134,7823,16.37,0.009436330920199187
9271,Deggendorf,994,119326,119478,59547,59779,3084,3083,4073,5213,3479,2694,7353,7650,7233,7437,7127,8319,9907,10155,8260,12252,12007,5244,10191,28269,42402,26176,7196,10857,9.1,0.008330120845415082
9272,Freyung-Grafenau,635,78355,78362,39103,39252,2000,1965,2363,3248,2393,1684,4443,4540,4324,4415,4389,5556,6766,7086,6213,8762,8208,3304,6259,17095,27856,18861,4987,3872,4.94,0.008104141407695744
9273,Kelheim,1221,122258,123058,62137,60121,3660,3480,4593,5970,3783,2841,7206,7733,7788,7943,7709,8884,10339,9698,7929,11295,11407,6197,11776,29164,44539,24528,6854,15155,12.4,0.009987076510330612
9274,Landshut,1449,158698,159895,80519,78179,4750,4676,6080,7745,4806,3578,8868,9188,9589,10199,10202,11883,14020,13242,10342,14972,14558,8154,15490,35928,59287,32478,8558,15631,9.85,0.009130549849399488
9275,Passau,1521,192043,192656,95471,96572,4823,4995,6476,8366,5624,4168,10559,11009,10781,11511,11230,13777,16153,16363,13944,21231,21033,8294,16612,41791,68286,45211,12462,15591,8.12,0.007920101227329297
9276,Regen,629,77656,77410,38745,38911,2020,1954,2446,3335,2231,1704,4282,4566,4534,4445,4365,5389,6536,6728,5849,8826,8446,3418,6355,17033,26975,18463,5166,5012,6.45,0.008099824868651488
9277,Rottal-Inn,1066,120659,121502,60346,60313,3264,3150,4123,5461,3558,2707,7179,7246,6966,7255,7000,8427,10030,10101,8457,12342,13393,5532,10651,27751,42573,26893,8102,12013,9.96,0.00883481547170124
9278,Straubing-Bogen,927,100649,101120,50627,50022,2821,2825,3590,4799,3128,2291,5507,5760,6066,6118,6282,7480,8796,8509,6995,9961,9721,4891,9372,22496,37010,21556,5795,7504,7.46,0.009210225635624795
9279,Dingolfing-Landau,912,96217,96683,49450,46767,2768,2559,3253,4380,2865,2101,5488,6531,6264,6190,5906,6905,7966,8175,6565,9090,9211,4674,8563,22972,34918,19990,5566,11621,12.08,0.009478574472286602
9361,Amberg,400,41970,42207,20673,21297,1108,969,1336,1741,1139,848,2359,2804,2710,2479,2324,2667,3355,3365,2929,4565,5272,1822,3428,9884,14121,9590,3362,4569,10.89,0.009530617107457708
9362,Regensburg,1609,152610,153094,74225,78385,4372,3885,4743,5660,3272,3024,12533,16780,14362,11243,9145,9600,10470,9579,7820,12128,13994,7114,11854,49733,49991,25967,8435,25591,16.77,0.01054321473035843
9363,Weiden i.d.OPf.,397,42520,42743,20542,21978,1137,1007,1289,1705,1169,909,2644,2904,2614,2503,2327,2773,3511,3356,2808,4605,5259,1904,3386,10266,14377,9556,3254,5023,11.81,0.009336782690498589
9371,Amberg-Sulzbach,1051,103109,103049,51665,51444,2777,2545,3398,4535,3106,2278,5773,5858,5926,5878,5735,7250,9270,9330,7770,10311,11369,4804,8669,22657,36846,23023,7050,6238,6.05,0.010193096625900747
9372,Cham,1095,127882,127998,64248,63634,3438,3365,4234,5624,3599,2714,7278,7564,7665,7643,7447,9094,10844,10990,9259,13581,13543,5736,10953,28535,45439,29005,8330,7604,5.95,0.008562581129478738
9373,Neumarkt i.d.OPf.,1308,133561,134573,67499,66062,3854,3859,4803,6067,4047,3060,7910,8288,8075,8415,7998,9646,11773,11276,9079,12423,12988,6682,12356,31174,48885,27625,7851,11642,8.72,0.009793277977852816
9374,Neustadt a.d.Waldnaab,1023,94352,94450,46943,47409,2640,2272,3171,4146,2865,2116,5257,5390,5521,5555,5312,6659,8449,8326,6912,9793,9968,4536,7981,20719,33928,21159,6127,4487,4.76,0.010842377480074614
9375,Regensburg,1750,193572,194070,97081,96491,5623,5704,7083,9098,5789,4174,10742,10812,11450,12572,12089,14384,17027,16325,13340,19304,18056,9600,18268,42447,71700,41339,10716,16694,8.62,0.009040563717893083
9376,Schwandorf,1283,147189,147872,73964,73225,4046,3786,4940,6454,4315,3195,8438,8949,8955,9072,8981,10552,12588,12470,10228,14774,15446,6864,12736,33731,53297,31793,9451,12040,8.18,0.008716683991330874
9377,Tirschenreuth,583,72504,72046,36121,36383,1833,1819,2325,3001,2073,1456,3971,4197,4007,3982,4038,5089,6357,6403,5503,7779,8671,3086,5929,15396,25395,17007,5233,3187,4.4,0.00804093567251462
9461,Bamberg,833,77592,77373,37464,40128,2380,1960,2359,2836,1718,1532,6222,7769,6819,5031,4159,4724,5499,5348,4389,6643,8204,3715,5830,23639,24667,14502,5020,11550,14.89,0.010735642849778328
9462,Bayreuth,600,74657,74783,36469,38188,1777,1544,1966,2669,1614,2067,8314,6763,4948,4214,3870,4319,5144,5038,4413,7473,8524,2896,5156,23765,22370,15469,5127,9041,12.11,0.008036754758428546
9463,Coburg,374,41249,41072,20162,21087,1054,935,1234,1602,995,864,2667,2985,2862,2400,2074,2587,3244,3258,2805,4377,5306,1701,3150,10239,13372,9323,3287,4596,11.14,0.009066886469975029
9464,Hof,425,45930,45825,22098,23832,1332,1281,1527,1827,1229,978,2801,3008,2800,2601,2417,2966,3572,3451,3139,5173,5828,2209,3824,10750,14816,10676,3550,7983,17.38,0.009253211408665361
9471,Bamberg,1405,147086,147163,73725,73361,4369,4145,5250,6786,4491,3199,7740,8571,9007,9322,8823,10812,13226,12991,10371,14103,13880,7310,13459,32449,54610,30931,8404,7420,5.04,0.00955223474701875
9472,Bayreuth,837,103656,103664,51310,52346,2577,2630,3553,4577,3091,2179,5120,5277,5574,6120,5929,7674,9322,9249,7573,11260,11951,4451,9054,20963,37772,24189,7235,3938,3.8,0.008074785830053253
9473,Coburg,703,86906,86747,42912,43994,2287,2236,2793,3738,2439,1777,4215,4576,4993,5094,4760,6085,7664,7721,6492,9539,10497,3841,7290,17693,30920,20513,6490,4772,5.49,0.008089199825098382
9474,Forchheim,1026,116099,116203,57703,58396,3261,3306,4132,5270,3511,2480,6231,6538,6783,7202,6856,7920,10402,10373,8351,11616,11867,5561,10581,25031,42310,25474,7246,7857,6.77,0.008837285420201724
9475,Hof,678,95311,94801,46646,48665,2174,2168,2879,3887,2696,1941,4516,4826,4687,5032,4917,6818,8483,8589,7185,11270,13243,3694,7446,18323,33143,23862,8333,5624,5.9,0.007113554573973623
9476,Kronach,460,67135,66743,33184,33951,1440,1442,2085,2587,1885,1343,3160,3480,3538,3685,3684,4958,6165,6225,5229,7640,8589,2457,5058,13213,24231,16400,5384,3297,4.91,0.00685186564385194
9477,Kulmbach,568,71845,71566,35345,36500,1676,1526,2194,3002,2068,1466,3584,3706,3729,3943,4059,5178,6531,6416,5472,8460,8835,2747,5652,14403,25634,17580,5550,3558,4.95,0.007905908553135221
9478,Lichtenfels,559,66838,66776,33027,33811,1713,1658,2259,2741,1849,1352,3525,3775,3672,3897,3810,4735,5921,5895,4951,7142,7943,2890,5546,14057,23797,15644,4842,3887,5.82,0.008363505790119394
9479,Wunsiedel i.Fichtelgebirge,556,73178,72655,35718,37460,1824,1622,2229,2908,2030,1446,3633,3726,3645,3869,3699,4894,6302,6569,5489,9014,10279,3007,5690,14183,24771,18737,6267,6318,8.63,0.0075979119407472194
9561,Ansbach,449,41847,41798,20048,21799,1297,1174,1405,1862,1153,915,2572,2927,2669,2579,2362,2730,3305,3264,2748,4089,4796,2161,3699,10065,14064,8921,2888,5929,14.17,0.010729562453700384
9562,Erlangen,1162,111962,112528,55864,56098,3357,3143,3738,4655,2784,2385,9424,11303,9228,7766,6256,6824,8169,7411,5734,8870,10915,5400,9512,35417,36317,19191,6691,20302,18.13,0.010378521284007073
9563,Fürth,1382,127748,128497,62603,65145,4089,3643,4252,5271,3358,2608,7512,9017,9499,9339,8448,8976,10667,9801,7882,11410,11976,6690,10847,31853,47335,24819,6953,24634,19.28,0.010818173278642327
9564,Nürnberg,5601,518365,518370,252807,265558,16097,14313,17465,21700,12924,9850,32835,41736,40066,36697,32754,34356,38972,34999,29548,48093,55960,25696,44169,137016,177215,100777,33497,117835,22.73,0.010805127661011063
9565,Schwabach,423,40792,40981,19895,20897,1214,1173,1445,1918,1163,849,2148,2313,2398,2514,2426,2854,3735,3190,2554,4191,4707,2072,3769,8880,14688,8834,2738,5100,12.5,0.010369680329476367
9571,Ansbach,1703,183949,184591,92450,91499,5393,5061,6567,8686,5584,4135,10648,10932,11058,11228,10767,12855,15825,15462,12899,17737,19112,9148,16913,42003,65746,38890,11891,15662,8.51,0.009258000858933727
9572,Erlangen-Höchstadt,1250,136271,137262,67763,68508,4089,4163,5231,6500,4032,2873,6824,7045,8027,9073,8364,9649,11671,11358,9586,13989,13797,7028,13449,28487,50039,30241,8018,11957,8.77,0.009172898122124297
9573,Fürth,1070,117387,117853,57064,60323,3412,3367,4209,5052,3166,2303,5706,5880,6595,7241,7101,8144,10465,9920,8046,12943,13837,5890,10502,23448,42496,27253,8264,8494,7.24,0.00911514903694617
9574,Nürnberger Land,1463,170365,170792,83946,86419,4727,4731,5959,7585,4888,3444,8657,8852,9654,10600,9936,12257,15105,14357,11698,18138,19777,8077,15191,35129,61854,38880,11661,15281,8.97,0.00858744460423209
9575,Neustadt a.d.Aisch-Bad Windsheim,925,100364,101014,50331,50033,2825,2807,3459,4576,3087,2192,5537,5695,6022,6091,5713,6889,8814,8599,7141,10318,10599,4867,9063,22287,36094,22144,6559,8197,8.17,0.009216452114303934
9576,Roth,1201,126958,126749,63206,63752,3763,3519,4448,5681,3868,2752,6942,6989,7386,7660,7414,9066,11513,10780,8789,12808,13580,6187,11451,27250,45982,27822,8057,9244,7.28,0.009459821358244459
9577,Weißenburg-Gunzenhausen,869,94393,94734,47093,47300,2726,2532,3231,4348,2952,2018,5093,5406,5697,5469,5422,6167,7953,8161,6681,9839,10698,4620,8393,21041,32873,21224,6583,8759,9.28,0.009206191137054655
9661,Aschaffenburg,685,70527,71002,34316,36211,2057,1848,2385,3045,1851,1410,3937,4939,5054,4713,4235,4697,5716,5416,4552,7017,7655,3396,6012,17334,24657,15011,4592,11812,16.75,0.00971259234052207
9662,Schweinfurt,587,54032,53426,26553,27479,1675,1488,1874,2334,1377,1240,3511,3789,3603,3254,2906,3085,3778,3923,3518,5548,7129,2564,4683,13076,16779,11990,4334,10474,19.38,0.010863932484453658
9663,Würzburg,1273,127880,127934,61151,66729,3394,2926,3226,4006,2453,2751,13486,14272,11041,8092,6526,6655,8396,8095,7048,11073,14440,5379,8237,43894,37617,23696,9111,15229,11.91,0.009954644979668439
9671,Aschaffenburg,1514,174208,174200,86570,87638,4773,4589,5897,7904,5055,3585,8965,9623,10042,10441,9911,12218,15890,15503,12431,18211,19170,8123,15228,36806,63132,39101,11810,16296,9.35,0.008690760470242469
9672,Bad Kissingen,830,103218,103235,50865,52353,2614,2573,3316,4348,2973,2099,5182,5446,5583,5723,5521,6832,8863,9089,7864,11798,13394,4413,8559,21051,35544,25274,8394,5826,5.64,0.008041233118254568
9673,Rhön-Grabfeld,625,79690,79635,39677,40013,2141,2096,2710,3652,2481,1664,4263,4435,4526,4525,4247,5378,6867,7039,6033,8479,9154,3639,7030,17083,27729,18359,5795,3981,5.0,0.007842891203413227
9674,Haßberge,769,84599,84384,42468,42131,2367,2294,2916,3750,2553,1875,4518,4779,4929,5090,4657,5779,7408,7701,6433,8808,8742,3906,7434,18235,30232,19209,5368,3945,4.66,0.009089941961488907
9675,Kitzingen,831,90909,91155,45791,45118,2583,2467,3070,3985,2723,1930,5080,5545,5592,5649,5253,6256,7918,7764,6335,9214,9545,4374,7884,20609,32613,19640,6035,8357,9.19,0.00914100914100914
9676,Miltenberg,1117,128756,128743,64190,64566,3502,3449,4475,5786,3914,2842,6997,7156,7245,7651,7579,9290,11431,11050,8991,13265,14133,5898,11468,27815,46380,28525,8657,14475,11.24,0.00867532386840225
9677,Main-Spessart,1044,126365,126158,62953,63412,3350,3122,4034,5380,3657,2521,6536,6903,7066,7111,6941,8646,11155,11510,9529,14048,14856,5545,10380,26105,44735,29984,9409,8851,7.0,0.008261781347683298
9678,Schweinfurt,1028,115106,115445,57768,57338,3230,3143,3926,5098,3334,2406,5988,6610,6913,6896,6248,7595,10070,10206,8467,12049,12927,5545,10038,25134,40516,26233,7979,6790,5.9,0.008930898476187167
9679,Würzburg,1536,161834,162302,80594,81240,4678,4597,5693,7234,4740,3359,8689,8940,9583,10004,9661,10873,13719,13907,11746,17335,17076,8001,14545,35025,57486,36902,10343,10209,6.31,0.009491207039311887
9761,Augsburg,3085,295135,296582,145158,149977,8863,7835,9294,11905,7291,6055,21214,25904,23972,21131,18418,18798,21100,19440,16589,26327,30999,14299,24019,84583,99180,55740,18761,63942,21.67,0.010452843613939384
9762,Kaufbeuren,406,43893,44398,21610,22283,1286,1202,1464,1991,1260,924,2390,2779,2846,2667,2503,2701,3453,3490,2895,4530,5512,2226,3894,10323,14824,9817,3314,6853,15.61,0.009249766477570455
9763,Kempten (Allgäu),690,68907,69151,34141,34766,2091,1763,2149,2884,1823,1444,4773,5399,4729,4432,3949,4343,5002,4728,4132,7004,8262,3372,5600,18163,22359,14773,4884,11401,16.55,0.0100134964517393
9764,Memmingen,455,43837,44100,21710,22127,1326,1186,1514,1960,1281,966,2419,2981,2813,2779,2648,2811,3512,3345,2827,4331,5138,2122,3881,10482,15115,9453,3047,8201,18.71,0.01037935990145311
9771,Aichach-Friedberg,1336,133596,134655,66651,66945,4253,4040,5098,6336,4180,3030,7229,7323,7940,8509,8151,9606,12041,10929,8447,12853,13631,7128,12949,29762,48980,27831,8005,11218,8.4,0.010000299410161981
9772,Augsburg,2449,251534,253468,124807,126727,7777,7468,9361,11843,7724,5494,13418,13976,14909,15758,15292,17718,22310,20393,16535,24956,26602,13177,24058,55340,91323,54057,15513,24348,9.68,0.009736258318954893
9773,Dillingen a.d.Donau,904,96021,96562,48135,47886,2741,2646,3499,4497,3020,2235,5484,5811,5771,5641,5739,6781,8224,7925,6672,9386,9949,4696,8926,22201,34142,20492,6105,9294,9.68,0.009414607221337
9774,Günzburg,1223,125747,127027,63576,62171,3693,3532,4510,5899,3929,2857,7313,8001,7828,7652,7737,8962,10745,10336,8380,11806,12567,6284,11689,30065,45401,26155,7433,16633,13.23,0.009725878152162675
9775,Neu-Ulm,1678,174200,175204,86470,87730,5193,4834,6378,8012,5234,3794,10233,11083,11461,11475,10601,12227,14050,13370,11070,16739,18446,8796,16126,41609,61598,36344,10731,25747,14.78,0.00963260619977038
9776,Lindau (Bodensee),721,81669,81981,40285,41384,2262,2186,2765,3686,2570,1832,4242,4509,4843,4936,4584,5718,7228,6716,5136,8352,10104,3846,7156,17934,28960,18128,5957,10816,13.24,0.00882831919088026
9777,Ostallgäu,1423,140316,141182,69968,70348,4347,4030,5022,6857,4368,3115,7744,8138,8314,8469,8005,9795,12156,11253,9087,14408,15208,7230,13175,31675,49530,30722,8850,12255,8.73,0.010141395136691468
9778,Unterallgäu,1408,144041,145341,72608,71433,4319,4128,5177,6624,4429,3303,8325,8698,8475,8630,8461,10071,12347,11550,9234,14316,15954,7360,13369,33203,50985,30843,9581,13415,9.31,0.009774994619587479
9779,Donau-Ries,1211,133496,133783,67821,65675,3811,3670,4849,6440,4131,3128,7784,8049,8261,8375,8280,9359,11231,10823,8814,12690,13801,6400,12460,30976,47800,27780,8367,12985,9.73,0.009071432851920656
9780,Oberallgäu,1454,155362,156008,76577,78785,4512,4235,5198,6847,4544,3303,8104,8840,9069,8987,8911,10786,13588,12897,10335,16683,18523,7638,13540,33692,54797,35458,10883,13517,8.7,0.009358787863184047
10041,Regionalverband Saarbrücken,2985,329708,328714,162003,167705,8824,8065,10476,13176,8268,6573,19945,23001,21426,19772,17293,20007,26517,26978,23721,36463,39203,14363,26365,78612,108636,76734,24004,47944,14.54,0.009053465490676598
10042,Landkreis Merzig-Wadern,781,103366,103243,51108,52258,2438,2394,3338,4577,2986,2036,5001,5619,5833,6056,5740,7081,9150,9437,8242,11289,12149,4066,8668,21284,36843,24843,7539,11847,11.46,0.007555675947603661
10043,Landkreis Neunkirchen,1055,132206,131408,64915,67291,3291,3110,4059,5258,3337,2577,6584,7328,7624,7575,6876,8260,11398,12208,10492,15244,16985,5373,10373,27081,45304,32894,10383,12564,9.5,0.00797997065186149
10044,Landkreis Saarlouis,1549,195201,194319,95550,99651,4934,4834,6264,7940,5203,3667,9832,10943,11509,11072,10267,12252,16605,17639,15503,22444,24293,8285,15864,40511,66547,48092,15020,19741,10.11,0.007935410166956113
10045,Saarpfalz-Kreis,1161,142631,142196,69385,73246,3430,3296,4481,5770,3687,2827,7424,7777,7816,7850,7361,8856,12370,12727,11321,16576,19062,5700,11383,29284,48135,35705,11989,12977,9.1,0.008139885438649382
10046,Landkreis St. Wendel,618,87397,87007,43198,44199,1883,1910,2613,3514,2280,1624,4073,4689,4805,4803,4584,5751,7647,8422,7273,10358,11168,3247,6728,17137,30517,22518,6860,4678,5.35,0.007071180932983969
11000,Berlin,40203,3644826,3669491,1792801,1852025,118606,109384,132502,151676,84805,62621,200052,288455,326159,285694,230882,228955,271426,254720,199325,328669,370895,193234,326311,964109,1276145,698465,211227,675210,18.53,0.011030156172064182
12051,Brandenburg an der Havel,594,72124,72184,35617,36507,1822,1857,2350,2654,1467,1062,2854,3792,5060,4716,3736,3954,5421,6183,5330,8197,11669,3083,5788,14032,23818,18663,6800,3795,5.26,0.00823581609450391
12052,Cottbus,899,100219,99678,49201,51018,2611,2585,3346,3791,2148,1718,4903,6076,7283,6388,5010,5642,7352,8481,7444,11217,14224,4276,7994,21509,32465,24937,8497,8479,8.46,0.008970354922719245
12053,Frankfurt (Oder),442,57873,57751,28023,29850,1390,1385,1877,2341,1313,1048,2935,3042,3719,3347,3111,3294,4174,5151,4821,6613,8312,2289,4679,11858,18825,15124,4976,6023,10.41,0.007637412955955282
12054,Potsdam,1970,178089,180334,86179,91910,6052,5611,7230,8141,4353,3142,9059,12612,15028,13952,11944,11282,12432,12336,9851,15463,19601,9749,17679,44577,62572,33986,11771,14936,8.39,0.011061884787943108
12060,Barnim,1435,182760,185244,90615,92145,4700,4964,7029,8228,4506,2937,5965,7001,11060,11978,10954,12019,15954,17711,14570,20346,22838,8123,17505,31663,68626,46209,13118,7588,4.15,0.007851827533377107
12061,Dahme-Spreewald,1363,169067,170791,83943,85124,4568,4635,6174,7251,4182,2763,5599,6770,10174,11242,9940,11473,15010,15732,12891,18021,22642,7792,15413,29550,63166,41403,13467,7813,4.62,0.008061892622451454
12062,Elbe-Elster,766,102638,101827,50832,51806,2354,2314,3132,4183,2426,1435,2684,3646,5660,5803,5286,6857,8817,10145,9194,12902,15800,3927,8011,15411,36060,29105,9313,3046,2.97,0.007463122820008184
12063,Havelland,1185,161909,162996,80121,81788,4057,4508,6203,7495,4551,3145,5892,6375,9309,10092,9623,11283,15694,15377,12044,16866,19395,7081,15601,28998,61772,38564,10980,7143,4.41,0.007318926063405987
12064,Märkisch-Oderland,1439,194328,195751,96483,97845,4844,5255,7311,8522,4841,2975,5446,6654,11266,12910,11587,12716,17375,20000,16243,21386,24997,8400,18176,30929,73913,49139,15194,6123,3.15,0.007405005969289037
12065,Oberhavel,1641,211249,212914,104111,107138,5332,5859,7907,9803,5879,3783,7339,7970,12275,13582,12594,14673,20020,20033,15926,22220,26054,9232,19978,37125,80715,50607,15257,8306,3.93,0.00776808410927389
12066,Oberspreewald-Lausitz,768,110476,109371,54307,56169,2599,2579,3508,4220,2415,1604,3155,4159,6395,6430,5805,7053,9221,10509,9196,13886,17742,4238,8622,17129,38143,30911,10328,3884,3.52,0.006951736123682972
12067,Oder-Spree,1431,178658,178803,87681,90977,4522,4456,6255,7410,4445,2778,5385,6243,10144,10889,9899,11255,15516,17200,15083,21397,25781,7515,15555,28289,63809,48239,15396,7487,4.19,0.00800971688925209
12068,Ostprignitz-Ruppin,704,99078,98861,49331,49747,2389,2478,3330,4039,2391,1645,3033,3837,5950,5996,5236,6174,8534,9915,8997,11717,13417,4008,8332,16463,35118,26968,7972,3552,3.59,0.007105512828276712
12069,Potsdam-Mittelmark,1583,214664,216566,106258,108406,5400,5922,8563,10787,6251,3951,6660,7180,11591,13466,13362,15377,20363,20840,16858,22659,25434,9383,21670,35604,83103,51963,14843,9006,4.2,0.007374315208884583
12070,Prignitz,500,76508,76158,37977,38531,1716,1742,2338,2923,1742,1235,2358,2946,4431,4106,3572,4658,6536,7880,6832,9571,11922,2916,5866,12422,26281,21588,7085,3157,4.13,0.00653526428608773
12071,Spree-Neiße,794,114429,113720,56269,58160,2532,2676,3650,4591,2598,1675,2733,3599,5826,6461,5785,7430,10197,12097,10763,14684,17132,4292,9284,15920,40956,33381,9887,3806,3.33,0.00693880047889958
12072,Teltow-Fläming,1521,168296,169997,83842,84454,4669,4649,6189,7526,4449,2884,6080,7116,11027,11331,9943,11354,15279,15641,12344,17260,20555,7911,15690,31536,63541,39370,11949,8836,5.25,0.009037647953605552
12073,Uckermark,846,119552,118947,58670,60882,2674,2893,3867,4947,2909,1765,3501,4420,6516,6655,6085,7238,10170,12136,10827,15132,17817,4498,9841,18718,41226,34151,10513,5047,4.22,0.007076418629550321
13003,"Rostock, Hansestadt",2042,208886,209191,102911,105975,5727,5383,6577,7457,4279,4246,13615,16064,17657,14325,10879,10893,13899,14876,13184,21049,28776,9235,15928,55404,64828,46670,17126,12982,6.21,0.009775667110289822
13004,"Schwerin, Landeshauptstadt",909,95818,95653,46054,49764,2689,2692,3373,3992,2370,1839,4403,5338,6784,6256,5207,5445,6697,7348,6900,10792,13693,4464,8305,20319,30745,23577,8243,8936,9.33,0.00948673526894738
13071,Mecklenburgische Seenplatte,1914,259130,258074,127108,132022,6048,6558,8893,10975,6530,4145,7877,10446,15533,15468,13927,15416,21427,25707,23522,31321,35337,10211,22258,43430,90073,70766,21336,8244,3.18,0.0073862540037818855
13072,Landkreis Rostock,1698,215113,215794,107111,108002,5527,6029,8139,9804,5592,3296,5744,7751,13041,14001,12282,13674,18991,21610,18468,24905,26259,9570,20342,34772,79734,55987,15389,6764,3.14,0.00789352572833813
13073,Vorpommern-Rügen,1571,224684,224702,110477,114207,5097,5465,7772,9254,5218,3491,7257,9276,13551,13861,12129,13434,18846,22096,19520,27087,31330,8587,18929,38091,79407,60983,18705,9376,4.17,0.006992042156984921
13074,Nordwestmecklenburg,1276,156729,157322,77899,78830,3948,4144,5721,6833,4128,2627,5447,6833,10147,10377,8882,10232,13385,14339,12844,17828,19014,6854,13976,28640,56890,39462,11500,5364,3.42,0.008141441596641336
13075,Vorpommern-Greifswald,1849,236697,235623,115881,120816,5733,5867,8063,9719,5571,3978,9631,11858,15315,14332,12363,13633,18379,22482,20451,27775,31547,9552,19810,45094,79757,62252,19158,10329,4.36,0.007811674841675222
13076,Ludwigslust-Parchim,1773,212618,211779,106198,106420,5359,5604,7471,8972,5450,3270,6373,8667,13034,13297,11912,13895,18628,21410,18883,24473,25920,9018,18543,35734,77768,55489,15227,10692,5.03,0.008338898870274388
14511,Chemnitz,2320,247237,246334,122248,124989,6989,6575,8357,9639,5540,4246,11476,15610,17916,15908,12979,13961,16400,17056,15944,31372,37269,11427,20414,53655,76096,62793,21949,20512,8.3,0.009383708749094997
14521,Erzgebirgskreis,2540,337696,334948,165218,172478,8044,8568,11783,14806,8426,5228,9563,11789,18076,20117,18792,21484,25016,28273,28404,49111,50216,13454,29456,51850,111700,97914,30574,6612,1.96,0.0075215578508481
14522,Mittelsachsen,2289,306185,304099,152310,153875,7462,7862,10708,12708,7552,4768,9956,12671,17671,18163,16685,19423,24257,26205,24257,39454,46383,12498,26343,51167,103044,83068,27979,10312,3.37,0.00747587243006679
14523,Vogtlandkreis,1647,227796,225997,111055,116741,5238,5394,7332,9195,5441,3541,6796,8483,12406,12974,12012,14677,17977,19626,18444,31433,36827,8712,18327,35778,75937,65559,21684,8121,3.57,0.007230153295053469
14524,Zwickau,2428,317531,315002,154978,162553,7628,7957,10444,12834,7746,5096,10300,12650,17979,18443,16546,20335,25214,26986,24680,42712,49981,12662,26077,52540,105694,88468,29561,10603,3.34,0.007646497507329993
14612,Dresden,6095,554649,556780,276729,277920,18374,17616,21577,23246,12310,11137,34843,43499,47825,41380,33418,31667,34620,33628,28311,51185,70013,29658,51935,148323,175921,109387,41556,41971,7.57,0.010988931738811393
14625,Bautzen,2388,300880,299758,148502,152378,7705,8228,11069,13347,7698,4634,7785,10448,16770,18250,17108,19264,24140,27379,24739,36448,45868,12995,27522,46285,104593,80743,27620,6249,2.08,0.00793671895772401
14626,Görlitz,1805,254894,252725,124905,129989,5962,6423,8618,10876,6167,3983,7954,8968,13662,14072,13218,15425,20195,23061,21014,33603,41693,9935,21846,39452,84118,72502,24872,11415,4.48,0.0070813750029424
14627,Meißen,1901,242165,241717,119304,122861,6001,6560,8999,10901,6358,3798,6471,8387,13626,15063,14008,15803,19710,21285,18786,28988,37421,10303,22306,37965,84906,63925,22312,7462,3.08,0.007850019614725498
14628,Sächsische Schweiz-Osterzgebirge,2048,245611,245586,121219,124392,6557,6897,9410,11345,6438,3924,6776,8773,14311,14980,14586,16025,19433,20665,18097,30281,37113,11047,23410,39650,85059,64330,22090,6671,2.72,0.008338388752946733
14713,Leipzig,6756,587857,593145,288553,299304,19734,18259,21148,22733,11946,11412,39257,51137,56833,46517,34789,32934,36235,34934,29778,51591,68620,31764,50974,171004,188265,110384,40754,54639,9.29,0.011492590885198271
14729,Leipzig,2054,257763,258139,126380,131383,6574,6938,9386,11483,6550,4058,6906,8978,14538,15743,15067,17609,22126,23391,20324,31653,36439,11286,23658,40234,93143,68375,21443,6142,2.38,0.00796856026660149
14730,Nordsachsen,1619,197673,197741,98218,99455,5058,5256,6925,8435,4988,3150,5570,7437,11834,12495,11292,13156,16778,18438,16223,23169,27469,8681,17392,32412,71342,51551,16363,7849,3.97,0.00819029407152216
15001,Dessau-Roßlau,539,81237,80103,39457,41780,1858,1829,2473,2953,1740,1128,2617,3588,4497,4492,3931,4811,6491,6986,6346,11162,14335,3004,5978,13140,26052,23571,8358,4526,5.57,0.006634907739084407
15002,Halle (Saale),2549,239257,238762,115713,123544,7210,6619,8530,9829,5410,5187,16510,17244,17840,15377,12531,14016,15569,15460,14173,26405,31347,11526,20575,61479,72927,54242,18013,22690,9.48,0.010653815771325395
15003,Magdeburg,2347,238697,237565,117828,120869,6921,6508,8093,9313,5130,4535,15239,17394,18499,15248,12118,13754,16263,17034,14761,25897,31990,11075,19691,59628,74127,54468,18576,22311,9.35,0.009832549215113721
15081,Altmarkkreis Salzwedel,636,83765,83173,41748,42017,2053,2261,2903,3608,2165,1346,2699,3397,5035,5053,4418,5460,7466,8450,7215,9366,10870,3471,7412,14127,30113,21494,6556,3077,3.67,0.007592669969557691
15082,Anhalt-Bitterfeld,1105,159854,158486,78326,81528,3588,3698,4975,6048,3678,2509,5072,6186,9033,9237,8427,10709,13434,15087,13802,20462,23909,6026,12413,25492,55806,45057,13692,5932,3.71,0.00691255770890938
15083,Börde,1272,171734,170923,85660,86074,4262,4640,6034,7497,4187,2745,5063,6985,10617,11139,9738,11998,15014,16607,14575,20124,20509,7219,15309,28676,63459,44149,12111,5613,3.27,0.007406803545017294
15084,Burgenlandkreis,1416,180190,178846,89353,90837,4228,4362,5616,7048,4081,2604,5484,7293,10517,10755,9287,11579,15357,16571,15185,22561,27662,7093,14194,29299,62237,49690,16333,9407,5.22,0.007858371718741328
15085,Harz,1519,214446,213310,105101,109345,4704,5018,6635,8400,5184,3373,6782,8564,12259,12581,11037,13993,17996,19849,17816,28408,31847,7980,16803,35466,74249,60389,18423,6471,3.02,0.007083368307172901
15086,Jerichower Land,701,89928,89589,44781,45147,2209,2358,2977,3628,2219,1385,2503,3323,5164,5371,4942,5995,7840,9054,7796,10853,12311,3757,7551,14205,32606,24255,7215,3128,3.48,0.007795124988879993
15087,Mansfeld-Südharz,869,136249,134942,66992,69257,2784,3066,4191,5204,3199,2089,3714,4896,7275,7533,6931,8839,11380,12978,12060,18726,21384,4709,10566,20536,46451,40156,12524,3920,2.88,0.006378028462594221
15088,Saalekreis,1377,184582,183815,91361,93221,4550,4680,6508,7854,4507,2783,5669,7126,10622,11759,10271,13095,15809,16853,15262,23374,23860,7600,16121,30185,66614,49633,13662,6729,3.65,0.007460099034575419
15089,Salzlandkreis,1348,190560,189125,93148,97412,4325,4545,5889,7571,4428,2968,6277,7680,10746,10896,9623,12647,16218,17830,15789,24584,28544,7217,15153,31501,65888,52986,16380,6057,3.18,0.007073887489504618
15090,Stendal,810,111982,111190,55278,56704,2630,2741,3764,4578,2885,1879,3641,4740,6663,6159,5606,7231,9810,11268,9863,13346,15178,4398,9349,19223,39168,30088,8964,4000,3.57,0.007233305352645961
15091,Wittenberg,922,125840,124953,61933,63907,2803,2876,3982,4852,2960,1846,3534,4794,6968,6917,6228,8230,10931,12036,10979,16395,19509,4681,9909,19500,43420,36086,11357,4270,3.39,0.007326764144945963
16051,Erfurt,2182,213699,213981,103920,109779,6380,6141,7602,8775,4893,4059,12378,14316,17126,14905,12143,12979,15033,15653,13891,22462,24963,10246,18714,52208,70598,47870,14345,17393,8.14,0.0102106233534083
16052,Gera,801,94152,93125,45517,48635,2383,2375,3099,3593,2068,1510,3282,4383,5807,5471,4597,5341,6952,8178,7837,12432,14844,3897,7534,16467,29813,26621,8793,6176,6.56,0.008507519755289319
16053,Jena,1120,111407,111343,55665,55742,3318,3233,3969,4454,2442,2178,8618,10274,10368,8167,5961,5907,6563,6327,5927,10464,13237,5355,9543,33455,33145,22301,7544,10735,9.64,0.010053228253161831
16054,Suhl,202,34835,36789,16960,17875,702,811,945,1143,695,535,1243,1487,1791,1757,1601,2114,2739,3090,2950,5511,5721,1262,2583,5989,11833,11706,3416,2654,7.62,0.005798765609300991
16055,Weimar,602,65090,65228,31655,33435,1888,1884,2434,2826,1603,1279,3655,4487,4831,4484,3735,3926,4494,4635,3984,6817,8128,3097,6013,15672,21259,14377,4810,5884,9.04,0.009248732524197265
16056,Eisenach,389,42370,42250,20874,21496,1132,1101,1415,1792,1046,722,1629,2174,2780,2780,2320,2793,3184,3581,2956,4734,6231,1881,3574,8185,14503,10467,3640,3475,8.2,0.009181024309653056
16061,Eichsfeld,930,100380,100006,50364,50016,2933,2954,3907,4624,2772,1637,3374,4436,6448,6766,6051,6427,7833,8529,7934,11722,12033,4888,9566,18050,35305,25270,6927,3505,3.49,0.009264793783622235
16062,Nordhausen,662,83822,83416,41477,42345,2055,2178,2812,3514,2078,1480,3554,3622,5167,4916,4184,5383,6703,7393,6696,10243,11844,3507,7092,15625,28083,22291,6818,3535,4.22,0.007897687957815371
16063,Wartburgkreis,914,123025,118974,61525,61500,2992,3326,4306,5043,3078,1900,3782,4928,7277,7801,6902,8405,9944,11679,10413,15111,16138,4930,10230,19822,42674,31960,9358,3697,3.01,0.007429384271489535
16064,Unstrut-Hainich-Kreis,872,102912,102232,51119,51793,2721,2796,3707,4643,2752,1623,3471,4400,6103,6504,5608,6817,8279,9334,8353,12176,13625,4542,9277,17822,35775,26768,8048,3754,3.65,0.008473258706467661
16065,Kyffhäuserkreis,515,75009,74212,37274,37735,1710,1772,2427,3083,1870,1207,2209,2904,4293,4304,3910,4849,6224,7144,6637,9922,10544,2803,6066,12066,25794,21447,6036,2027,2.7,0.006865842765534803
16066,Schmalkalden-Meiningen,903,122347,124916,61186,61161,2884,3166,3990,4764,2745,1889,4254,5056,7448,7545,6604,8009,9918,11481,10253,15375,16966,4969,10341,21523,43881,34060,10142,4498,3.68,0.007380646848717173
16067,Gotha,1092,135452,134908,67468,67984,3459,3567,4692,5679,3526,2273,4911,5811,8360,8663,7602,9255,10978,12036,10673,16296,17671,5717,11686,24273,47925,35092,10215,8402,6.2,0.008061896465168472
16068,Sömmerda,529,69655,69427,34762,34893,1808,1861,2478,3037,1801,1073,2131,2674,4116,4502,3978,4938,5778,6467,5912,8877,8224,3009,6226,11505,25273,18736,4678,1853,2.66,0.007594573253894192
16069,Hildburghausen,494,63553,63197,31766,31787,1541,1568,2171,2540,1507,957,2051,2713,3934,4256,3577,4270,5156,6008,5480,7609,8215,2567,5253,10860,22948,16668,4901,2087,3.28,0.0077730398250279295
16070,Ilm-Kreis,919,108742,106249,54633,54109,2732,2882,3602,4432,2501,1789,4539,5563,6948,6780,5735,6935,8644,9243,8370,13362,14685,4472,8997,20609,36119,27770,8282,6355,5.84,0.00845119640985084
16071,Weimarer Land,645,81947,82156,40645,41302,2129,2363,3226,3774,2183,1286,2586,3025,4784,5291,4908,5641,6845,7421,6875,10235,9375,3699,7955,13611,29896,21547,5448,3004,3.67,0.0078709409740442
16072,Sonneberg,373,56196,57717,27673,28523,1190,1290,1668,2137,1385,827,1882,2227,3182,3371,3031,3846,4554,5263,4749,7247,8347,2032,4399,9417,20471,16135,5263,2868,5.1,0.006637483094882198
16073,Saalfeld-Rudolstadt,759,106356,103199,52388,53968,2456,2514,3354,3973,2460,1543,3074,3914,5952,6132,5492,6930,8612,10040,9030,14052,16828,3987,8032,16133,35548,29651,9848,2952,2.78,0.007136409793523637
16074,Saale-Holzland-Kreis,656,83051,82950,41360,41691,2061,2211,2945,3407,2157,1388,2584,3045,4778,5249,4596,5499,7019,7742,6903,10586,10881,3398,7280,13670,29728,22639,6235,2645,3.18,0.00789876100227571
16075,Saale-Orla-Kreis,582,80868,80312,40119,40749,1946,2040,2749,3261,2027,1289,2492,3014,4552,4809,4437,5367,6628,7640,7043,10290,11284,3191,6772,12970,28382,22173,6824,2732,3.38,0.007196913488648167
16076,Greiz,658,98159,97398,48326,49833,2061,2444,3103,3882,2343,1411,2605,3013,5011,5522,5067,6280,8352,9423,9000,13188,15454,3603,7881,14002,33832,28824,9256,2260,2.3,0.006703409773938202
16077,Altenburger Land,638,90118,89393,44138,45980,1994,2009,2809,3508,2120,1332,2491,3026,4683,4974,4536,6055,7528,8047,7665,12669,14672,3286,6964,13334,30553,26601,8655,3138,3.48,0.007079606737832619
